aphia_id,species,sex,spatial_scale,ices_stock,ices_area,time_period,sample_size,l25_cm,l25_se_cm,l25_ci_lower_cm,l25_ci_upper_cm,l50_cm,l50_se_cm,l50_ci_lower_cm,l50_ci_upper_cm,l75_cm,l75_se_cm,l75_ci_lower_cm,l75_ci_upper_cm,model_auc,model_tjur_r2
126436,Gadus morhua,Combined,Global,NA,NA,NA,284877,15.76,0.08,15.6,15.92,26.67,0.05,26.58,26.77,37.59,0.05,37.48,37.69,0.81,0.27
127141,Platichthys flesus,Combined,Global,NA,NA,NA,65567,9.62,0.15,9.32,9.91,12.41,0.11,12.19,12.63,15.2,0.08,15.05,15.36,0.92,0.22
126417,Clupea harengus,Combined,Global,NA,NA,NA,269747,17.86,0.02,17.82,17.89,20.56,0.01,20.53,20.58,23.25,0.02,23.22,23.29,0.9,0.49
127143,Pleuronectes platessa,Combined,Global,NA,NA,NA,163910,12.59,0.06,12.48,12.7,17.75,0.04,17.68,17.82,22.91,0.03,22.84,22.97,0.82,0.3
127149,Scophthalmus maximus,Combined,Global,NA,NA,NA,6265,12.42,0.48,11.48,13.36,15.77,0.34,15.11,16.44,19.12,0.22,18.69,19.56,0.87,0.18
126425,Sprattus sprattus,Combined,Global,NA,NA,NA,62205,7.11,0.03,7.05,7.17,8.87,0.02,8.83,8.91,10.63,0.02,10.59,10.66,0.8,0.27
127160,Solea solea,Combined,Global,NA,NA,NA,20462,15.48,0.12,15.24,15.72,19.2,0.08,19.04,19.36,22.92,0.07,22.79,23.06,0.86,0.36
127139,Limanda limanda,Combined,Global,NA,NA,NA,25146,10.61,0.09,10.44,10.78,12.95,0.06,12.83,13.07,15.28,0.05,15.18,15.39,0.92,0.43
127150,Scophthalmus rhombus,Combined,Global,NA,NA,NA,2302,14.95,0.48,14.02,15.89,19.47,0.33,18.82,20.12,23.98,0.28,23.43,24.54,0.88,0.4
126438,Merlangius merlangus,Combined,Global,NA,NA,NA,212657,16.07,0.04,16.01,16.14,20.54,0.02,20.49,20.58,25,0.03,24.94,25.05,0.87,0.4
126437,Melanogrammus aeglefinus,Combined,Global,NA,NA,NA,148583,19.53,0.04,19.46,19.6,22.86,0.03,22.8,22.91,26.19,0.03,26.13,26.25,0.93,0.57
127136,Glyptocephalus cynoglossus,Combined,Global,NA,NA,NA,4987,20.79,0.41,19.98,21.59,29.53,0.24,29.05,30.01,38.28,0.43,37.43,39.12,0.72,0.15
126441,Pollachius virens,Combined,Global,NA,NA,NA,18193,42.16,0.16,41.84,42.49,49.43,0.13,49.19,49.68,56.71,0.18,56.35,57.06,0.85,0.38
126484,Merluccius merluccius,Combined,Global,NA,NA,NA,79005,26.25,0.08,26.09,26.41,35.76,0.09,35.59,35.94,45.28,0.15,44.98,45.58,0.81,0.25
126736,Osmerus eperlanus,Combined,Global,NA,NA,NA,148,7.64,0.57,6.53,8.76,8.97,0.39,8.2,9.73,10.29,0.44,9.43,11.15,0.94,0.45
126822,Trachurus trachurus,Combined,Global,NA,NA,NA,15130,17.73,0.06,17.61,17.85,19.61,0.05,19.52,19.7,21.49,0.05,21.38,21.6,0.95,0.63
126426,Engraulis encrasicolus,Combined,Global,NA,NA,NA,788,9.99,0.3,9.39,10.58,11.5,0.2,11.11,11.9,13.02,0.16,12.71,13.33,0.87,0.35
127023,Scomber scombrus,Combined,Global,NA,NA,NA,33829,24.75,0.04,24.67,24.83,26.89,0.03,26.82,26.95,29.02,0.04,28.94,29.1,0.94,0.59
126444,Trisopterus esmarkii,Combined,Global,NA,NA,NA,37056,10.39,0.03,10.33,10.45,11.96,0.02,11.92,12.01,13.54,0.02,13.49,13.59,0.89,0.42
150637,Eutrigla gurnardus,Combined,Global,NA,NA,NA,5452,12.62,0.26,12.12,13.12,15.29,0.17,14.95,15.63,17.97,0.13,17.72,18.22,0.89,0.34
126986,Mullus surmuletus,Combined,Global,NA,NA,NA,1988,12.52,0.24,12.05,13,15.91,0.16,15.59,16.23,19.3,0.24,18.82,19.77,0.81,0.27
126554,Lophius budegassa,Combined,Global,NA,NA,NA,3881,28.66,0.45,27.78,29.54,38.25,0.35,37.56,38.94,47.85,0.5,46.86,48.83,0.85,0.36
126975,Dicentrarchus labrax,Combined,Global,NA,NA,NA,3864,24.42,0.5,23.44,25.4,28.43,0.34,27.76,29.09,32.44,0.24,31.96,32.91,0.89,0.29
126555,Lophius piscatorius,Combined,Global,NA,NA,NA,4307,40.33,0.41,39.53,41.13,48.72,0.4,47.93,49.5,57.1,0.54,56.05,58.15,0.94,0.58
127262,Chelidonichthys lucerna,Combined,Global,NA,NA,NA,109,22.35,1.16,20.07,24.62,26.26,0.81,24.67,27.86,30.18,1.17,27.9,32.46,0.81,0.29
127140,Microstomus kitt,Combined,Global,NA,NA,NA,17071,9.96,0.22,9.54,10.39,13.45,0.14,13.16,13.73,16.93,0.09,16.75,17.11,0.83,0.22
150630,Echiichthys vipera,Combined,Global,NA,NA,NA,62,10.68,0.87,8.97,12.38,12.56,0.48,11.62,13.49,14.44,0.76,12.94,15.94,0.72,0.15
105876,Leucoraja naevus,Combined,Global,NA,NA,NA,82,44.8,1.9,41.08,48.53,49.56,1.43,46.77,52.35,54.32,1.65,51.09,57.54,0.91,0.53
105883,Raja clavata,Combined,Global,NA,NA,NA,227,46.52,2.43,41.76,51.29,54.68,1.65,51.45,57.92,62.84,1.45,60,65.69,0.92,0.43
105887,Raja montagui,Combined,Global,NA,NA,NA,54,38.65,1.76,35.2,42.1,41.94,1.47,39.07,44.82,45.24,1.7,41.91,48.57,0.95,0.67
127259,Chelidonichthys cuculus,Combined,Global,NA,NA,NA,2414,17.51,0.34,16.85,18.17,21.68,0.22,21.24,22.12,25.85,0.23,25.4,26.3,0.85,0.36
126421,Sardina pilchardus,Combined,Global,NA,NA,NA,978,6.22,1.01,4.24,8.19,8.89,0.72,7.47,10.3,11.56,0.49,10.6,12.51,0.88,0.12
126445,Trisopterus luscus,Combined,Global,NA,NA,NA,3937,13.87,0.29,13.3,14.44,18.15,0.19,17.78,18.52,22.43,0.18,22.08,22.78,0.84,0.32
127146,Lepidorhombus whiffiagonis,Combined,Global,NA,NA,NA,1110,18.38,0.33,17.73,19.03,20.79,0.31,20.18,21.39,23.19,0.37,22.47,23.92,0.98,0.78
126461,Molva molva,Combined,Global,NA,NA,NA,78,48.24,3.94,40.52,55.95,58.15,3.15,51.98,64.31,68.05,4.11,60,76.11,0.92,0.53
105812,Galeus melastomus,Combined,Global,NA,NA,NA,83,42.7,2.56,37.67,47.72,46.76,2.11,42.64,50.89,50.83,2.06,46.79,54.87,0.99,0.77
126460,Molva macrophthalma,Combined,Global,NA,NA,NA,251,66.22,2.45,61.42,71.02,79.9,1.92,76.12,83.67,93.58,3.05,87.59,99.56,0.81,0.28
105820,Galeorhinus galeus,Combined,Global,NA,NA,NA,53,86.63,2.83,81.08,92.18,91.61,2.7,86.31,96.91,96.58,3.4,89.93,103.24,0.97,0.75
105891,Raja undulata,Combined,Global,NA,NA,NA,239,64.81,1.16,62.54,67.09,68.99,0.98,67.07,70.91,73.17,1.13,70.95,75.38,0.97,0.76
105815,Scyliorhinus stellaris,Combined,Global,NA,NA,NA,220,72.31,2.68,67.06,77.57,83.46,2.15,79.25,87.67,94.6,2.38,89.95,99.26,0.92,0.61
105923,Squalus acanthias,Combined,Global,NA,NA,NA,78,55.35,2.75,49.96,60.74,62.32,2.25,57.92,66.73,69.3,2.63,64.14,74.46,0.92,0.61
105865,Amblyraja radiata,Combined,Global,NA,NA,NA,333,31.67,0.77,30.17,33.18,35.27,0.53,34.23,36.3,38.86,0.55,37.79,39.94,0.89,0.47
126439,Micromesistius poutassou,Combined,Global,NA,NA,NA,10521,18.17,0.06,18.04,18.3,20.31,0.05,20.21,20.4,22.44,0.06,22.32,22.57,0.88,0.44
105814,Scyliorhinus canicula,Combined,Global,NA,NA,NA,33,42.86,17.49,8.57,77.15,67.07,8.38,50.64,83.49,91.27,22.5,47.18,135.36,0.59,0.05
105913,Etmopterus spinax,Combined,Global,NA,NA,NA,160,28.65,0.62,27.43,29.88,31.31,0.57,30.2,32.42,33.96,0.78,32.43,35.5,0.9,0.48
126751,Ammodytes marinus,Combined,Global,NA,NA,NA,58511,10.44,0.01,10.41,10.46,11.29,0.01,11.27,11.32,12.15,0.02,12.11,12.18,0.97,0.71
127145,Lepidorhombus boscii,Combined,Global,NA,NA,NA,7936,17.52,0.09,17.35,17.7,19.46,0.07,19.32,19.6,21.4,0.08,21.24,21.56,0.95,0.68
127251,Helicolenus dactylopterus,Combined,Global,NA,NA,NA,3448,30.59,0.4,29.8,31.38,39.05,0.73,37.62,40.48,47.51,1.18,45.21,49.82,0.74,0.11
126436,Gadus morhua,M,Global,NA,NA,NA,142907,11.53,0.15,11.24,11.82,23.04,0.08,22.88,23.2,34.55,0.08,34.4,34.7,0.78,0.2
126436,Gadus morhua,F,Global,NA,NA,NA,134850,19.23,0.11,19.03,19.44,29.87,0.07,29.74,30,40.51,0.08,40.35,40.66,0.82,0.3
127141,Platichthys flesus,M,Global,NA,NA,NA,29439,9.86,0.2,9.47,10.24,12.16,0.15,11.87,12.45,14.46,0.11,14.25,14.67,0.92,0.21
127141,Platichthys flesus,F,Global,NA,NA,NA,36059,10.48,0.2,10.1,10.87,13.51,0.15,13.22,13.79,16.53,0.11,16.32,16.74,0.94,0.25
126417,Clupea harengus,F,Global,NA,NA,NA,127767,17.56,0.03,17.51,17.62,20.37,0.02,20.33,20.41,23.18,0.02,23.13,23.22,0.88,0.44
126417,Clupea harengus,M,Global,NA,NA,NA,114778,17.39,0.03,17.33,17.44,20.27,0.02,20.23,20.31,23.15,0.02,23.1,23.2,0.88,0.42
127143,Pleuronectes platessa,M,Global,NA,NA,NA,69780,9.96,0.1,9.76,10.17,15.26,0.06,15.14,15.39,20.56,0.05,20.47,20.66,0.77,0.21
127143,Pleuronectes platessa,F,Global,NA,NA,NA,92088,16.02,0.06,15.89,16.14,20.41,0.04,20.33,20.5,24.81,0.04,24.73,24.89,0.87,0.39
127149,Scophthalmus maximus,M,Global,NA,NA,NA,3066,12.32,0.63,11.09,13.56,14.93,0.46,14.03,15.83,17.54,0.31,16.93,18.15,0.88,0.17
127149,Scophthalmus maximus,F,Global,NA,NA,NA,3194,16.02,0.46,15.12,16.92,19.12,0.33,18.48,19.75,22.21,0.24,21.74,22.68,0.9,0.32
126425,Sprattus sprattus,M,Global,NA,NA,NA,25620,6.54,0.06,6.43,6.65,8.22,0.04,8.15,8.29,9.9,0.03,9.85,9.95,0.78,0.2
126425,Sprattus sprattus,F,Global,NA,NA,NA,33183,7.02,0.05,6.92,7.12,8.94,0.03,8.88,9,10.86,0.03,10.81,10.91,0.78,0.24
127160,Solea solea,M,Global,NA,NA,NA,8875,12.7,0.24,12.24,13.17,16.77,0.15,16.48,17.07,20.84,0.11,20.62,21.06,0.8,0.28
127160,Solea solea,F,Global,NA,NA,NA,11507,18.69,0.12,18.45,18.93,21.63,0.09,21.46,21.8,24.58,0.08,24.42,24.74,0.91,0.49
127139,Limanda limanda,F,Global,NA,NA,NA,15629,11.5,0.11,11.28,11.72,13.84,0.08,13.68,14,16.18,0.07,16.04,16.32,0.93,0.47
127139,Limanda limanda,M,Global,NA,NA,NA,9399,10.07,0.13,9.82,10.32,12.18,0.09,12.01,12.35,14.28,0.07,14.14,14.42,0.9,0.38
127150,Scophthalmus rhombus,F,Global,NA,NA,NA,1254,17.53,0.58,16.39,18.66,21.47,0.42,20.64,22.3,25.42,0.38,24.66,26.17,0.93,0.49
127150,Scophthalmus rhombus,M,Global,NA,NA,NA,1048,13.03,0.75,11.56,14.5,17.91,0.5,16.92,18.89,22.78,0.41,21.98,23.59,0.83,0.34
126438,Merlangius merlangus,F,Global,NA,NA,NA,115598,17.86,0.05,17.77,17.95,22.04,0.03,21.98,22.11,26.22,0.04,26.15,26.29,0.89,0.45
126438,Merlangius merlangus,M,Global,NA,NA,NA,93516,14.66,0.05,14.56,14.77,19.08,0.04,19.01,19.15,23.49,0.04,23.41,23.57,0.84,0.33
126437,Melanogrammus aeglefinus,M,Global,NA,NA,NA,67400,18.25,0.05,18.16,18.35,21.33,0.04,21.25,21.4,24.4,0.04,24.32,24.48,0.93,0.55
127136,Glyptocephalus cynoglossus,F,Global,NA,NA,NA,2841,23.94,0.45,23.05,24.83,31.68,0.29,31.1,32.25,39.41,0.49,38.45,40.38,0.74,0.18
126437,Melanogrammus aeglefinus,F,Global,NA,NA,NA,80655,21.58,0.05,21.49,21.68,24.68,0.04,24.6,24.75,27.77,0.04,27.7,27.85,0.94,0.62
126441,Pollachius virens,F,Global,NA,NA,NA,8406,42.91,0.23,42.45,43.37,49.95,0.18,49.6,50.31,56.99,0.26,56.48,57.49,0.86,0.39
126484,Merluccius merluccius,F,Global,NA,NA,NA,35468,38.02,0.11,37.81,38.23,44.84,0.13,44.58,45.11,51.67,0.19,51.28,52.05,0.91,0.44
126484,Merluccius merluccius,M,Global,NA,NA,NA,35054,21.34,0.08,21.17,21.51,26.38,0.06,26.27,26.5,31.42,0.08,31.26,31.59,0.83,0.32
126441,Pollachius virens,M,Global,NA,NA,NA,9437,41.23,0.24,40.76,41.7,48.83,0.18,48.48,49.18,56.44,0.26,55.93,56.94,0.84,0.36
127136,Glyptocephalus cynoglossus,M,Global,NA,NA,NA,2079,18.24,0.67,16.92,19.57,26.52,0.36,25.83,27.22,34.8,0.61,33.6,36,0.7,0.13
126822,Trachurus trachurus,F,Global,NA,NA,NA,7009,17.55,0.09,17.37,17.73,19.51,0.07,19.38,19.65,21.48,0.08,21.33,21.64,0.93,0.55
126426,Engraulis encrasicolus,M,Global,NA,NA,NA,385,9.41,0.56,8.3,10.51,11.14,0.36,10.43,11.86,12.88,0.25,12.38,13.38,0.84,0.23
126426,Engraulis encrasicolus,F,Global,NA,NA,NA,372,9.57,0.6,8.4,10.75,11.22,0.39,10.44,11.99,12.86,0.26,12.35,13.37,0.83,0.25
127023,Scomber scombrus,M,Global,NA,NA,NA,16659,25.09,0.06,24.97,25.21,27.22,0.05,27.13,27.31,29.35,0.05,29.24,29.46,0.93,0.59
127023,Scomber scombrus,F,Global,NA,NA,NA,16542,24.39,0.06,24.27,24.51,26.51,0.05,26.42,26.6,28.63,0.06,28.53,28.74,0.93,0.58
126822,Trachurus trachurus,M,Global,NA,NA,NA,6848,17.79,0.09,17.62,17.96,19.56,0.07,19.43,19.69,21.33,0.08,21.18,21.47,0.94,0.59
126444,Trisopterus esmarkii,F,Global,NA,NA,NA,21148,11.38,0.03,11.31,11.44,12.64,0.03,12.59,12.69,13.89,0.03,13.84,13.95,0.93,0.54
126444,Trisopterus esmarkii,M,Global,NA,NA,NA,15510,9.3,0.06,9.19,9.42,11.15,0.04,11.07,11.22,12.99,0.04,12.91,13.07,0.83,0.29
150637,Eutrigla gurnardus,M,Global,NA,NA,NA,2347,11.48,0.47,10.56,12.4,14.76,0.31,14.16,15.36,18.04,0.2,17.64,18.44,0.83,0.24
126986,Mullus surmuletus,F,Global,NA,NA,NA,1128,11.8,0.44,10.93,12.67,16.28,0.27,15.75,16.82,20.76,0.44,19.9,21.62,0.77,0.21
126986,Mullus surmuletus,M,Global,NA,NA,NA,804,12.95,0.28,12.4,13.49,15.32,0.19,14.94,15.7,17.69,0.25,17.19,18.19,0.85,0.35
126554,Lophius budegassa,F,Global,NA,NA,NA,1882,40.48,0.55,39.4,41.57,48.93,0.52,47.91,49.94,57.37,0.72,55.96,58.79,0.89,0.46
126975,Dicentrarchus labrax,F,Global,NA,NA,NA,1904,26.72,0.53,25.68,27.76,29.73,0.37,29,30.45,32.73,0.29,32.17,33.3,0.94,0.38
126975,Dicentrarchus labrax,M,Global,NA,NA,NA,1960,22.34,0.87,20.63,24.04,27.21,0.58,26.07,28.36,32.09,0.39,31.33,32.85,0.85,0.22
126555,Lophius piscatorius,M,Global,NA,NA,NA,1804,39.12,0.41,38.32,39.92,43.61,0.37,42.89,44.33,48.1,0.45,47.21,48.99,0.97,0.72
126555,Lophius piscatorius,F,Global,NA,NA,NA,1763,43.81,0.82,42.21,45.41,56.3,0.86,54.62,57.98,68.78,1.23,66.38,71.18,0.89,0.45
126554,Lophius budegassa,M,Global,NA,NA,NA,1721,26.08,0.37,25.35,26.8,30.13,0.28,29.59,30.68,34.19,0.31,33.57,34.8,0.93,0.54
127262,Chelidonichthys lucerna,F,Global,NA,NA,NA,62,23.55,1.31,20.98,26.11,26.52,0.88,24.79,28.25,29.49,1.1,27.33,31.66,0.85,0.36
127262,Chelidonichthys lucerna,M,Global,NA,NA,NA,47,21.33,2.05,17.33,25.34,26.5,1.64,23.27,29.72,31.66,2.9,25.98,37.34,0.75,0.18
127140,Microstomus kitt,F,Global,NA,NA,NA,9747,11.31,0.25,10.81,11.8,14.8,0.17,14.47,15.13,18.3,0.11,18.07,18.52,0.84,0.26
127140,Microstomus kitt,M,Global,NA,NA,NA,7266,10.02,0.3,9.42,10.62,12.76,0.21,12.35,13.17,15.5,0.13,15.23,15.76,0.84,0.22
127259,Chelidonichthys cuculus,F,Global,NA,NA,NA,1601,16.06,0.53,15.01,17.11,20.55,0.35,19.86,21.23,25.03,0.3,24.44,25.62,0.84,0.33
127259,Chelidonichthys cuculus,M,Global,NA,NA,NA,764,18.66,0.49,17.69,19.63,22.82,0.33,22.19,23.46,26.99,0.44,26.13,27.85,0.8,0.27
126421,Sardina pilchardus,F,Global,NA,NA,NA,537,7.83,1.09,5.7,9.96,10.1,0.79,8.55,11.65,12.38,0.56,11.27,13.49,0.92,0.17
126445,Trisopterus luscus,M,Global,NA,NA,NA,1905,13.24,0.41,12.44,14.04,17.04,0.26,16.54,17.54,20.84,0.22,20.41,21.28,0.82,0.28
126445,Trisopterus luscus,F,Global,NA,NA,NA,1997,15.38,0.4,14.6,16.16,19.74,0.27,19.21,20.28,24.1,0.26,23.58,24.62,0.86,0.37
127146,Lepidorhombus whiffiagonis,F,Global,NA,NA,NA,869,18.92,0.49,17.96,19.88,21.52,0.41,20.72,22.32,24.13,0.43,23.28,24.97,0.98,0.76
127146,Lepidorhombus whiffiagonis,M,Global,NA,NA,NA,239,17.71,0.27,17.17,18.24,18.66,0.28,18.11,19.21,19.61,0.37,18.89,20.34,0.98,0.81
126460,Molva macrophthalma,F,Global,NA,NA,NA,123,63.76,3.1,57.68,69.84,73.2,2.14,69.01,77.38,82.63,2.4,77.92,87.34,0.86,0.41
150637,Eutrigla gurnardus,F,Global,NA,NA,NA,3050,13.44,0.32,12.8,14.07,15.61,0.23,15.17,16.06,17.79,0.17,17.46,18.12,0.93,0.38
105865,Amblyraja radiata,M,Global,NA,NA,NA,278,30.99,0.82,29.38,32.61,34.17,0.58,33.04,35.3,37.35,0.55,36.27,38.43,0.92,0.53
126439,Micromesistius poutassou,M,Global,NA,NA,NA,4785,18.33,0.07,18.19,18.47,19.86,0.06,19.75,19.98,21.39,0.07,21.25,21.54,0.91,0.54
126439,Micromesistius poutassou,F,Global,NA,NA,NA,5645,18.04,0.11,17.82,18.25,20.66,0.08,20.5,20.82,23.29,0.1,23.09,23.49,0.85,0.38
105865,Amblyraja radiata,F,Global,NA,NA,NA,55,37.51,1.43,34.7,40.32,41.32,1.39,38.6,44.05,45.13,2.22,40.77,49.49,0.84,0.3
105913,Etmopterus spinax,F,Global,NA,NA,NA,43,23.39,2.11,19.25,27.53,27.63,1.54,24.62,30.64,31.86,1.9,28.14,35.58,0.85,0.4
105913,Etmopterus spinax,M,Global,NA,NA,NA,117,30.36,0.55,29.29,31.43,32.07,0.52,31.05,33.09,33.78,0.69,32.43,35.13,0.94,0.6
126751,Ammodytes marinus,M,Global,NA,NA,NA,9575,8.12,0.09,7.94,8.3,9.35,0.06,9.23,9.47,10.58,0.04,10.5,10.67,0.88,0.24
126751,Ammodytes marinus,F,Global,NA,NA,NA,11493,9.6,0.04,9.52,9.69,10.76,0.03,10.7,10.81,11.91,0.03,11.85,11.97,0.89,0.41
127145,Lepidorhombus boscii,F,Global,NA,NA,NA,5472,17.03,0.15,16.72,17.33,19.29,0.12,19.07,19.52,21.56,0.11,21.34,21.78,0.93,0.62
127145,Lepidorhombus boscii,M,Global,NA,NA,NA,2442,17.97,0.09,17.8,18.15,19.25,0.08,19.09,19.41,20.53,0.11,20.33,20.74,0.96,0.67
127251,Helicolenus dactylopterus,F,Global,NA,NA,NA,1520,30.89,0.73,29.46,32.33,38.24,1.3,35.7,40.79,45.59,1.96,41.75,49.43,0.74,0.1
127251,Helicolenus dactylopterus,M,Global,NA,NA,NA,1928,30.09,0.53,29.06,31.13,39.67,0.98,37.75,41.59,49.24,1.67,45.98,52.51,0.72,0.1
126436,Gadus morhua,Combined,Stock,cod.27.24-32,NA,NA,133941,16.25,0.08,16.09,16.41,22.8,0.05,22.69,22.9,29.35,0.05,29.25,29.44,0.86,0.34
126436,Gadus morhua,Combined,Stock,cod.27.22-24,NA,NA,28359,18.11,0.18,17.76,18.46,26.81,0.13,26.56,27.06,35.51,0.15,35.21,35.81,0.87,0.4
126436,Gadus morhua,Combined,Stock,cod.27.46a7d20,NA,NA,57938,38.11,0.13,37.87,38.36,49.3,0.12,49.06,49.54,60.49,0.18,60.14,60.84,0.88,0.42
126436,Gadus morhua,Combined,Stock,cod.27.21,NA,NA,15932,23.79,0.21,23.37,24.21,33.95,0.19,33.57,34.33,44.11,0.3,43.53,44.7,0.85,0.35
127141,Platichthys flesus,Combined,Stock,bzq.27.2425,NA,NA,25760,12.29,0.17,11.96,12.62,14.4,0.12,14.16,14.64,16.52,0.09,16.34,16.7,0.94,0.35
127141,Platichthys flesus,Combined,Stock,bzq.27.2628,NA,NA,30800,6.88,0.29,6.3,7.46,10.32,0.22,9.89,10.75,13.76,0.15,13.47,14.06,0.9,0.14
126417,Clupea harengus,Combined,Stock,her.27.20-24,NA,NA,57181,21.38,0.03,21.33,21.44,23.44,0.03,23.38,23.5,25.5,0.04,25.42,25.57,0.92,0.5
127141,Platichthys flesus,Combined,Stock,bwp.27.2729-32,NA,NA,2480,13.63,0.38,12.88,14.38,15.32,0.27,14.78,15.85,17,0.19,16.63,17.38,0.93,0.3
127143,Pleuronectes platessa,Combined,Stock,ple.27.21-32,NA,NA,75741,8.01,0.14,7.74,8.28,13.39,0.09,13.21,13.56,18.76,0.06,18.65,18.87,0.8,0.2
126417,Clupea harengus,Combined,Stock,her.27.25-2932,NA,NA,48958,12.94,0.04,12.85,13.02,14.88,0.03,14.82,14.93,16.82,0.03,16.76,16.87,0.9,0.47
126425,Sprattus sprattus,Combined,Stock,spr.27.22-32,NA,NA,12094,3.91,0.26,3.41,4.42,6.38,0.17,6.04,6.71,8.84,0.09,8.65,9.03,0.7,0.09
127141,Platichthys flesus,Combined,Stock,fle.27.2223,NA,NA,5781,13.1,0.38,12.36,13.84,14.64,0.29,14.07,15.21,16.18,0.24,15.72,16.65,0.98,0.52
127160,Solea solea,Combined,Stock,sol.27.20-24,NA,NA,1303,14.55,0.57,13.43,15.67,18.54,0.37,17.83,19.26,22.53,0.29,21.96,23.1,0.83,0.31
127139,Limanda limanda,Combined,Stock,dab.27.22-32,NA,NA,15044,10.48,0.1,10.28,10.68,12.25,0.07,12.11,12.4,14.03,0.07,13.89,14.16,0.96,0.54
127150,Scophthalmus rhombus,Combined,Stock,bll.27.22-32,NA,NA,518,13.71,0.8,12.14,15.27,16.76,0.52,15.74,17.78,19.81,0.45,18.92,20.7,0.91,0.33
127143,Pleuronectes platessa,Combined,Stock,ple.27.420,NA,NA,75839,16.41,0.06,16.29,16.52,21.2,0.04,21.12,21.28,26,0.05,25.9,26.1,0.85,0.37
127139,Limanda limanda,Combined,Stock,dab.27.3a4,NA,NA,9871,11.05,0.13,10.79,11.3,13.73,0.09,13.56,13.9,16.41,0.08,16.26,16.56,0.87,0.35
127141,Platichthys flesus,Combined,Stock,fle.27.3a4,NA,NA,613,13.77,0.78,12.23,15.3,16.11,0.57,15,17.22,18.46,0.44,17.6,19.32,0.92,0.44
127150,Scophthalmus rhombus,Combined,Stock,bll.27.3a47de,NA,NA,1779,16.84,0.51,15.84,17.84,21.07,0.36,20.37,21.76,25.29,0.3,24.7,25.89,0.89,0.45
126438,Merlangius merlangus,Combined,Stock,whg.27.3a,NA,NA,15237,18.4,0.1,18.2,18.6,22.77,0.08,22.61,22.94,27.15,0.12,26.92,27.38,0.86,0.39
127136,Glyptocephalus cynoglossus,Combined,Stock,wit.27.3a47d,NA,NA,4650,20.6,0.43,19.75,21.45,29.6,0.26,29.09,30.12,38.61,0.47,37.68,39.54,0.72,0.14
126441,Pollachius virens,Combined,Stock,pok.27.3a46,NA,NA,18165,42.17,0.16,41.85,42.49,49.44,0.13,49.19,49.69,56.71,0.18,56.36,57.06,0.85,0.38
126484,Merluccius merluccius,Combined,Stock,hke.27.3a46-8abd,NA,NA,12231,31.84,0.24,31.37,32.31,41.53,0.22,41.1,41.97,51.22,0.32,50.59,51.86,0.88,0.43
126437,Melanogrammus aeglefinus,Combined,Stock,had.27.46a20,NA,NA,125894,19.74,0.04,19.66,19.82,22.99,0.03,22.93,23.05,26.24,0.03,26.18,26.3,0.93,0.57
127023,Scomber scombrus,Combined,Stock,mac.27.nea,NA,NA,33829,24.75,0.04,24.67,24.83,26.89,0.03,26.82,26.95,29.02,0.04,28.94,29.1,0.94,0.59
126444,Trisopterus esmarkii,Combined,Stock,nop.27.3a4,NA,NA,26467,10.46,0.03,10.39,10.53,11.95,0.03,11.9,12,13.45,0.03,13.39,13.5,0.9,0.45
127160,Solea solea,Combined,Stock,sol.27.8ab,NA,NA,10539,19.39,0.12,19.15,19.63,22.29,0.08,22.13,22.46,25.2,0.08,25.04,25.36,0.89,0.47
126986,Mullus surmuletus,Combined,Stock,mur.27.67a-ce-k89a,NA,NA,1430,13.43,0.28,12.89,13.97,16.99,0.2,16.59,17.39,20.55,0.31,19.93,21.17,0.83,0.3
126554,Lophius budegassa,Combined,Stock,ank.27.78abd,NA,NA,2501,27.32,0.54,26.27,28.37,36.23,0.41,35.42,37.04,45.14,0.56,44.04,46.25,0.86,0.39
126975,Dicentrarchus labrax,Combined,Stock,bss.27.8ab,NA,NA,508,30.39,0.9,28.62,32.15,33.29,0.61,32.1,34.48,36.19,0.47,35.26,37.11,0.91,0.35
126555,Lophius piscatorius,Combined,Stock,mon.27.78abd,NA,NA,1367,33.57,0.76,32.07,35.06,42.12,0.64,40.86,43.38,50.68,0.79,49.13,52.23,0.93,0.57
126438,Merlangius merlangus,Combined,Stock,whg.27.89a,NA,NA,925,17.84,0.51,16.83,18.84,23,0.38,22.25,23.75,28.17,0.52,27.16,29.18,0.85,0.35
127149,Scophthalmus maximus,Combined,Stock,tur.27.4,NA,NA,2116,16.53,0.4,15.74,17.31,19.86,0.27,19.33,20.38,23.19,0.23,22.74,23.63,0.9,0.37
127160,Solea solea,Combined,Stock,sol.27.4,NA,NA,8186,13.74,0.18,13.4,14.09,16.67,0.12,16.43,16.91,19.6,0.1,19.4,19.79,0.89,0.42
127140,Microstomus kitt,Combined,Stock,lem.27.3a47d,NA,NA,17071,9.96,0.22,9.54,10.39,13.45,0.14,13.16,13.73,16.93,0.09,16.75,17.11,0.83,0.22
105876,Leucoraja naevus,Combined,Stock,rjn.27.3a4,NA,NA,77,44.37,1.81,40.82,47.91,48.6,1.39,45.88,51.32,52.84,1.57,49.76,55.92,0.93,0.59
105883,Raja clavata,Combined,Stock,rjc.27.3a47d,NA,NA,124,40.69,3.45,33.92,47.46,50.54,2.39,45.86,55.22,60.39,2.34,55.8,64.98,0.9,0.41
105887,Raja montagui,Combined,Stock,rjm.27.3a47d,NA,NA,53,39.35,1.15,37.1,41.6,41.1,1.02,39.1,43.11,42.86,1.34,40.22,45.49,0.98,0.77
127259,Chelidonichthys cuculus,Combined,Stock,gur.27.3-8,NA,NA,2409,17.48,0.34,16.82,18.14,21.66,0.22,21.22,22.1,25.84,0.23,25.39,26.29,0.85,0.36
126438,Merlangius merlangus,Combined,Stock,whg.27.7b-ce-k,NA,NA,5286,16.32,0.32,15.69,16.94,21.97,0.21,21.56,22.39,27.63,0.21,27.22,28.04,0.85,0.36
126436,Gadus morhua,Combined,Stock,cod.27.7e-k,NA,NA,164,26.56,5.37,16.04,37.08,42.76,3.17,36.54,48.98,58.96,3.31,52.47,65.45,0.79,0.22
126437,Melanogrammus aeglefinus,Combined,Stock,had.27.7b-k,NA,NA,4231,16.65,0.46,15.75,17.54,22.76,0.3,22.16,23.35,28.87,0.28,28.31,29.42,0.89,0.42
126421,Sardina pilchardus,Combined,Stock,pil.27.8abd,NA,NA,100,13.91,0.51,12.91,14.91,15.15,0.39,14.39,15.91,16.39,0.38,15.64,17.13,0.91,0.58
126484,Merluccius merluccius,Combined,Stock,hke.27.8c9a,NA,NA,66756,25.72,0.08,25.56,25.88,34.36,0.09,34.19,34.54,43,0.15,42.71,43.3,0.79,0.22
127160,Solea solea,Combined,Stock,sol.27.7fg,NA,NA,227,17.41,1.69,14.1,20.72,20.42,1.12,18.22,22.62,23.43,0.72,22.03,24.84,0.85,0.22
127146,Lepidorhombus whiffiagonis,Combined,Stock,meg.27.7b-k8abd,NA,NA,1077,18.42,0.32,17.78,19.05,20.65,0.31,20.04,21.26,22.89,0.38,22.14,23.64,0.99,0.8
126554,Lophius budegassa,Combined,Stock,ank.27.8c9a,NA,NA,1372,31.57,0.77,30.07,33.07,42.06,0.66,40.76,43.36,52.55,1.03,50.52,54.58,0.84,0.31
126461,Molva molva,Combined,Stock,lin.27.346-91214,NA,NA,78,48.24,3.94,40.52,55.95,58.15,3.15,51.98,64.31,68.05,4.11,60,76.11,0.92,0.53
126975,Dicentrarchus labrax,Combined,Stock,bss.27.4bc7ad-h,NA,NA,3355,24.21,0.52,23.19,25.23,28.1,0.35,27.41,28.79,31.99,0.25,31.5,32.49,0.9,0.3
126555,Lophius piscatorius,Combined,Stock,mon.27.8c9a,NA,NA,2694,46.4,0.56,45.29,47.5,54.53,0.62,53.31,55.74,62.65,0.83,61.03,64.28,0.96,0.59
126438,Merlangius merlangus,Combined,Stock,whg.27.47d,NA,NA,122567,15.38,0.05,15.28,15.47,19.5,0.03,19.43,19.56,23.61,0.03,23.55,23.68,0.88,0.43
127143,Pleuronectes platessa,Combined,Stock,ple.27.7d,NA,NA,6944,13.2,0.34,12.55,13.86,17.39,0.22,16.96,17.81,21.57,0.15,21.27,21.86,0.85,0.23
127143,Pleuronectes platessa,Combined,Stock,ple.27.7e,NA,NA,161,19.15,1.22,16.76,21.53,22.51,0.84,20.86,24.17,25.88,0.79,24.32,27.44,0.9,0.43
126822,Trachurus trachurus,Combined,Stock,hom.27.4bc7d,NA,NA,616,12.35,1.08,10.23,14.46,14.89,0.8,13.32,16.46,17.44,0.58,16.29,18.58,0.88,0.38
105820,Galeorhinus galeus,Combined,Stock,gag.27.nea,NA,NA,53,86.63,2.83,81.08,92.18,91.61,2.7,86.31,96.91,96.58,3.4,89.93,103.24,0.97,0.75
105891,Raja undulata,Combined,Stock,rju.27.7de,NA,NA,239,64.81,1.16,62.54,67.09,68.99,0.98,67.07,70.91,73.17,1.13,70.95,75.38,0.97,0.76
105815,Scyliorhinus stellaris,Combined,Stock,syt.27.67,NA,NA,220,72.31,2.68,67.06,77.57,83.46,2.15,79.25,87.67,94.6,2.38,89.95,99.26,0.92,0.61
105883,Raja clavata,Combined,Stock,rjc.27.7e,NA,NA,102,58.74,1.33,56.14,61.35,61.75,1.05,59.69,63.82,64.76,1.14,62.53,67,0.96,0.62
105923,Squalus acanthias,Combined,Stock,dgs.27.nea,NA,NA,78,55.35,2.75,49.96,60.74,62.32,2.25,57.92,66.73,69.3,2.63,64.14,74.46,0.92,0.61
126438,Merlangius merlangus,Combined,Stock,whg.27.7a,NA,NA,39290,17.39,0.1,17.2,17.58,24.5,0.08,24.35,24.65,31.61,0.13,31.35,31.87,0.77,0.2
126436,Gadus morhua,Combined,Stock,cod.27.7a,NA,NA,4446,29.2,0.32,28.56,29.83,34.69,0.26,34.18,35.2,40.18,0.28,39.63,40.74,0.94,0.65
126437,Melanogrammus aeglefinus,Combined,Stock,had.27.7a,NA,NA,15917,18.62,0.1,18.43,18.81,21.63,0.08,21.48,21.78,24.63,0.09,24.47,24.8,0.95,0.6
127143,Pleuronectes platessa,Combined,Stock,ple.27.7a,NA,NA,4277,16.23,0.21,15.82,16.64,19.73,0.14,19.45,20.01,23.22,0.15,22.92,23.51,0.88,0.4
126425,Sprattus sprattus,Combined,Stock,spr.27.3a4,NA,NA,49150,7.32,0.03,7.25,7.38,9.1,0.02,9.06,9.14,10.88,0.02,10.84,10.92,0.8,0.26
126417,Clupea harengus,Combined,Stock,her.27.1-24a514a,NA,NA,52790,21.22,0.03,21.16,21.28,22.54,0.02,22.5,22.59,23.87,0.02,23.83,23.91,0.96,0.64
126417,Clupea harengus,Combined,Stock,her.27.3a47d,NA,NA,75285,19.97,0.02,19.93,20.02,21.85,0.02,21.81,21.9,23.74,0.03,23.68,23.79,0.94,0.61
126822,Trachurus trachurus,Combined,Stock,hom.27.2a3a4a5b6a7a-ce-k8,NA,NA,3790,17.77,0.17,17.43,18.11,20.33,0.14,20.07,20.6,22.9,0.15,22.6,23.2,0.95,0.59
126425,Sprattus sprattus,Combined,Stock,spr.27.7de,NA,NA,960,5.76,0.55,4.68,6.84,6.72,0.42,5.89,7.55,7.68,0.31,7.07,8.3,0.9,0.2
126986,Mullus surmuletus,Combined,Stock,mur.27.3a47d,NA,NA,558,12.29,0.26,11.79,12.79,14,0.17,13.66,14.34,15.7,0.22,15.27,16.13,0.85,0.36
126555,Lophius piscatorius,Combined,Stock,anf.27.3a46,NA,NA,246,33.34,1.45,30.5,36.18,40.28,1.18,37.98,42.59,47.23,1.47,44.35,50.11,0.92,0.54
150637,Eutrigla gurnardus,Combined,Stock,gug.27.3a47d,NA,NA,5451,12.62,0.26,12.12,13.12,15.29,0.17,14.95,15.63,17.97,0.13,17.72,18.22,0.89,0.34
127160,Solea solea,Combined,Stock,sol.27.7d,NA,NA,80,16.25,0.95,14.39,18.1,18.59,0.67,17.28,19.9,20.93,0.76,19.44,22.43,0.88,0.42
105865,Amblyraja radiata,Combined,Stock,rjr.27.23a4,NA,NA,333,31.67,0.77,30.17,33.18,35.27,0.53,34.23,36.3,38.86,0.55,37.79,39.94,0.89,0.47
126439,Micromesistius poutassou,Combined,Stock,whb.27.1-91214,NA,NA,10521,18.17,0.06,18.04,18.3,20.31,0.05,20.21,20.4,22.44,0.06,22.32,22.57,0.88,0.44
105814,Scyliorhinus canicula,Combined,Stock,syc.27.3a47d,NA,NA,33,42.86,17.49,8.57,77.15,67.07,8.38,50.64,83.49,91.27,22.5,47.18,135.36,0.59,0.05
126822,Trachurus trachurus,Combined,Stock,hom.27.9a,NA,NA,10718,17.91,0.06,17.79,18.03,19.57,0.05,19.47,19.66,21.22,0.06,21.11,21.34,0.95,0.64
126438,Merlangius merlangus,Combined,Stock,whg.27.6a,NA,NA,26680,17.19,0.06,17.07,17.31,19.41,0.05,19.32,19.5,21.63,0.05,21.53,21.73,0.95,0.6
126444,Trisopterus esmarkii,Combined,Stock,nop.27.6a,NA,NA,9853,10.01,0.07,9.87,10.15,11.81,0.05,11.72,11.9,13.61,0.05,13.51,13.71,0.85,0.32
127145,Lepidorhombus boscii,Combined,Stock,ldb.27.8c9a,NA,NA,7936,17.52,0.09,17.35,17.7,19.46,0.07,19.32,19.6,21.4,0.08,21.24,21.56,0.95,0.68
126436,Gadus morhua,M,Stock,cod.27.24-32,NA,NA,67277,13.66,0.14,13.39,13.93,19.81,0.09,19.64,19.98,25.96,0.06,25.83,26.08,0.83,0.25
126436,Gadus morhua,F,Stock,cod.27.24-32,NA,NA,63277,19.87,0.11,19.66,20.08,26.4,0.07,26.26,26.54,32.93,0.07,32.79,33.08,0.88,0.39
126436,Gadus morhua,F,Stock,cod.27.22-24,NA,NA,11739,19.23,0.3,18.64,19.81,29.33,0.22,28.91,29.76,39.44,0.29,38.88,40,0.87,0.38
126436,Gadus morhua,M,Stock,cod.27.22-24,NA,NA,15865,16.8,0.25,16.31,17.3,24.91,0.17,24.58,25.23,33.01,0.18,32.66,33.36,0.86,0.37
126436,Gadus morhua,M,Stock,cod.27.46a7d20,NA,NA,28056,36.49,0.17,36.15,36.83,47.19,0.16,46.86,47.51,57.88,0.24,57.42,58.35,0.87,0.4
126436,Gadus morhua,F,Stock,cod.27.46a7d20,NA,NA,28911,39.88,0.18,39.52,40.24,51.45,0.18,51.09,51.81,63.01,0.26,62.5,63.53,0.88,0.43
126436,Gadus morhua,M,Stock,cod.27.21,NA,NA,8432,20.51,0.31,19.92,21.11,30.13,0.23,29.67,30.59,39.75,0.35,39.06,40.43,0.85,0.33
126436,Gadus morhua,F,Stock,cod.27.21,NA,NA,7347,28.51,0.31,27.9,29.12,38.89,0.33,38.25,39.54,49.27,0.5,48.3,50.25,0.87,0.39
127141,Platichthys flesus,M,Stock,bzq.27.2425,NA,NA,10249,12.8,0.2,12.4,13.2,14.47,0.15,14.18,14.77,16.14,0.11,15.93,16.36,0.93,0.36
127141,Platichthys flesus,F,Stock,bzq.27.2425,NA,NA,15477,12.75,0.23,12.29,13.21,15.1,0.17,14.75,15.44,17.44,0.14,17.17,17.71,0.96,0.38
127141,Platichthys flesus,M,Stock,bzq.27.2628,NA,NA,14178,7.39,0.39,6.63,8.15,10.12,0.29,9.55,10.69,12.85,0.21,12.44,13.26,0.91,0.14
127141,Platichthys flesus,F,Stock,bzq.27.2628,NA,NA,16598,8.07,0.36,7.36,8.78,11.76,0.27,11.24,12.29,15.45,0.19,15.08,15.83,0.92,0.16
126417,Clupea harengus,F,Stock,her.27.20-24,NA,NA,28860,21.56,0.04,21.48,21.63,23.61,0.04,23.53,23.69,25.65,0.06,25.54,25.76,0.92,0.49
126417,Clupea harengus,M,Stock,her.27.20-24,NA,NA,20561,21.1,0.04,21.01,21.18,23.24,0.04,23.15,23.32,25.37,0.06,25.26,25.49,0.89,0.46
127141,Platichthys flesus,F,Stock,bwp.27.2729-32,NA,NA,1183,16.08,0.34,15.41,16.75,17.46,0.25,16.97,17.95,18.84,0.21,18.42,19.26,0.97,0.52
127141,Platichthys flesus,M,Stock,bwp.27.2729-32,NA,NA,1296,12.11,0.78,10.58,13.63,13.77,0.58,12.63,14.9,15.43,0.4,14.63,16.22,0.9,0.2
127143,Pleuronectes platessa,M,Stock,ple.27.21-32,NA,NA,34569,5.64,0.25,5.15,6.14,11.05,0.16,10.74,11.37,16.46,0.09,16.29,16.64,0.74,0.13
127143,Pleuronectes platessa,F,Stock,ple.27.21-32,NA,NA,40792,12.45,0.14,12.18,12.72,16.96,0.09,16.78,17.14,21.48,0.07,21.34,21.61,0.86,0.3
126417,Clupea harengus,F,Stock,her.27.25-2932,NA,NA,25561,12.77,0.06,12.64,12.89,14.67,0.04,14.58,14.75,16.57,0.04,16.49,16.64,0.9,0.44
126417,Clupea harengus,M,Stock,her.27.25-2932,NA,NA,21774,12.72,0.07,12.59,12.85,14.63,0.05,14.54,14.73,16.55,0.04,16.47,16.63,0.89,0.45
127141,Platichthys flesus,M,Stock,fle.27.2223,NA,NA,3251,13.79,0.37,13.06,14.51,14.88,0.29,14.31,15.46,15.98,0.26,15.47,16.48,1,0.63
127141,Platichthys flesus,F,Stock,fle.27.2223,NA,NA,2524,11.74,0.9,9.98,13.51,14,0.68,12.67,15.34,16.26,0.52,15.24,17.28,0.96,0.36
127160,Solea solea,M,Stock,sol.27.20-24,NA,NA,655,9.23,1.86,5.58,12.89,16.21,0.97,14.31,18.12,23.2,0.62,21.99,24.4,0.66,0.1
127160,Solea solea,F,Stock,sol.27.20-24,NA,NA,628,18.4,0.56,17.3,19.49,20.49,0.4,19.71,21.28,22.59,0.34,21.93,23.25,0.95,0.58
127139,Limanda limanda,F,Stock,dab.27.22-32,NA,NA,9009,11.66,0.13,11.4,11.92,13.45,0.1,13.26,13.65,15.25,0.1,15.06,15.43,0.97,0.59
127139,Limanda limanda,M,Stock,dab.27.22-32,NA,NA,5937,9.83,0.14,9.55,10.11,11.23,0.1,11.03,11.44,12.64,0.09,12.46,12.82,0.97,0.51
127150,Scophthalmus rhombus,F,Stock,bll.27.22-32,NA,NA,278,16.5,0.73,15.07,17.94,19.01,0.52,17.99,20.04,21.52,0.65,20.25,22.8,0.94,0.5
127150,Scophthalmus rhombus,M,Stock,bll.27.22-32,NA,NA,240,11.18,1.54,8.15,14.2,14.33,1.02,12.33,16.33,17.49,0.72,16.07,18.9,0.89,0.22
127143,Pleuronectes platessa,F,Stock,ple.27.420,NA,NA,43399,18.63,0.07,18.48,18.77,22.99,0.05,22.89,23.09,27.35,0.06,27.23,27.47,0.87,0.43
127143,Pleuronectes platessa,M,Stock,ple.27.420,NA,NA,30807,14.35,0.1,14.16,14.55,19.12,0.06,19,19.25,23.89,0.07,23.75,24.03,0.81,0.31
127139,Limanda limanda,M,Stock,dab.27.3a4,NA,NA,3374,10.95,0.18,10.6,11.31,13.34,0.12,13.12,13.57,15.73,0.11,15.52,15.94,0.84,0.31
127139,Limanda limanda,F,Stock,dab.27.3a4,NA,NA,6477,11.46,0.18,11.12,11.81,14.19,0.12,13.95,14.42,16.91,0.1,16.7,17.11,0.88,0.38
127141,Platichthys flesus,M,Stock,fle.27.3a4,NA,NA,370,12.01,1.5,9.08,14.95,14.83,1.07,12.72,16.93,17.64,0.74,16.19,19.09,0.84,0.31
127141,Platichthys flesus,F,Stock,fle.27.3a4,NA,NA,239,14.92,1.01,12.94,16.9,17.02,0.77,15.5,18.53,19.12,0.72,17.7,20.53,0.98,0.55
127150,Scophthalmus rhombus,F,Stock,bll.27.3a47de,NA,NA,973,19.13,0.67,17.83,20.44,22.82,0.48,21.88,23.76,26.51,0.41,25.7,27.32,0.93,0.51
127150,Scophthalmus rhombus,M,Stock,bll.27.3a47de,NA,NA,806,15.36,0.75,13.89,16.83,19.87,0.51,18.87,20.87,24.39,0.43,23.54,25.23,0.84,0.4
126438,Merlangius merlangus,F,Stock,whg.27.3a,NA,NA,8008,19.61,0.14,19.35,19.88,23.61,0.11,23.4,23.83,27.61,0.14,27.33,27.89,0.88,0.43
126438,Merlangius merlangus,M,Stock,whg.27.3a,NA,NA,6145,16.74,0.18,16.39,17.1,21.72,0.14,21.46,21.99,26.7,0.22,26.27,27.13,0.79,0.24
127136,Glyptocephalus cynoglossus,F,Stock,wit.27.3a47d,NA,NA,2658,24.42,0.47,23.5,25.34,32.53,0.32,31.9,33.17,40.65,0.58,39.52,41.78,0.73,0.17
126441,Pollachius virens,M,Stock,pok.27.3a46,NA,NA,9418,41.22,0.24,40.75,41.7,48.84,0.18,48.48,49.19,56.45,0.26,55.94,56.95,0.84,0.36
126484,Merluccius merluccius,F,Stock,hke.27.3a46-8abd,NA,NA,6127,37.81,0.39,37.05,38.57,48.92,0.37,48.19,49.64,60.02,0.52,59.01,61.04,0.88,0.44
126484,Merluccius merluccius,M,Stock,hke.27.3a46-8abd,NA,NA,5660,29.54,0.21,29.13,29.94,34.47,0.18,34.11,34.82,39.4,0.24,38.92,39.88,0.93,0.55
126441,Pollachius virens,F,Stock,pok.27.3a46,NA,NA,8401,42.94,0.23,42.48,43.39,49.96,0.18,49.61,50.32,56.99,0.26,56.48,57.49,0.86,0.39
126437,Melanogrammus aeglefinus,F,Stock,had.27.46a20,NA,NA,68424,21.79,0.05,21.68,21.9,24.81,0.04,24.73,24.89,27.83,0.04,27.75,27.91,0.94,0.61
126437,Melanogrammus aeglefinus,M,Stock,had.27.46a20,NA,NA,57084,18.47,0.05,18.37,18.58,21.47,0.04,21.39,21.55,24.47,0.04,24.39,24.55,0.93,0.56
127136,Glyptocephalus cynoglossus,M,Stock,wit.27.3a47d,NA,NA,1925,18.35,0.61,17.16,19.54,25.62,0.34,24.96,26.27,32.88,0.5,31.9,33.87,0.73,0.16
127023,Scomber scombrus,M,Stock,mac.27.nea,NA,NA,16659,25.09,0.06,24.97,25.21,27.22,0.05,27.13,27.31,29.35,0.05,29.24,29.46,0.93,0.59
127023,Scomber scombrus,F,Stock,mac.27.nea,NA,NA,16542,24.39,0.06,24.27,24.51,26.51,0.05,26.42,26.6,28.63,0.06,28.53,28.74,0.93,0.58
126444,Trisopterus esmarkii,F,Stock,nop.27.3a4,NA,NA,15624,11.51,0.04,11.44,11.58,12.7,0.03,12.65,12.76,13.9,0.03,13.83,13.96,0.94,0.58
126444,Trisopterus esmarkii,M,Stock,nop.27.3a4,NA,NA,10454,9.29,0.07,9.16,9.42,10.99,0.04,10.9,11.08,12.69,0.05,12.6,12.78,0.85,0.32
127160,Solea solea,M,Stock,sol.27.8ab,NA,NA,4575,16.21,0.27,15.68,16.74,19.58,0.18,19.23,19.93,22.95,0.14,22.69,23.22,0.84,0.34
127160,Solea solea,F,Stock,sol.27.8ab,NA,NA,5915,22.15,0.12,21.92,22.38,24.4,0.09,24.22,24.57,26.65,0.1,26.46,26.84,0.94,0.61
126986,Mullus surmuletus,F,Stock,mur.27.67a-ce-k89a,NA,NA,839,12.58,0.5,11.6,13.56,17.18,0.33,16.54,17.82,21.78,0.53,20.74,22.81,0.79,0.23
126986,Mullus surmuletus,M,Stock,mur.27.67a-ce-k89a,NA,NA,545,13.96,0.32,13.33,14.59,16.48,0.25,15.99,16.98,19,0.36,18.3,19.71,0.86,0.38
126554,Lophius budegassa,F,Stock,ank.27.78abd,NA,NA,1196,37.19,0.74,35.74,38.64,46.02,0.66,44.74,47.3,54.85,0.89,53.1,56.59,0.89,0.46
126975,Dicentrarchus labrax,F,Stock,bss.27.8ab,NA,NA,249,30.99,1.38,28.28,33.7,34,0.95,32.13,35.87,37.01,0.74,35.56,38.46,0.91,0.38
126975,Dicentrarchus labrax,M,Stock,bss.27.8ab,NA,NA,259,30.33,1.11,28.17,32.5,32.98,0.74,31.53,34.43,35.63,0.58,34.5,36.77,0.91,0.34
126555,Lophius piscatorius,M,Stock,mon.27.78abd,NA,NA,642,34.76,0.78,33.22,36.3,39.24,0.69,37.89,40.59,43.72,0.79,42.17,45.27,0.98,0.77
126555,Lophius piscatorius,F,Stock,mon.27.78abd,NA,NA,637,32.19,1.55,29.14,35.24,45.4,1.23,43,47.81,58.62,1.69,55.3,61.93,0.86,0.39
126554,Lophius budegassa,M,Stock,ank.27.78abd,NA,NA,1177,25.35,0.47,24.43,26.27,29.65,0.36,28.95,30.35,33.95,0.4,33.16,34.74,0.92,0.52
126438,Merlangius merlangus,F,Stock,whg.27.89a,NA,NA,461,20,0.72,18.59,21.4,25.32,0.58,24.2,26.45,30.65,0.79,29.11,32.19,0.86,0.39
126438,Merlangius merlangus,M,Stock,whg.27.89a,NA,NA,434,16.04,0.79,14.49,17.58,20.76,0.52,19.74,21.78,25.49,0.63,24.25,26.72,0.83,0.31
127149,Scophthalmus maximus,F,Stock,tur.27.4,NA,NA,988,19.69,0.49,18.73,20.65,23.22,0.36,22.51,23.94,26.75,0.38,26,27.5,0.93,0.51
127149,Scophthalmus maximus,M,Stock,tur.27.4,NA,NA,1128,16.27,0.45,15.38,17.15,18.47,0.31,17.87,19.08,20.68,0.25,20.19,21.17,0.92,0.39
127160,Solea solea,M,Stock,sol.27.4,NA,NA,3484,13.04,0.24,12.57,13.52,15.74,0.16,15.42,16.06,18.43,0.13,18.18,18.69,0.86,0.39
127160,Solea solea,F,Stock,sol.27.4,NA,NA,4691,15.61,0.23,15.16,16.05,18.33,0.16,18.01,18.65,21.05,0.14,20.78,21.32,0.93,0.49
127140,Microstomus kitt,F,Stock,lem.27.3a47d,NA,NA,9747,11.31,0.25,10.81,11.8,14.8,0.17,14.47,15.13,18.3,0.11,18.07,18.52,0.84,0.26
127140,Microstomus kitt,M,Stock,lem.27.3a47d,NA,NA,7266,10.02,0.3,9.42,10.62,12.76,0.21,12.35,13.17,15.5,0.13,15.23,15.76,0.84,0.22
127259,Chelidonichthys cuculus,F,Stock,gur.27.3-8,NA,NA,1600,16.04,0.54,14.99,17.09,20.53,0.35,19.84,21.22,25.02,0.3,24.43,25.61,0.84,0.33
127259,Chelidonichthys cuculus,M,Stock,gur.27.3-8,NA,NA,760,18.61,0.5,17.63,19.59,22.8,0.33,22.16,23.44,26.99,0.44,26.12,27.86,0.8,0.27
126438,Merlangius merlangus,M,Stock,whg.27.7b-ce-k,NA,NA,2119,13.79,0.58,12.65,14.94,20.08,0.35,19.39,20.77,26.37,0.34,25.7,27.04,0.79,0.26
126438,Merlangius merlangus,F,Stock,whg.27.7b-ce-k,NA,NA,3105,18.65,0.39,17.9,19.41,23.65,0.27,23.13,24.18,28.65,0.25,28.15,29.14,0.87,0.43
126436,Gadus morhua,F,Stock,cod.27.7e-k,NA,NA,99,29.27,6.88,15.79,42.75,47.04,4.24,38.73,55.35,64.81,4.75,55.5,74.13,0.8,0.24
126436,Gadus morhua,M,Stock,cod.27.7e-k,NA,NA,65,29.75,5.92,18.15,41.35,39.95,3.53,33.03,46.87,50.16,3.39,43.51,56.8,0.82,0.25
126437,Melanogrammus aeglefinus,M,Stock,had.27.7b-k,NA,NA,1788,17.97,0.44,17.11,18.84,21.76,0.31,21.16,22.37,25.55,0.3,24.96,26.14,0.92,0.5
126437,Melanogrammus aeglefinus,F,Stock,had.27.7b-k,NA,NA,2407,16.92,0.73,15.48,18.36,24.21,0.49,23.25,25.17,31.5,0.44,30.64,32.35,0.88,0.4
126421,Sardina pilchardus,M,Stock,pil.27.8abd,NA,NA,41,13.69,0.68,12.36,15.02,14.95,0.54,13.89,16,16.21,0.61,15.01,17.4,0.9,0.54
126421,Sardina pilchardus,F,Stock,pil.27.8abd,NA,NA,59,14.23,0.76,12.74,15.73,15.4,0.56,14.3,16.49,16.56,0.48,15.62,17.5,0.91,0.6
126484,Merluccius merluccius,F,Stock,hke.27.8c9a,NA,NA,29330,37.61,0.1,37.42,37.8,42.89,0.12,42.66,43.11,48.16,0.17,47.83,48.49,0.91,0.42
126484,Merluccius merluccius,M,Stock,hke.27.8c9a,NA,NA,29387,21.36,0.07,21.22,21.51,25.41,0.05,25.31,25.52,29.46,0.07,29.32,29.61,0.84,0.34
127146,Lepidorhombus whiffiagonis,F,Stock,meg.27.7b-k8abd,NA,NA,849,18.85,0.47,17.93,19.77,21.25,0.4,20.46,22.04,23.66,0.44,22.81,24.51,0.99,0.78
127146,Lepidorhombus whiffiagonis,M,Stock,meg.27.7b-k8abd,NA,NA,226,17.71,0.28,17.17,18.25,18.69,0.29,18.11,19.27,19.67,0.4,18.89,20.44,0.98,0.79
126554,Lophius budegassa,M,Stock,ank.27.8c9a,NA,NA,542,27.72,0.55,26.64,28.81,31.1,0.42,30.28,31.92,34.48,0.48,33.54,35.41,0.95,0.59
126975,Dicentrarchus labrax,M,Stock,bss.27.4bc7ad-h,NA,NA,1701,21.71,0.95,19.85,23.58,26.67,0.64,25.42,27.93,31.63,0.42,30.8,32.46,0.85,0.23
126975,Dicentrarchus labrax,F,Stock,bss.27.4bc7ad-h,NA,NA,1654,26.97,0.5,25.99,27.95,29.6,0.35,28.92,30.29,32.24,0.28,31.69,32.79,0.95,0.42
126554,Lophius budegassa,F,Stock,ank.27.8c9a,NA,NA,680,46.23,0.79,44.68,47.79,53.16,0.82,51.56,54.76,60.09,1.13,57.87,62.31,0.92,0.51
126555,Lophius piscatorius,F,Stock,mon.27.8c9a,NA,NA,1027,56.91,1.13,54.7,59.12,66.66,1.21,64.28,69.03,76.4,1.59,73.29,79.51,0.95,0.59
126438,Merlangius merlangus,M,Stock,whg.27.47d,NA,NA,53954,13.95,0.08,13.8,14.11,18.32,0.05,18.22,18.42,22.68,0.05,22.58,22.78,0.84,0.34
126438,Merlangius merlangus,F,Stock,whg.27.47d,NA,NA,66567,16.85,0.06,16.73,16.98,20.68,0.05,20.59,20.77,24.51,0.04,24.42,24.6,0.9,0.48
127143,Pleuronectes platessa,F,Stock,ple.27.7d,NA,NA,4605,15.81,0.34,15.15,16.48,19.37,0.23,18.92,19.82,22.92,0.17,22.58,23.26,0.89,0.32
127143,Pleuronectes platessa,M,Stock,ple.27.7d,NA,NA,2312,10.09,0.8,8.52,11.67,14.93,0.5,13.95,15.9,19.76,0.28,19.21,20.31,0.75,0.13
127143,Pleuronectes platessa,M,Stock,ple.27.7e,NA,NA,63,18.42,2.07,14.36,22.47,21.99,1.28,19.48,24.49,25.56,1.14,23.32,27.79,0.82,0.27
127143,Pleuronectes platessa,F,Stock,ple.27.7e,NA,NA,98,19.91,1.61,16.76,23.06,23.13,1.21,20.76,25.49,26.34,1.14,24.11,28.57,0.95,0.56
126438,Merlangius merlangus,M,Stock,whg.27.7a,NA,NA,16677,15.4,0.15,15.1,15.7,22.53,0.12,22.29,22.77,29.65,0.24,29.19,30.12,0.73,0.14
126438,Merlangius merlangus,F,Stock,whg.27.7a,NA,NA,22314,19.69,0.12,19.46,19.91,25.79,0.09,25.61,25.96,31.88,0.14,31.62,32.15,0.79,0.25
126436,Gadus morhua,M,Stock,cod.27.7a,NA,NA,2762,28.7,0.38,27.96,29.45,32.71,0.31,32.11,33.32,36.72,0.31,36.11,37.34,0.97,0.74
126436,Gadus morhua,F,Stock,cod.27.7a,NA,NA,1677,31.84,0.58,30.7,32.98,39.43,0.51,38.43,40.44,47.03,0.65,45.75,48.31,0.92,0.56
126437,Melanogrammus aeglefinus,M,Stock,had.27.7a,NA,NA,7267,17.26,0.13,17.02,17.51,20.06,0.1,19.87,20.26,22.86,0.12,22.63,23.1,0.94,0.56
126437,Melanogrammus aeglefinus,F,Stock,had.27.7a,NA,NA,8557,20.94,0.13,20.69,21.19,23.52,0.1,23.32,23.72,26.1,0.11,25.88,26.31,0.96,0.68
127143,Pleuronectes platessa,F,Stock,ple.27.7a,NA,NA,2526,19.06,0.21,18.65,19.46,21.55,0.15,21.25,21.85,24.04,0.16,23.72,24.36,0.93,0.57
127143,Pleuronectes platessa,M,Stock,ple.27.7a,NA,NA,1751,13.61,0.41,12.81,14.41,17.87,0.25,17.37,18.36,22.12,0.26,21.62,22.63,0.8,0.27
126425,Sprattus sprattus,M,Stock,spr.27.3a4,NA,NA,20021,6.75,0.06,6.64,6.87,8.46,0.04,8.39,8.53,10.16,0.03,10.1,10.22,0.78,0.21
126425,Sprattus sprattus,F,Stock,spr.27.3a4,NA,NA,26102,7.29,0.05,7.18,7.39,9.2,0.03,9.14,9.26,11.12,0.03,11.06,11.18,0.78,0.24
126417,Clupea harengus,F,Stock,her.27.1-24a514a,NA,NA,26262,21.15,0.04,21.07,21.24,22.49,0.03,22.42,22.55,23.82,0.03,23.76,23.88,0.96,0.62
126417,Clupea harengus,M,Stock,her.27.1-24a514a,NA,NA,25822,21.25,0.04,21.16,21.33,22.57,0.03,22.51,22.63,23.9,0.03,23.84,23.95,0.95,0.62
126417,Clupea harengus,M,Stock,her.27.3a47d,NA,NA,28383,19.71,0.04,19.63,19.78,21.63,0.03,21.57,21.7,23.56,0.04,23.49,23.64,0.93,0.57
126417,Clupea harengus,F,Stock,her.27.3a47d,NA,NA,29854,19.61,0.04,19.54,19.69,21.63,0.03,21.57,21.69,23.65,0.04,23.57,23.73,0.92,0.55
126822,Trachurus trachurus,M,Stock,hom.27.2a3a4a5b6a7a-ce-k8,NA,NA,1886,18.16,0.23,17.71,18.62,20.46,0.19,20.1,20.83,22.76,0.21,22.35,23.17,0.96,0.62
126986,Mullus surmuletus,F,Stock,mur.27.3a47d,NA,NA,289,11.94,0.48,11,12.89,14.31,0.3,13.72,14.9,16.68,0.43,15.83,17.53,0.79,0.25
126986,Mullus surmuletus,M,Stock,mur.27.3a47d,NA,NA,259,12.46,0.28,11.91,13.02,13.6,0.2,13.2,14,14.73,0.24,14.27,15.19,0.92,0.48
126555,Lophius piscatorius,M,Stock,anf.27.3a46,NA,NA,126,33.32,1.7,29.99,36.64,38.19,1.35,35.55,40.83,43.06,1.54,40.05,46.07,0.95,0.65
126555,Lophius piscatorius,F,Stock,anf.27.3a46,NA,NA,99,32.18,3.12,26.06,38.31,42.44,2.37,37.79,47.08,52.69,3.25,46.31,59.07,0.85,0.38
150637,Eutrigla gurnardus,M,Stock,gug.27.3a47d,NA,NA,2346,11.48,0.47,10.56,12.4,14.76,0.31,14.16,15.36,18.04,0.2,17.64,18.44,0.83,0.24
150637,Eutrigla gurnardus,F,Stock,gug.27.3a47d,NA,NA,3050,13.44,0.32,12.8,14.07,15.61,0.23,15.17,16.06,17.79,0.17,17.46,18.12,0.93,0.38
105865,Amblyraja radiata,M,Stock,rjr.27.23a4,NA,NA,278,30.99,0.82,29.38,32.61,34.17,0.58,33.04,35.3,37.35,0.55,36.27,38.43,0.92,0.53
126439,Micromesistius poutassou,M,Stock,whb.27.1-91214,NA,NA,4785,18.33,0.07,18.19,18.47,19.86,0.06,19.75,19.98,21.39,0.07,21.25,21.54,0.91,0.54
126439,Micromesistius poutassou,F,Stock,whb.27.1-91214,NA,NA,5645,18.04,0.11,17.82,18.25,20.66,0.08,20.5,20.82,23.29,0.1,23.09,23.49,0.85,0.38
105865,Amblyraja radiata,F,Stock,rjr.27.23a4,NA,NA,55,37.51,1.43,34.7,40.32,41.32,1.39,38.6,44.05,45.13,2.22,40.77,49.49,0.84,0.3
126822,Trachurus trachurus,M,Stock,hom.27.9a,NA,NA,4643,17.95,0.09,17.78,18.13,19.51,0.07,19.38,19.65,21.07,0.08,20.92,21.23,0.94,0.59
126822,Trachurus trachurus,F,Stock,hom.27.9a,NA,NA,4860,17.78,0.09,17.59,17.96,19.47,0.07,19.33,19.61,21.16,0.08,21,21.32,0.93,0.56
126438,Merlangius merlangus,M,Stock,whg.27.6a,NA,NA,12814,15.76,0.09,15.59,15.93,17.79,0.06,17.66,17.92,19.82,0.07,19.69,19.95,0.95,0.57
126438,Merlangius merlangus,F,Stock,whg.27.6a,NA,NA,13865,19.68,0.07,19.53,19.83,21.5,0.06,21.38,21.62,23.32,0.07,23.19,23.46,0.97,0.72
126444,Trisopterus esmarkii,M,Stock,nop.27.6a,NA,NA,4763,9.26,0.12,9.02,9.5,11.33,0.07,11.18,11.48,13.4,0.08,13.25,13.56,0.8,0.25
126444,Trisopterus esmarkii,F,Stock,nop.27.6a,NA,NA,5081,10.86,0.08,10.7,11.02,12.33,0.06,12.22,12.44,13.81,0.06,13.68,13.93,0.89,0.41
126555,Lophius piscatorius,M,Stock,mon.27.8c9a,NA,NA,1036,42.17,0.48,41.23,43.12,46.18,0.47,45.26,47.11,50.19,0.62,48.99,51.4,0.97,0.71
127145,Lepidorhombus boscii,F,Stock,ldb.27.8c9a,NA,NA,5472,17.03,0.15,16.72,17.33,19.29,0.12,19.07,19.52,21.56,0.11,21.34,21.78,0.93,0.62
127145,Lepidorhombus boscii,M,Stock,ldb.27.8c9a,NA,NA,2442,17.97,0.09,17.8,18.15,19.25,0.08,19.09,19.41,20.53,0.11,20.33,20.74,0.96,0.67
126822,Trachurus trachurus,F,Stock,hom.27.2a3a4a5b6a7a-ce-k8,NA,NA,1855,17.53,0.25,17.05,18.02,20.27,0.19,19.89,20.65,23.01,0.22,22.58,23.44,0.93,0.55
126436,Gadus morhua,Combined,Area,NA,3.d.25,NA,59720,18.79,0.1,18.58,18.99,25.21,0.07,25.07,25.34,31.63,0.07,31.48,31.77,0.87,0.39
126436,Gadus morhua,Combined,Area,NA,3.d.26,NA,53980,15.91,0.15,15.61,16.21,22.15,0.1,21.95,22.34,28.38,0.08,28.24,28.53,0.84,0.29
126436,Gadus morhua,Combined,Area,NA,3.b.23,NA,9027,25.64,0.39,24.87,26.4,37.11,0.27,36.58,37.63,48.57,0.36,47.88,49.27,0.83,0.31
126436,Gadus morhua,Combined,Area,NA,3.d.24,NA,44091,18.17,0.1,17.97,18.37,22.9,0.07,22.76,23.05,27.63,0.08,27.48,27.78,0.93,0.56
126436,Gadus morhua,Combined,Area,NA,3.a.20,NA,17173,45.55,0.22,45.11,45.99,55.46,0.25,54.98,55.95,65.37,0.35,64.68,66.06,0.9,0.43
126436,Gadus morhua,Combined,Area,NA,3.d.28.2,NA,16203,12.7,0.18,12.36,13.05,17.82,0.12,17.58,18.06,22.94,0.12,22.71,23.17,0.88,0.44
126436,Gadus morhua,Combined,Area,NA,3.c.22,NA,19332,19.43,0.1,19.24,19.62,23,0.08,22.84,23.17,26.57,0.1,26.37,26.78,0.96,0.65
126436,Gadus morhua,Combined,Area,NA,3.a.21,NA,15932,23.79,0.21,23.37,24.21,33.95,0.19,33.57,34.33,44.11,0.3,43.53,44.7,0.85,0.35
126436,Gadus morhua,Combined,Area,NA,3.d.27,NA,3769,20.9,0.31,20.29,21.51,26.03,0.22,25.6,26.46,31.16,0.25,30.67,31.65,0.88,0.41
127141,Platichthys flesus,Combined,Area,NA,3.d.24,NA,13225,12.19,0.2,11.81,12.58,14.17,0.14,13.89,14.45,16.15,0.11,15.94,16.36,0.95,0.4
127141,Platichthys flesus,Combined,Area,NA,3.d.28.2,NA,8604,7.27,0.47,6.34,8.2,10.08,0.35,9.4,10.77,12.9,0.24,12.44,13.37,0.91,0.14
127141,Platichthys flesus,Combined,Area,NA,3.d.25,NA,12535,13.24,0.28,12.69,13.78,15.27,0.2,14.87,15.67,17.3,0.14,17.02,17.58,0.92,0.29
126417,Clupea harengus,Combined,Area,NA,3.d.24,NA,2691,14.98,0.18,14.62,15.34,17.38,0.13,17.13,17.64,19.79,0.14,19.52,20.06,0.9,0.47
126436,Gadus morhua,Combined,Area,NA,3.d.29,NA,269,15.45,1.16,13.18,17.73,21.44,0.77,19.94,22.95,27.43,1.29,24.91,29.96,0.8,0.25
127141,Platichthys flesus,Combined,Area,NA,3.d.29,NA,93,15.11,1,13.15,17.08,17.17,0.66,15.88,18.46,19.23,0.57,18.11,20.36,0.86,0.34
127143,Pleuronectes platessa,Combined,Area,NA,3.d.24,NA,21742,11.16,0.15,10.88,11.45,13.43,0.11,13.22,13.64,15.7,0.08,15.54,15.86,0.96,0.47
126417,Clupea harengus,Combined,Area,NA,3.d.26,NA,26144,13.17,0.05,13.06,13.27,14.81,0.04,14.74,14.89,16.46,0.03,16.39,16.53,0.91,0.53
126417,Clupea harengus,Combined,Area,NA,3.d.25,NA,21384,13.5,0.06,13.38,13.62,15.57,0.04,15.49,15.66,17.64,0.04,17.56,17.72,0.9,0.48
126417,Clupea harengus,Combined,Area,NA,3.c.22,NA,1442,19.47,0.14,19.21,19.74,21.11,0.17,20.77,21.45,22.75,0.25,22.26,23.24,0.91,0.38
127143,Pleuronectes platessa,Combined,Area,NA,3.c.22,NA,20832,9.8,0.15,9.51,10.1,12.94,0.1,12.73,13.14,16.07,0.08,15.91,16.22,0.9,0.37
127143,Pleuronectes platessa,Combined,Area,NA,3.d.25,NA,8569,4.14,1.13,1.92,6.35,8.06,0.86,6.38,9.74,11.98,0.6,10.81,13.15,0.82,0.05
127141,Platichthys flesus,Combined,Area,NA,3.d.27,NA,2387,13.48,0.42,12.65,14.31,15.13,0.3,14.53,15.72,16.77,0.21,16.35,17.19,0.93,0.29
127141,Platichthys flesus,Combined,Area,NA,3.d.26,NA,22196,7.83,0.33,7.18,8.48,11.26,0.25,10.77,11.74,14.68,0.18,14.34,15.03,0.9,0.15
126425,Sprattus sprattus,Combined,Area,NA,3.d.25,NA,4677,6.79,0.16,6.48,7.1,7.94,0.11,7.72,8.16,9.09,0.08,8.94,9.24,0.87,0.25
126425,Sprattus sprattus,Combined,Area,NA,3.d.24,NA,413,7.62,0.37,6.9,8.34,8.95,0.25,8.47,9.43,10.29,0.2,9.9,10.68,0.88,0.31
126425,Sprattus sprattus,Combined,Area,NA,3.d.26,NA,5763,6.2,0.15,5.91,6.48,7.31,0.1,7.11,7.52,8.43,0.07,8.29,8.57,0.88,0.23
127141,Platichthys flesus,Combined,Area,NA,3.c.22,NA,5680,12.97,0.39,12.21,13.74,14.49,0.3,13.9,15.08,16,0.25,15.52,16.48,0.98,0.52
127143,Pleuronectes platessa,Combined,Area,NA,3.a.21,NA,18787,12.57,0.2,12.19,12.95,18.84,0.11,18.62,19.06,25.11,0.12,24.88,25.34,0.76,0.19
127160,Solea solea,Combined,Area,NA,3.a.21,NA,558,15.92,0.81,14.34,17.51,19.32,0.51,18.33,20.31,22.72,0.37,21.99,23.45,0.81,0.27
127139,Limanda limanda,Combined,Area,NA,3.c.22,NA,8064,10.32,0.12,10.08,10.57,11.93,0.09,11.75,12.11,13.54,0.09,13.37,13.71,0.97,0.56
126425,Sprattus sprattus,Combined,Area,NA,3.d.29,NA,138,9.07,0.24,8.59,9.54,9.71,0.17,9.38,10.03,10.35,0.16,10.03,10.67,0.9,0.46
126417,Clupea harengus,Combined,Area,NA,3.d.29,NA,828,10.64,0.24,10.16,11.11,11.3,0.18,10.95,11.65,11.97,0.14,11.69,12.25,0.97,0.58
126417,Clupea harengus,Combined,Area,NA,3.b.23,NA,345,17.78,0.22,17.35,18.21,18.93,0.19,18.55,19.3,20.07,0.25,19.59,20.56,0.96,0.65
127139,Limanda limanda,Combined,Area,NA,3.d.24,NA,6596,10.89,0.17,10.56,11.22,12.73,0.12,12.49,12.97,14.57,0.11,14.36,14.78,0.96,0.52
127160,Solea solea,Combined,Area,NA,3.c.22,NA,534,13.76,0.72,12.34,15.18,16.68,0.51,15.68,17.67,19.6,0.42,18.77,20.42,0.9,0.46
127150,Scophthalmus rhombus,Combined,Area,NA,3.c.22,NA,260,14.07,0.97,12.18,15.97,17.69,0.65,16.42,18.95,21.3,0.71,19.9,22.7,0.88,0.37
127143,Pleuronectes platessa,Combined,Area,NA,3.b.23,NA,3224,12.96,0.73,11.54,14.39,21.15,0.39,20.39,21.91,29.34,0.35,28.66,30.02,0.73,0.14
127143,Pleuronectes platessa,Combined,Area,NA,3.a.20,NA,16454,21.34,0.15,21.06,21.63,28.55,0.13,28.29,28.8,35.75,0.23,35.29,36.21,0.74,0.18
126417,Clupea harengus,Combined,Area,NA,3.a.21,NA,24758,21.07,0.04,20.99,21.15,22.96,0.04,22.87,23.04,24.85,0.06,24.73,24.97,0.94,0.51
127139,Limanda limanda,Combined,Area,NA,3.a.21,NA,1325,7.75,0.54,6.7,8.8,10.34,0.35,9.65,11.03,12.94,0.24,12.47,13.41,0.87,0.26
127139,Limanda limanda,Combined,Area,NA,3.b.23,NA,307,11.17,0.65,9.9,12.45,13.42,0.46,12.51,14.32,15.66,0.45,14.77,16.55,0.93,0.49
127141,Platichthys flesus,Combined,Area,NA,3.a.21,NA,407,13.9,0.82,12.29,15.51,16.05,0.59,14.9,17.21,18.21,0.48,17.27,19.14,0.94,0.47
127150,Scophthalmus rhombus,Combined,Area,NA,3.a.21,NA,425,12.87,1.48,9.97,15.77,17.02,1.01,15.04,18.99,21.16,0.72,19.76,22.57,0.87,0.26
126438,Merlangius merlangus,Combined,Area,NA,3.a.21,NA,7106,17.44,0.13,17.2,17.69,21.15,0.1,20.95,21.35,24.85,0.15,24.57,25.14,0.85,0.37
126438,Merlangius merlangus,Combined,Area,NA,3.c.22,NA,1597,14.96,0.26,14.45,15.46,17.87,0.17,17.53,18.2,20.78,0.2,20.38,21.18,0.84,0.33
126437,Melanogrammus aeglefinus,Combined,Area,NA,3.a.21,NA,2250,20.93,0.23,20.48,21.39,24.73,0.22,24.29,25.16,28.52,0.31,27.92,29.12,0.91,0.53
127136,Glyptocephalus cynoglossus,Combined,Area,NA,3.a.21,NA,506,19.67,0.47,18.76,20.59,23.39,0.37,22.66,24.12,27.1,0.57,25.98,28.22,0.83,0.32
126438,Merlangius merlangus,Combined,Area,NA,3.d.25,NA,320,19.54,0.48,18.59,20.48,21.18,0.39,20.43,21.94,22.83,0.41,22.03,23.64,0.98,0.71
126438,Merlangius merlangus,Combined,Area,NA,3.d.24,NA,390,17.66,0.47,16.74,18.57,20.18,0.39,19.41,20.95,22.71,0.48,21.76,23.66,0.95,0.62
126437,Melanogrammus aeglefinus,Combined,Area,NA,3.c.22,NA,44,18.07,1.91,14.32,21.82,21.96,1.25,19.5,24.42,25.85,1.73,22.47,29.24,0.78,0.25
127160,Solea solea,Combined,Area,NA,3.a.20,NA,163,21.28,1.1,19.13,23.44,25.44,0.78,23.91,26.96,29.59,0.92,27.78,31.4,0.85,0.39
126438,Merlangius merlangus,Combined,Area,NA,3.a.20,NA,8131,20,0.14,19.72,20.28,24.34,0.12,24.11,24.57,28.68,0.16,28.37,28.99,0.88,0.44
126484,Merluccius merluccius,Combined,Area,NA,3.a.21,NA,455,33.3,0.84,31.66,34.95,38.2,1.22,35.81,40.59,43.09,1.78,39.6,46.58,0.89,0.29
126437,Melanogrammus aeglefinus,Combined,Area,NA,3.a.20,NA,5474,25.96,0.2,25.57,26.35,30.73,0.17,30.39,31.06,35.49,0.22,35.07,35.92,0.9,0.51
126484,Merluccius merluccius,Combined,Area,NA,3.a.20,NA,1587,36.92,0.52,35.9,37.95,43.82,0.56,42.72,44.91,50.72,0.78,49.18,52.25,0.93,0.58
126438,Merlangius merlangus,Combined,Area,NA,3.b.23,NA,323,16.05,0.57,14.93,17.18,18.37,0.42,17.55,19.19,20.69,0.43,19.85,21.53,0.93,0.52
127139,Limanda limanda,Combined,Area,NA,3.a.20,NA,396,7.39,1.39,4.67,10.11,11.78,0.86,10.09,13.48,16.17,0.58,15.03,17.31,0.79,0.2
126441,Pollachius virens,Combined,Area,NA,3.a.20,NA,1010,44.73,0.6,43.54,45.91,51.36,0.53,50.31,52.4,57.99,0.81,56.39,59.58,0.87,0.4
126444,Trisopterus esmarkii,Combined,Area,NA,3.a.21,NA,1035,12.22,0.11,12,12.44,13.62,0.13,13.38,13.87,15.03,0.2,14.64,15.41,0.83,0.35
126444,Trisopterus esmarkii,Combined,Area,NA,3.a.20,NA,2935,12.67,0.07,12.53,12.81,13.82,0.06,13.7,13.95,14.97,0.08,14.82,15.12,0.94,0.62
127136,Glyptocephalus cynoglossus,Combined,Area,NA,3.a.20,NA,3171,26.54,0.36,25.84,27.24,34.3,0.33,33.65,34.95,42.07,0.62,40.86,43.28,0.74,0.15
127160,Solea solea,Combined,Area,NA,8.a,NA,5668,19.53,0.16,19.21,19.86,22.27,0.11,22.04,22.49,25,0.11,24.79,25.21,0.9,0.48
127160,Solea solea,Combined,Area,NA,8.b,NA,4871,19.26,0.18,18.91,19.6,22.35,0.12,22.11,22.59,25.45,0.12,25.21,25.69,0.88,0.45
126986,Mullus surmuletus,Combined,Area,NA,8.b,NA,701,12.59,0.47,11.66,13.51,16.4,0.3,15.82,16.99,20.22,0.47,19.3,21.14,0.78,0.22
126986,Mullus surmuletus,Combined,Area,NA,8.a,NA,617,14.36,0.32,13.73,15,17.48,0.31,16.87,18.08,20.59,0.49,19.64,21.55,0.85,0.36
126554,Lophius budegassa,Combined,Area,NA,8.a,NA,727,26.11,0.77,24.61,27.62,33.54,0.66,32.25,34.83,40.97,0.96,39.08,42.85,0.86,0.38
126975,Dicentrarchus labrax,Combined,Area,NA,8.b,NA,181,30.36,1.32,27.77,32.94,33.85,0.84,32.21,35.5,37.35,0.73,35.92,38.79,0.86,0.33
126555,Lophius piscatorius,Combined,Area,NA,8.a,NA,381,35.34,1.31,32.77,37.92,44.04,1.43,41.24,46.85,52.74,1.98,48.85,56.63,0.93,0.55
126555,Lophius piscatorius,Combined,Area,NA,8.b,NA,106,42.38,2.21,38.05,46.71,48.55,2.16,44.31,52.79,54.72,2.8,49.24,60.2,0.96,0.65
126554,Lophius budegassa,Combined,Area,NA,8.b,NA,254,27.27,1.39,24.55,29.99,34.46,1.03,32.45,36.48,41.65,1.46,38.8,44.51,0.86,0.37
126975,Dicentrarchus labrax,Combined,Area,NA,8.a,NA,327,30.26,1.41,27.5,33.01,32.66,0.98,30.73,34.59,35.07,0.71,33.68,36.45,0.94,0.3
126438,Merlangius merlangus,Combined,Area,NA,8.a,NA,617,16.41,0.7,15.03,17.79,21.69,0.49,20.72,22.65,26.96,0.6,25.79,28.14,0.85,0.36
126484,Merluccius merluccius,Combined,Area,NA,8.a,NA,1086,31.72,0.54,30.65,32.79,38.06,0.63,36.83,39.29,44.41,0.95,42.55,46.27,0.92,0.53
126484,Merluccius merluccius,Combined,Area,NA,8.b,NA,1164,28.91,0.53,27.87,29.94,35.08,0.42,34.26,35.9,41.25,0.61,40.06,42.44,0.85,0.37
126438,Merlangius merlangus,Combined,Area,NA,8.b,NA,308,20.3,0.75,18.83,21.77,25.37,0.7,24,26.75,30.45,1.08,28.34,32.56,0.84,0.32
127150,Scophthalmus rhombus,Combined,Area,NA,4.b,NA,842,16.26,1.07,14.16,18.35,20.78,0.71,19.39,22.18,25.31,0.5,24.34,26.28,0.84,0.3
127150,Scophthalmus rhombus,Combined,Area,NA,4.c,NA,401,20.52,0.7,19.16,21.89,24.19,0.55,23.11,25.26,27.85,0.59,26.69,29,0.93,0.61
127149,Scophthalmus maximus,Combined,Area,NA,4.c,NA,399,18.72,0.6,17.55,19.89,22.25,0.44,21.38,23.12,25.78,0.54,24.72,26.84,0.88,0.43
127149,Scophthalmus maximus,Combined,Area,NA,4.b,NA,1671,15.44,0.59,14.29,16.59,18.82,0.39,18.05,19.58,22.2,0.29,21.64,22.76,0.89,0.3
126436,Gadus morhua,Combined,Area,NA,4.b,NA,14071,31.62,0.17,31.27,31.96,39.21,0.19,38.83,39.59,46.8,0.29,46.23,47.37,0.9,0.47
126436,Gadus morhua,Combined,Area,NA,4.a,NA,18114,41.73,0.23,41.27,42.18,53.13,0.21,52.72,53.54,64.53,0.3,63.95,65.12,0.86,0.4
127160,Solea solea,Combined,Area,NA,4.c,NA,3961,13.72,0.2,13.32,14.11,16.56,0.14,16.28,16.84,19.4,0.14,19.13,19.66,0.9,0.49
127160,Solea solea,Combined,Area,NA,4.b,NA,4197,13.85,0.34,13.19,14.52,16.83,0.23,16.39,17.27,19.81,0.15,19.51,20.1,0.86,0.23
127140,Microstomus kitt,Combined,Area,NA,4.b,NA,12593,8.1,0.37,7.38,8.82,12.1,0.25,11.62,12.59,16.1,0.15,15.82,16.39,0.79,0.14
127140,Microstomus kitt,Combined,Area,NA,4.a,NA,3367,7.84,0.97,5.94,9.74,11.7,0.69,10.35,13.04,15.55,0.43,14.72,16.39,0.8,0.1
127140,Microstomus kitt,Combined,Area,NA,4.c,NA,910,14.02,0.26,13.51,14.52,16.62,0.2,16.22,17.02,19.22,0.28,18.68,19.76,0.86,0.4
126436,Gadus morhua,Combined,Area,NA,4.c,NA,2859,34.55,0.58,33.41,35.69,44.76,0.47,43.85,45.68,54.97,0.61,53.77,56.17,0.88,0.44
127136,Glyptocephalus cynoglossus,Combined,Area,NA,4.b,NA,482,15.09,1.12,12.9,17.28,19,0.78,17.47,20.52,22.9,0.6,21.72,24.08,0.87,0.4
126484,Merluccius merluccius,Combined,Area,NA,4.b,NA,695,25.91,0.88,24.18,27.65,31.59,0.63,30.36,32.83,37.27,0.69,35.91,38.62,0.92,0.51
127136,Glyptocephalus cynoglossus,Combined,Area,NA,4.a,NA,491,9.66,2.44,4.88,14.43,15.85,1.62,12.67,19.03,22.05,0.98,20.12,23.97,0.76,0.17
126484,Merluccius merluccius,Combined,Area,NA,4.a,NA,3076,35.1,0.39,34.34,35.86,42.68,0.38,41.93,43.43,50.26,0.54,49.2,51.33,0.91,0.5
127143,Pleuronectes platessa,Combined,Area,NA,4.b,NA,45404,16.06,0.06,15.93,16.19,19.47,0.05,19.38,19.56,22.89,0.05,22.79,22.98,0.91,0.51
127139,Limanda limanda,Combined,Area,NA,4.b,NA,6545,11.97,0.13,11.72,12.22,14.12,0.09,13.95,14.29,16.26,0.08,16.1,16.42,0.9,0.43
105876,Leucoraja naevus,Combined,Area,NA,4.a,NA,51,46.92,1.98,43.04,50.79,50.36,1.4,47.62,53.11,53.81,1.42,51.03,56.59,0.9,0.54
127143,Pleuronectes platessa,Combined,Area,NA,4.c,NA,11146,17.12,0.09,16.94,17.29,20.07,0.08,19.91,20.22,23.01,0.1,22.82,23.2,0.92,0.55
127139,Limanda limanda,Combined,Area,NA,4.c,NA,1445,13.85,0.28,13.31,14.39,16.71,0.19,16.33,17.08,19.56,0.21,19.15,19.97,0.87,0.4
127259,Chelidonichthys cuculus,Combined,Area,NA,8.b,NA,197,16.05,0.8,14.48,17.63,19.39,0.54,18.33,20.44,22.72,0.66,21.43,24.02,0.82,0.32
127259,Chelidonichthys cuculus,Combined,Area,NA,8.a,NA,723,17.32,0.53,16.29,18.36,21.55,0.37,20.82,22.28,25.78,0.45,24.89,26.66,0.86,0.38
126438,Merlangius merlangus,Combined,Area,NA,7.g,NA,1872,15.59,0.34,14.93,16.25,19.09,0.24,18.61,19.56,22.58,0.27,22.05,23.11,0.92,0.49
126436,Gadus morhua,Combined,Area,NA,7.g,NA,95,25.25,6.11,13.28,37.21,39.56,3.37,32.96,46.16,53.88,4.04,45.96,61.79,0.76,0.18
126437,Melanogrammus aeglefinus,Combined,Area,NA,7.h,NA,922,19.04,1.45,16.19,21.88,28.81,0.99,26.88,30.75,38.59,0.9,36.82,40.37,0.86,0.38
126437,Melanogrammus aeglefinus,Combined,Area,NA,7.j.2,NA,1782,17.19,0.73,15.75,18.63,23.05,0.5,22.08,24.03,28.92,0.44,28.05,29.78,0.9,0.41
126437,Melanogrammus aeglefinus,Combined,Area,NA,8.a,NA,196,26.86,1.44,24.03,29.68,32.19,1.08,30.07,34.31,37.53,1.19,35.2,39.86,0.92,0.55
126437,Melanogrammus aeglefinus,Combined,Area,NA,7.g,NA,497,18.52,0.65,17.25,19.79,21.07,0.48,20.13,22,23.61,0.47,22.7,24.53,0.97,0.65
126421,Sardina pilchardus,Combined,Area,NA,8.a,NA,63,13.85,0.52,12.82,14.87,15.11,0.43,14.27,15.95,16.38,0.5,15.39,17.36,0.9,0.55
126484,Merluccius merluccius,Combined,Area,NA,8.c,NA,10696,28.52,0.21,28.1,28.94,36.82,0.19,36.45,37.18,45.12,0.29,44.56,45.68,0.84,0.31
126484,Merluccius merluccius,Combined,Area,NA,7.g,NA,710,24.6,0.67,23.28,25.92,28.38,0.54,27.31,29.44,32.15,0.62,30.94,33.37,0.97,0.69
126484,Merluccius merluccius,Combined,Area,NA,7.j.2,NA,906,27.19,0.64,25.94,28.45,33.53,0.53,32.48,34.58,39.86,0.78,38.33,41.4,0.9,0.47
126484,Merluccius merluccius,Combined,Area,NA,7.h,NA,372,32.62,1.32,30.03,35.21,38.15,1.06,36.07,40.24,43.69,1.21,41.31,46.07,0.97,0.69
127160,Solea solea,Combined,Area,NA,7.g,NA,227,17.41,1.69,14.1,20.72,20.42,1.12,18.22,22.62,23.43,0.72,22.03,24.84,0.85,0.22
126555,Lophius piscatorius,Combined,Area,NA,7.g,NA,284,28.43,1.79,24.92,31.94,38.51,1.4,35.78,41.25,48.6,1.94,44.8,52.4,0.86,0.39
126555,Lophius piscatorius,Combined,Area,NA,7.j.2,NA,148,31.66,2.54,26.68,36.64,39.1,1.93,35.31,42.89,46.54,2,42.63,50.45,0.93,0.62
126555,Lophius piscatorius,Combined,Area,NA,7.h,NA,113,40.02,3.89,32.39,47.65,47.45,2.9,41.77,53.13,54.88,2.51,49.95,59.81,0.94,0.71
126445,Trisopterus luscus,Combined,Area,NA,8.b,NA,565,15.18,0.46,14.27,16.09,18.49,0.35,17.81,19.17,21.81,0.44,20.95,22.66,0.88,0.43
126445,Trisopterus luscus,Combined,Area,NA,8.a,NA,580,12.35,1.18,10.03,14.67,16.84,0.81,15.26,18.43,21.33,0.59,20.17,22.49,0.85,0.31
126554,Lophius budegassa,Combined,Area,NA,8.c,NA,1141,33.16,0.74,31.72,34.61,42.15,0.63,40.91,43.4,51.14,0.95,49.28,53,0.86,0.36
126554,Lophius budegassa,Combined,Area,NA,7.j.2,NA,507,25.34,1.17,23.05,27.64,34.34,0.91,32.57,36.12,43.34,1.26,40.87,45.81,0.85,0.35
126554,Lophius budegassa,Combined,Area,NA,7.g,NA,104,19.21,4.94,9.53,28.89,29.77,3.02,23.86,35.68,40.33,2.58,35.28,45.38,0.8,0.25
126554,Lophius budegassa,Combined,Area,NA,7.h,NA,86,27.79,4.49,18.98,36.59,39.59,3.21,33.3,45.89,51.4,3.48,44.57,58.23,0.85,0.41
126438,Merlangius merlangus,Combined,Area,NA,7.h,NA,135,24.2,3.1,18.12,30.28,30.14,1.95,26.33,33.95,36.08,1.34,33.45,38.7,0.81,0.26
126445,Trisopterus luscus,Combined,Area,NA,8.c,NA,1195,8.72,1.82,5.15,12.28,15.32,1.11,13.15,17.5,21.93,0.54,20.87,22.99,0.69,0.08
126555,Lophius piscatorius,Combined,Area,NA,8.c,NA,2610,46.56,0.58,45.43,47.69,54.68,0.63,53.45,55.91,62.79,0.84,61.15,64.44,0.96,0.6
126438,Merlangius merlangus,Combined,Area,NA,7.d,NA,6566,15.49,0.27,14.97,16.01,19.51,0.17,19.17,19.85,23.53,0.14,23.27,23.8,0.84,0.31
126438,Merlangius merlangus,Combined,Area,NA,4.c,NA,12400,14.45,0.16,14.14,14.75,18.7,0.1,18.5,18.9,22.95,0.1,22.75,23.15,0.85,0.33
126436,Gadus morhua,Combined,Area,NA,7.d,NA,1454,36.51,0.66,35.21,37.8,44.76,0.52,43.75,45.78,53.02,0.71,51.64,54.4,0.87,0.42
127143,Pleuronectes platessa,Combined,Area,NA,7.d,NA,6944,13.2,0.34,12.55,13.86,17.39,0.22,16.96,17.81,21.57,0.15,21.27,21.86,0.85,0.23
127143,Pleuronectes platessa,Combined,Area,NA,7.e,NA,161,19.15,1.22,16.76,21.53,22.51,0.84,20.86,24.17,25.88,0.79,24.32,27.44,0.9,0.43
127259,Chelidonichthys cuculus,Combined,Area,NA,7.d,NA,1102,18.77,0.46,17.86,19.67,22.3,0.3,21.72,22.88,25.83,0.28,25.28,26.37,0.85,0.33
126975,Dicentrarchus labrax,Combined,Area,NA,7.d,NA,2044,24.91,0.64,23.65,26.17,28.76,0.43,27.91,29.6,32.6,0.31,32,33.2,0.89,0.28
126975,Dicentrarchus labrax,Combined,Area,NA,4.c,NA,491,25.19,0.71,23.8,26.59,27.6,0.52,26.59,28.61,30.01,0.49,29.06,30.96,0.96,0.56
127262,Chelidonichthys lucerna,Combined,Area,NA,7.d,NA,80,21.1,1.5,18.15,24.04,25.43,1.05,23.38,27.48,29.76,1.49,26.84,32.69,0.8,0.28
126438,Merlangius merlangus,Combined,Area,NA,7.e,NA,2192,22.99,0.33,22.33,23.64,27.3,0.24,26.84,27.77,31.62,0.27,31.09,32.14,0.88,0.46
126445,Trisopterus luscus,Combined,Area,NA,7.d,NA,926,14.22,0.48,13.28,15.17,18.29,0.33,17.65,18.94,22.36,0.37,21.64,23.09,0.85,0.36
126445,Trisopterus luscus,Combined,Area,NA,7.e,NA,49,15.06,1.36,12.39,17.73,18.23,1.34,15.6,20.86,21.4,1.79,17.89,24.9,0.94,0.61
126445,Trisopterus luscus,Combined,Area,NA,4.c,NA,339,13.16,0.72,11.74,14.58,16.11,0.46,15.2,17.01,19.05,0.43,18.2,19.9,0.85,0.31
105891,Raja undulata,Combined,Area,NA,7.d,NA,174,63.14,1.59,60.03,66.25,67.86,1.35,65.23,70.5,72.59,1.52,69.62,75.56,0.97,0.77
105815,Scyliorhinus stellaris,Combined,Area,NA,7.d,NA,180,71.22,2.69,65.95,76.49,79.75,2.28,75.28,84.22,88.28,2.42,83.53,93.02,0.96,0.75
105883,Raja clavata,Combined,Area,NA,7.d,NA,83,56.97,1.58,53.87,60.07,59.48,1.25,57.04,61.92,62,1.22,59.61,64.38,0.99,0.78
105883,Raja clavata,Combined,Area,NA,7.e,NA,102,58.74,1.33,56.14,61.35,61.75,1.05,59.69,63.82,64.76,1.14,62.53,67,0.96,0.62
105891,Raja undulata,Combined,Area,NA,7.e,NA,65,67.68,1.47,64.8,70.56,70.52,1.31,67.96,73.09,73.37,1.55,70.33,76.4,0.98,0.75
105815,Scyliorhinus stellaris,Combined,Area,NA,7.e,NA,40,76.28,9.91,56.86,95.69,98.08,7.29,83.8,112.37,119.89,12.72,94.96,144.82,0.8,0.22
126438,Merlangius merlangus,Combined,Area,NA,7.a,NA,39290,17.39,0.1,17.2,17.58,24.5,0.08,24.35,24.65,31.61,0.13,31.35,31.87,0.77,0.2
126436,Gadus morhua,Combined,Area,NA,7.a,NA,4446,29.2,0.32,28.56,29.83,34.69,0.26,34.18,35.2,40.18,0.28,39.63,40.74,0.94,0.65
126437,Melanogrammus aeglefinus,Combined,Area,NA,7.a,NA,15917,18.62,0.1,18.43,18.81,21.63,0.08,21.48,21.78,24.63,0.09,24.47,24.8,0.95,0.6
127143,Pleuronectes platessa,Combined,Area,NA,7.a,NA,4277,16.23,0.21,15.82,16.64,19.73,0.14,19.45,20.01,23.22,0.15,22.92,23.51,0.88,0.4
126417,Clupea harengus,Combined,Area,NA,7.a,NA,3449,21.76,0.09,21.59,21.94,23.15,0.08,22.98,23.31,24.53,0.11,24.31,24.75,0.95,0.54
126484,Merluccius merluccius,Combined,Area,NA,7.a,NA,195,29.88,5.01,20.06,39.7,53.04,6,41.28,64.79,76.19,14.28,48.2,104.18,0.63,0.03
126438,Merlangius merlangus,Combined,Area,NA,4.a,NA,46130,17.05,0.09,16.88,17.23,21.23,0.06,21.1,21.35,25.4,0.06,25.29,25.52,0.89,0.48
126438,Merlangius merlangus,Combined,Area,NA,4.b,NA,57471,15.33,0.06,15.21,15.44,18.94,0.04,18.86,19.02,22.55,0.04,22.47,22.64,0.88,0.43
126444,Trisopterus esmarkii,Combined,Area,NA,4.a,NA,15924,10.22,0.04,10.13,10.3,11.55,0.03,11.48,11.61,12.88,0.04,12.81,12.95,0.92,0.51
126444,Trisopterus esmarkii,Combined,Area,NA,4.b,NA,6565,9.64,0.1,9.45,9.83,11.54,0.06,11.42,11.65,13.44,0.07,13.31,13.56,0.83,0.29
126437,Melanogrammus aeglefinus,Combined,Area,NA,4.a,NA,49095,21.03,0.07,20.9,21.16,24.3,0.05,24.2,24.4,27.57,0.05,27.47,27.67,0.94,0.6
126437,Melanogrammus aeglefinus,Combined,Area,NA,4.b,NA,32929,19.97,0.07,19.84,20.1,22.69,0.05,22.59,22.79,25.41,0.05,25.3,25.52,0.95,0.61
126425,Sprattus sprattus,Combined,Area,NA,4.b,NA,26432,6.99,0.04,6.9,7.07,8.41,0.03,8.35,8.46,9.83,0.02,9.78,9.87,0.83,0.29
126425,Sprattus sprattus,Combined,Area,NA,4.c,NA,6167,5.25,0.17,4.91,5.59,7.1,0.11,6.88,7.31,8.94,0.07,8.81,9.07,0.76,0.16
126425,Sprattus sprattus,Combined,Area,NA,4.a,NA,1686,7.87,0.09,7.69,8.05,8.53,0.06,8.4,8.66,9.19,0.06,9.07,9.31,0.94,0.5
126417,Clupea harengus,Combined,Area,NA,4.a,NA,52790,21.22,0.03,21.16,21.28,22.54,0.02,22.5,22.59,23.87,0.02,23.83,23.91,0.96,0.64
126417,Clupea harengus,Combined,Area,NA,4.b,NA,66801,20.11,0.02,20.06,20.15,21.97,0.02,21.93,22.02,23.84,0.03,23.78,23.9,0.94,0.61
126417,Clupea harengus,Combined,Area,NA,3.a.20,NA,27945,22.8,0.03,22.73,22.86,24.3,0.03,24.24,24.37,25.81,0.05,25.72,25.9,0.95,0.59
126417,Clupea harengus,Combined,Area,NA,4.c,NA,6977,19.07,0.09,18.9,19.24,21.08,0.07,20.94,21.22,23.08,0.09,22.91,23.25,0.94,0.61
127023,Scomber scombrus,Combined,Area,NA,4.a,NA,15037,25.05,0.07,24.92,25.19,27.13,0.05,27.02,27.23,29.2,0.06,29.09,29.31,0.95,0.63
126441,Pollachius virens,Combined,Area,NA,4.a,NA,13604,43.82,0.17,43.49,44.15,50.22,0.13,49.96,50.47,56.61,0.18,56.25,56.97,0.87,0.42
127023,Scomber scombrus,Combined,Area,NA,4.b,NA,9417,24.27,0.09,24.09,24.44,26.77,0.06,26.65,26.9,29.27,0.08,29.13,29.42,0.88,0.44
126437,Melanogrammus aeglefinus,Combined,Area,NA,4.c,NA,104,22.11,0.89,20.37,23.86,24.22,0.75,22.75,25.69,26.33,0.81,24.74,27.92,0.96,0.65
126441,Pollachius virens,Combined,Area,NA,4.b,NA,153,42.82,1.76,39.37,46.26,50.95,2.83,45.41,56.49,59.09,4.53,50.21,67.96,0.79,0.16
127023,Scomber scombrus,Combined,Area,NA,4.c,NA,481,24.86,0.43,24.03,25.7,27.84,0.31,27.24,28.44,30.82,0.42,30,31.63,0.85,0.37
126425,Sprattus sprattus,Combined,Area,NA,3.a.20,NA,6078,10.07,0.05,9.97,10.16,11.52,0.05,11.42,11.62,12.97,0.08,12.82,13.12,0.85,0.31
126461,Molva molva,Combined,Area,NA,4.a,NA,65,51.13,4.07,43.14,59.11,60.43,3.45,53.66,67.2,69.73,4.57,60.77,78.69,0.94,0.57
126425,Sprattus sprattus,Combined,Area,NA,3.a.21,NA,8787,9.65,0.06,9.53,9.76,11.52,0.04,11.43,11.61,13.39,0.07,13.27,13.52,0.83,0.31
126425,Sprattus sprattus,Combined,Area,NA,3.c.22,NA,981,7.36,1.05,5.3,9.42,13.2,0.37,12.48,13.92,19.04,1.3,16.49,21.59,0.56,0.03
126822,Trachurus trachurus,Combined,Area,NA,4.b,NA,560,12.61,1.1,10.45,14.78,15,0.83,13.37,16.62,17.38,0.62,16.17,18.6,0.89,0.43
126426,Engraulis encrasicolus,Combined,Area,NA,4.b,NA,482,10.09,0.33,9.43,10.74,11.55,0.22,11.13,11.98,13.02,0.18,12.67,13.38,0.86,0.36
126425,Sprattus sprattus,Combined,Area,NA,7.d,NA,960,5.76,0.55,4.68,6.84,6.72,0.42,5.89,7.55,7.68,0.31,7.07,8.3,0.9,0.2
126986,Mullus surmuletus,Combined,Area,NA,4.b,NA,232,12.43,0.39,11.67,13.19,14.17,0.29,13.6,14.75,15.91,0.37,15.19,16.64,0.89,0.44
126555,Lophius piscatorius,Combined,Area,NA,4.b,NA,68,23.57,5,13.78,33.36,36.35,3.2,30.07,42.63,49.14,5,39.33,58.94,0.78,0.23
126986,Mullus surmuletus,Combined,Area,NA,7.d,NA,116,11.62,0.71,10.23,13.02,13.6,0.41,12.78,14.41,15.57,0.52,14.54,16.6,0.78,0.23
126555,Lophius piscatorius,Combined,Area,NA,4.a,NA,177,38.27,1.32,35.67,40.86,42.6,1.1,40.45,44.75,46.93,1.28,44.43,49.44,0.97,0.71
127140,Microstomus kitt,Combined,Area,NA,3.a.20,NA,88,17.91,1.9,14.19,21.64,24.35,1.48,21.46,27.25,30.79,2.67,25.56,36.03,0.74,0.17
126417,Clupea harengus,Combined,Area,NA,7.d,NA,1507,12.58,1.01,10.61,14.56,16.38,0.69,15.03,17.74,20.18,0.42,19.35,21.01,0.72,0.15
150637,Eutrigla gurnardus,Combined,Area,NA,4.b,NA,3867,13.12,0.24,12.65,13.59,15.38,0.16,15.05,15.7,17.63,0.13,17.38,17.88,0.91,0.39
126975,Dicentrarchus labrax,Combined,Area,NA,4.b,NA,206,25.62,1.39,22.9,28.34,28.96,0.86,27.27,30.65,32.3,0.61,31.1,33.51,0.81,0.21
127160,Solea solea,Combined,Area,NA,7.d,NA,80,16.25,0.95,14.39,18.1,18.59,0.67,17.28,19.9,20.93,0.76,19.44,22.43,0.88,0.42
127023,Scomber scombrus,Combined,Area,NA,7.d,NA,112,27.51,0.49,26.56,28.46,28.88,0.41,28.09,29.68,30.26,0.49,29.31,31.21,0.94,0.61
105865,Amblyraja radiata,Combined,Area,NA,4.b,NA,101,29.37,1.73,25.99,32.76,32.81,1.21,30.45,35.18,36.25,1.06,34.18,38.32,0.9,0.49
150637,Eutrigla gurnardus,Combined,Area,NA,4.a,NA,1492,12.12,0.81,10.54,13.7,15.53,0.55,14.44,16.62,18.94,0.37,18.22,19.66,0.86,0.22
150637,Eutrigla gurnardus,Combined,Area,NA,3.a.20,NA,61,13.95,2.63,8.79,19.11,18.82,1.62,15.65,22,23.7,1.63,20.5,26.89,0.81,0.26
126986,Mullus surmuletus,Combined,Area,NA,4.c,NA,209,12.57,0.38,11.82,13.31,14.1,0.25,13.6,14.59,15.62,0.31,15.02,16.22,0.84,0.34
126439,Micromesistius poutassou,Combined,Area,NA,4.a,NA,260,21.6,0.49,20.65,22.56,24.02,0.47,23.11,24.94,26.44,0.6,25.27,27.61,0.92,0.6
105865,Amblyraja radiata,Combined,Area,NA,4.a,NA,232,32.51,0.85,30.83,34.18,36.09,0.58,34.95,37.24,39.68,0.67,38.37,40.98,0.89,0.45
105913,Etmopterus spinax,Combined,Area,NA,4.a,NA,159,28.65,0.63,27.43,29.88,31.32,0.57,30.2,32.43,33.98,0.79,32.43,35.53,0.89,0.47
126426,Engraulis encrasicolus,Combined,Area,NA,3.a.20,NA,35,13.62,0.47,12.69,14.55,14.51,0.4,13.72,15.29,15.39,0.52,14.38,16.4,0.91,0.53
126751,Ammodytes marinus,Combined,Area,NA,4.b,NA,44900,10.46,0.02,10.43,10.49,11.3,0.02,11.27,11.33,12.14,0.02,12.11,12.18,0.97,0.72
126751,Ammodytes marinus,Combined,Area,NA,3.a.20,NA,5609,11.36,0.05,11.26,11.46,12.01,0.05,11.91,12.1,12.65,0.06,12.53,12.78,0.99,0.82
126751,Ammodytes marinus,Combined,Area,NA,4.a,NA,2527,10.52,0.08,10.37,10.67,11.56,0.07,11.42,11.7,12.6,0.09,12.43,12.77,0.97,0.71
126751,Ammodytes marinus,Combined,Area,NA,4.c,NA,5475,9.49,0.04,9.42,9.56,10.11,0.04,10.04,10.19,10.73,0.05,10.64,10.83,0.97,0.68
126822,Trachurus trachurus,Combined,Area,NA,9.a,NA,10718,17.91,0.06,17.79,18.03,19.57,0.05,19.47,19.66,21.22,0.06,21.11,21.34,0.95,0.64
126484,Merluccius merluccius,Combined,Area,NA,9.a,NA,56060,25.33,0.08,25.17,25.5,33.68,0.1,33.49,33.87,42.02,0.17,41.7,42.35,0.78,0.2
126439,Micromesistius poutassou,Combined,Area,NA,9.a,NA,9806,18.23,0.07,18.1,18.36,20.35,0.05,20.25,20.45,22.46,0.07,22.33,22.59,0.87,0.43
126438,Merlangius merlangus,Combined,Area,NA,6.a,NA,26680,17.19,0.06,17.07,17.31,19.41,0.05,19.32,19.5,21.63,0.05,21.53,21.73,0.95,0.6
126444,Trisopterus esmarkii,Combined,Area,NA,6.a,NA,9853,10.01,0.07,9.87,10.15,11.81,0.05,11.72,11.9,13.61,0.05,13.51,13.71,0.85,0.32
126436,Gadus morhua,Combined,Area,NA,6.a,NA,4267,26.82,0.75,25.35,28.3,37.8,0.47,36.88,38.73,48.78,0.44,47.92,49.65,0.83,0.31
126437,Melanogrammus aeglefinus,Combined,Area,NA,6.a,NA,38292,18.59,0.07,18.46,18.71,21.14,0.05,21.04,21.23,23.69,0.05,23.59,23.79,0.95,0.6
126417,Clupea harengus,Combined,Area,NA,6.a,NA,32084,21.2,0.03,21.14,21.27,22.3,0.03,22.25,22.35,23.39,0.03,23.34,23.44,0.98,0.76
127023,Scomber scombrus,Combined,Area,NA,6.a,NA,8550,24.79,0.07,24.65,24.93,26.44,0.06,26.33,26.56,28.1,0.07,27.95,28.24,0.96,0.7
126441,Pollachius virens,Combined,Area,NA,6.a,NA,3301,35.15,0.62,33.94,36.36,45.41,0.38,44.67,46.15,55.68,0.59,54.52,56.83,0.78,0.24
126438,Merlangius merlangus,Combined,Area,NA,7.b,NA,681,11.42,1.58,8.32,14.51,16.64,1.03,14.62,18.66,21.86,0.63,20.62,23.1,0.82,0.25
126444,Trisopterus esmarkii,Combined,Area,NA,7.b,NA,210,12.39,0.29,11.82,12.96,13.6,0.26,13.09,14.11,14.81,0.31,14.2,15.41,0.94,0.65
126437,Melanogrammus aeglefinus,Combined,Area,NA,7.b,NA,1026,21.03,0.28,20.49,21.58,22.83,0.23,22.38,23.27,24.62,0.24,24.14,25.1,0.97,0.73
126484,Merluccius merluccius,Combined,Area,NA,6.a,NA,266,26,3.08,19.96,32.03,40.47,1.98,36.59,44.34,54.94,2.45,50.14,59.74,0.79,0.27
126554,Lophius budegassa,Combined,Area,NA,9.a,NA,231,23.76,3.31,17.27,30.24,43.3,3.14,37.14,49.46,62.84,6.07,50.94,74.73,0.68,0.15
126555,Lophius piscatorius,Combined,Area,NA,9.a,NA,84,42.59,2.51,37.67,47.51,50.07,3.05,44.09,56.06,57.55,4.47,48.79,66.32,0.95,0.5
127145,Lepidorhombus boscii,Combined,Area,NA,8.c,NA,5806,17.34,0.12,17.11,17.57,19.5,0.09,19.32,19.68,21.66,0.1,21.46,21.87,0.95,0.66
127145,Lepidorhombus boscii,Combined,Area,NA,9.a,NA,2130,17.96,0.13,17.71,18.21,19.35,0.1,19.14,19.55,20.73,0.12,20.49,20.97,0.97,0.73
126822,Trachurus trachurus,Combined,Area,NA,8.c,NA,3685,17.78,0.17,17.44,18.12,20.34,0.14,20.07,20.61,22.9,0.15,22.59,23.2,0.95,0.59
126445,Trisopterus luscus,Combined,Area,NA,9.a,NA,221,17.72,0.9,15.96,19.48,23.32,1.13,21.11,25.54,28.92,2.25,24.52,33.32,0.7,0.09
126822,Trachurus trachurus,Combined,Area,NA,8.b,NA,102,17.47,1.07,15.36,19.57,20.26,0.92,18.45,22.06,23.05,1.07,20.94,25.15,0.94,0.62
127251,Helicolenus dactylopterus,Combined,Area,NA,8.c,NA,986,30.62,0.67,29.3,31.93,36.9,1.12,34.7,39.1,43.17,1.7,39.84,46.51,0.79,0.13
126439,Micromesistius poutassou,Combined,Area,NA,8.c,NA,455,13.05,0.67,11.73,14.36,14.82,0.52,13.8,15.84,16.6,0.48,15.65,17.54,0.94,0.57
126555,Lophius piscatorius,Combined,Area,NA,7.b,NA,172,34.9,3.58,27.88,41.93,43.9,2.26,39.46,48.33,52.89,1.77,49.42,56.36,0.84,0.4
126554,Lophius budegassa,Combined,Area,NA,7.c.2,NA,626,34.81,0.9,33.04,36.58,41.8,0.71,40.41,43.19,48.79,0.9,47.03,50.55,0.9,0.49
126554,Lophius budegassa,Combined,Area,NA,7.k.2,NA,61,30.22,4.26,21.86,38.57,37.74,3.29,31.3,44.18,45.27,3.42,38.55,51.98,0.95,0.71
126554,Lophius budegassa,Combined,Area,NA,7.b,NA,127,27.14,3.31,20.65,33.62,37.04,2.09,32.95,41.13,46.95,2.32,42.4,51.5,0.81,0.31
126484,Merluccius merluccius,Combined,Area,NA,7.k.2,NA,437,46.3,2.77,40.86,51.73,60.98,1.41,58.23,63.74,75.67,2.27,71.21,80.13,0.71,0.13
126484,Merluccius merluccius,Combined,Area,NA,7.c.2,NA,1002,48.08,0.94,46.24,49.91,57.61,1.05,55.55,59.67,67.14,1.45,64.3,69.98,0.92,0.44
126484,Merluccius merluccius,Combined,Area,NA,7.b,NA,145,50.98,3.08,44.94,57.01,55.11,2.1,51,59.22,59.24,2.29,54.76,63.72,0.99,0.75
127146,Lepidorhombus whiffiagonis,Combined,Area,NA,7.c.2,NA,916,18.45,0.31,17.84,19.06,20.55,0.3,19.96,21.15,22.65,0.38,21.92,23.39,0.98,0.79
127251,Helicolenus dactylopterus,Combined,Area,NA,7.k.2,NA,1271,30.6,0.71,29.21,31.99,40.89,1.51,37.93,43.85,51.18,2.61,46.08,56.29,0.69,0.07
127251,Helicolenus dactylopterus,Combined,Area,NA,7.c.2,NA,744,30.8,0.74,29.35,32.26,38.88,1.25,36.42,41.33,46.95,2.07,42.89,51.02,0.75,0.13
126460,Molva macrophthalma,Combined,Area,NA,7.k.2,NA,140,63.05,2.7,57.75,68.35,72.72,1.8,69.19,76.25,82.39,2.37,77.75,87.03,0.81,0.29
127136,Glyptocephalus cynoglossus,Combined,Area,NA,7.c.2,NA,235,27.52,0.8,25.94,29.09,31.5,0.55,30.42,32.59,35.49,0.81,33.91,37.07,0.79,0.26
127251,Helicolenus dactylopterus,Combined,Area,NA,7.b,NA,85,15.04,2.65,9.85,20.23,23.76,2.48,18.9,28.63,32.49,5.49,21.72,43.26,0.68,0.07
126460,Molva macrophthalma,Combined,Area,NA,7.c.2,NA,109,82.03,3.47,75.23,88.83,94.9,3.85,87.35,102.45,107.77,5.82,96.36,119.18,0.87,0.34
126444,Trisopterus esmarkii,Combined,Area,NA,7.a,NA,514,12.53,0.18,12.17,12.88,13.99,0.17,13.66,14.32,15.45,0.24,14.98,15.92,0.88,0.47
127023,Scomber scombrus,Combined,Area,NA,7.a,NA,33,22.01,0.59,20.85,23.17,23.11,0.49,22.15,24.08,24.21,0.63,22.98,25.45,0.9,0.49
126436,Gadus morhua,M,Area,NA,3.d.25,NA,29321,16.26,0.16,15.94,16.58,22.24,0.1,22.03,22.44,28.22,0.09,28.03,28.4,0.85,0.32
126436,Gadus morhua,F,Area,NA,3.d.25,NA,29754,23.09,0.13,22.84,23.34,29.07,0.09,28.88,29.25,35.04,0.1,34.84,35.25,0.9,0.48
126436,Gadus morhua,M,Area,NA,3.d.26,NA,28261,13.83,0.24,13.37,14.29,19.51,0.16,19.2,19.81,25.19,0.11,24.98,25.39,0.83,0.24
126436,Gadus morhua,F,Area,NA,3.d.26,NA,25220,19.95,0.18,19.59,20.31,25.96,0.12,25.72,26.2,31.96,0.11,31.76,32.17,0.87,0.35
126436,Gadus morhua,F,Area,NA,3.b.23,NA,4026,29.64,0.55,28.57,30.71,41.23,0.42,40.41,42.05,52.82,0.57,51.7,53.94,0.85,0.37
126436,Gadus morhua,M,Area,NA,3.b.23,NA,4899,23.06,0.56,21.96,24.17,34.12,0.35,33.43,34.82,45.18,0.44,44.33,46.04,0.81,0.27
126436,Gadus morhua,F,Area,NA,3.d.24,NA,21799,17.65,0.17,17.31,17.99,23.14,0.12,22.89,23.38,28.63,0.12,28.39,28.87,0.91,0.49
126436,Gadus morhua,M,Area,NA,3.d.24,NA,20445,18.13,0.14,17.85,18.4,22.39,0.1,22.19,22.58,26.65,0.1,26.46,26.83,0.92,0.5
126436,Gadus morhua,M,Area,NA,3.a.20,NA,8209,43.41,0.32,42.79,44.03,53.56,0.35,52.87,54.25,63.7,0.51,62.7,64.7,0.88,0.4
126436,Gadus morhua,M,Area,NA,3.d.28.2,NA,7582,4.49,0.87,2.8,6.19,11.39,0.57,10.27,12.51,18.29,0.32,17.67,18.92,0.75,0.1
126436,Gadus morhua,F,Area,NA,3.d.28.2,NA,6458,7.66,0.65,6.37,8.94,16.19,0.4,15.41,16.97,24.72,0.27,24.19,25.25,0.79,0.17
126436,Gadus morhua,M,Area,NA,3.c.22,NA,10966,19.1,0.13,18.85,19.35,22.33,0.1,22.13,22.54,25.57,0.12,25.33,25.81,0.96,0.64
126436,Gadus morhua,F,Area,NA,3.c.22,NA,7713,19.74,0.17,19.42,20.06,23.94,0.14,23.65,24.22,28.13,0.19,27.76,28.5,0.95,0.62
126436,Gadus morhua,F,Area,NA,3.a.20,NA,8631,47.79,0.32,47.17,48.41,57.23,0.34,56.56,57.9,66.67,0.47,65.74,67.6,0.92,0.47
126436,Gadus morhua,M,Area,NA,3.a.21,NA,8432,20.51,0.31,19.92,21.11,30.13,0.23,29.67,30.59,39.75,0.35,39.06,40.43,0.85,0.33
126436,Gadus morhua,F,Area,NA,3.a.21,NA,7347,28.51,0.31,27.9,29.12,38.89,0.33,38.25,39.54,49.27,0.5,48.3,50.25,0.87,0.39
126436,Gadus morhua,M,Area,NA,3.d.27,NA,2009,17.52,0.51,16.51,18.53,22.56,0.33,21.92,23.2,27.59,0.31,26.99,28.19,0.85,0.31
126436,Gadus morhua,F,Area,NA,3.d.27,NA,1754,27.71,0.33,27.06,28.37,31.34,0.28,30.8,31.88,34.97,0.32,34.34,35.6,0.96,0.66
127141,Platichthys flesus,M,Area,NA,3.d.24,NA,4995,13.04,0.22,12.61,13.47,14.58,0.16,14.27,14.9,16.13,0.12,15.89,16.37,0.95,0.42
127141,Platichthys flesus,F,Area,NA,3.d.24,NA,8199,12.06,0.3,11.48,12.65,14.2,0.22,13.78,14.62,16.34,0.17,16.01,16.67,0.97,0.38
127141,Platichthys flesus,M,Area,NA,3.d.28.2,NA,4491,6.84,0.74,5.38,8.3,9.37,0.56,8.27,10.47,11.9,0.39,11.12,12.67,0.89,0.11
127141,Platichthys flesus,F,Area,NA,3.d.28.2,NA,4094,7.91,0.64,6.67,9.16,11.03,0.46,10.13,11.93,14.15,0.32,13.52,14.77,0.93,0.16
127141,Platichthys flesus,M,Area,NA,3.d.25,NA,5254,12.28,0.48,11.35,13.22,14.15,0.36,13.45,14.85,16.02,0.25,15.52,16.51,0.88,0.21
127141,Platichthys flesus,F,Area,NA,3.d.25,NA,7278,16,0.28,15.45,16.55,17.82,0.21,17.41,18.24,19.64,0.17,19.32,19.97,0.96,0.49
126417,Clupea harengus,F,Area,NA,3.d.24,NA,1232,13.2,0.49,12.24,14.17,16.39,0.32,15.76,17.01,19.57,0.24,19.09,20.04,0.82,0.26
126417,Clupea harengus,M,Area,NA,3.d.24,NA,1061,12.52,0.57,11.4,13.63,15.48,0.37,14.75,16.21,18.44,0.26,17.93,18.95,0.82,0.26
127143,Pleuronectes platessa,M,Area,NA,3.d.24,NA,8000,10.2,0.24,9.74,10.66,12.56,0.17,12.24,12.89,14.93,0.12,14.69,15.17,0.91,0.33
127143,Pleuronectes platessa,F,Area,NA,3.d.24,NA,13568,12.2,0.21,11.79,12.61,14.41,0.16,14.11,14.72,16.63,0.13,16.38,16.88,0.98,0.51
126417,Clupea harengus,F,Area,NA,3.d.26,NA,13867,13.12,0.08,12.96,13.27,14.75,0.06,14.64,14.86,16.38,0.05,16.29,16.48,0.91,0.51
126417,Clupea harengus,M,Area,NA,3.d.26,NA,11976,13.16,0.08,13.01,13.31,14.78,0.06,14.67,14.89,16.39,0.05,16.3,16.49,0.91,0.53
126417,Clupea harengus,F,Area,NA,3.d.25,NA,10997,13.18,0.1,12.99,13.37,15.18,0.07,15.05,15.32,17.19,0.06,17.07,17.3,0.9,0.45
126417,Clupea harengus,M,Area,NA,3.d.25,NA,9114,13.14,0.1,12.93,13.34,15.19,0.07,15.05,15.33,17.25,0.06,17.12,17.38,0.89,0.45
126417,Clupea harengus,M,Area,NA,3.c.22,NA,488,19.33,0.23,18.88,19.78,21.25,0.28,20.69,21.8,23.17,0.44,22.31,24.02,0.86,0.3
126417,Clupea harengus,F,Area,NA,3.c.22,NA,744,19.51,0.18,19.16,19.85,21.01,0.22,20.58,21.45,22.52,0.32,21.89,23.16,0.92,0.39
127143,Pleuronectes platessa,M,Area,NA,3.c.22,NA,10508,9.03,0.21,8.61,9.45,11.95,0.14,11.67,12.24,14.87,0.1,14.67,15.07,0.87,0.3
127143,Pleuronectes platessa,F,Area,NA,3.d.25,NA,3779,8.51,1.2,6.16,10.85,11.83,0.92,10.03,13.64,15.16,0.67,13.86,16.47,0.91,0.12
127141,Platichthys flesus,F,Area,NA,3.d.27,NA,1133,16.13,0.36,15.44,16.83,17.43,0.26,16.92,17.93,18.72,0.22,18.28,19.15,0.97,0.54
127141,Platichthys flesus,M,Area,NA,3.d.27,NA,1253,11.77,0.93,9.95,13.6,13.4,0.7,12.03,14.78,15.03,0.5,14.06,16.01,0.9,0.18
127141,Platichthys flesus,F,Area,NA,3.d.26,NA,12504,9.13,0.4,8.34,9.92,12.75,0.3,12.16,13.34,16.38,0.22,15.95,16.8,0.92,0.18
127141,Platichthys flesus,M,Area,NA,3.d.26,NA,9687,8.31,0.42,7.48,9.14,11,0.32,10.37,11.64,13.7,0.24,13.23,14.16,0.93,0.18
126425,Sprattus sprattus,F,Area,NA,3.d.25,NA,2579,5.63,0.49,4.66,6.59,6.85,0.37,6.12,7.57,8.07,0.26,7.55,8.58,0.86,0.12
126425,Sprattus sprattus,M,Area,NA,3.d.26,NA,2611,5.98,0.24,5.51,6.46,6.96,0.18,6.62,7.31,7.94,0.12,7.7,8.18,0.87,0.2
126425,Sprattus sprattus,F,Area,NA,3.d.26,NA,3054,6.1,0.22,5.66,6.54,7.22,0.16,6.91,7.54,8.34,0.11,8.12,8.57,0.89,0.23
127141,Platichthys flesus,M,Area,NA,3.c.22,NA,3209,13.76,0.37,13.04,14.48,14.82,0.29,14.24,15.39,15.87,0.26,15.36,16.38,1,0.64
127141,Platichthys flesus,F,Area,NA,3.c.22,NA,2466,11.25,1,9.29,13.21,13.53,0.76,12.04,15.03,15.81,0.58,14.67,16.95,0.96,0.36
127143,Pleuronectes platessa,F,Area,NA,3.a.21,NA,10124,17.64,0.16,17.32,17.96,22.17,0.11,21.96,22.39,26.7,0.12,26.47,26.94,0.83,0.33
127143,Pleuronectes platessa,M,Area,NA,3.a.21,NA,8591,8.47,0.43,7.64,9.31,15.49,0.22,15.06,15.92,22.5,0.18,22.15,22.86,0.7,0.12
127160,Solea solea,M,Area,NA,3.a.21,NA,286,13.08,1.88,9.39,16.76,18.29,0.97,16.39,20.19,23.51,0.72,22.11,24.91,0.67,0.11
127160,Solea solea,F,Area,NA,3.a.21,NA,268,18.61,0.93,16.78,20.44,20.58,0.65,19.3,21.86,22.55,0.48,21.6,23.5,0.93,0.44
127139,Limanda limanda,F,Area,NA,3.c.22,NA,4791,11.48,0.16,11.16,11.8,13.07,0.12,12.82,13.31,14.65,0.13,14.41,14.9,0.98,0.63
127139,Limanda limanda,M,Area,NA,3.c.22,NA,3220,9.63,0.18,9.29,9.98,11.01,0.13,10.76,11.27,12.39,0.12,12.16,12.62,0.97,0.51
126417,Clupea harengus,F,Area,NA,3.b.23,NA,106,16.62,0.49,15.66,17.59,17.56,0.33,16.91,18.22,18.5,0.33,17.87,19.14,0.96,0.59
126417,Clupea harengus,M,Area,NA,3.b.23,NA,93,16.47,0.77,14.97,17.97,17.85,0.52,16.83,18.87,19.23,0.46,18.32,20.13,0.91,0.45
127139,Limanda limanda,M,Area,NA,3.d.24,NA,2548,10.2,0.24,9.73,10.68,11.57,0.18,11.22,11.92,12.93,0.15,12.64,13.23,0.97,0.52
127139,Limanda limanda,F,Area,NA,3.d.24,NA,4011,12.06,0.21,11.65,12.47,13.94,0.16,13.64,14.25,15.83,0.14,15.55,16.11,0.97,0.56
127160,Solea solea,F,Area,NA,3.c.22,NA,230,17.19,0.99,15.26,19.12,19.39,0.73,17.97,20.82,21.6,0.63,20.36,22.84,0.96,0.63
127150,Scophthalmus rhombus,M,Area,NA,3.c.22,NA,111,10.56,2.06,6.52,14.59,14.32,1.26,11.84,16.79,18.08,0.99,16.14,20.01,0.81,0.21
127150,Scophthalmus rhombus,F,Area,NA,3.c.22,NA,149,18.4,0.76,16.91,19.89,20.79,0.7,19.42,22.15,23.17,0.92,21.38,24.97,0.95,0.66
127143,Pleuronectes platessa,M,Area,NA,3.b.23,NA,1304,3.57,2.75,-1.83,8.97,16.74,1.2,14.39,19.08,29.91,1.03,27.89,31.94,0.63,0.05
127143,Pleuronectes platessa,F,Area,NA,3.b.23,NA,1898,18.14,0.61,16.94,19.34,23.95,0.37,23.23,24.67,29.76,0.32,29.13,30.39,0.78,0.23
127143,Pleuronectes platessa,F,Area,NA,3.a.20,NA,9920,24.2,0.14,23.93,24.48,29.41,0.12,29.17,29.66,34.62,0.2,34.23,35.01,0.81,0.28
127143,Pleuronectes platessa,M,Area,NA,3.a.20,NA,6464,16.71,0.4,15.92,17.49,27.18,0.31,26.58,27.78,37.64,0.71,36.26,39.03,0.66,0.08
126417,Clupea harengus,F,Area,NA,3.a.21,NA,12693,21.26,0.06,21.15,21.37,23.14,0.06,23.02,23.26,25.02,0.08,24.85,25.18,0.93,0.5
126417,Clupea harengus,M,Area,NA,3.a.21,NA,8473,20.8,0.06,20.68,20.93,22.75,0.06,22.62,22.87,24.69,0.09,24.52,24.87,0.91,0.47
127139,Limanda limanda,M,Area,NA,3.a.21,NA,554,7.78,0.71,6.39,9.17,10.25,0.46,9.36,11.14,12.72,0.3,12.13,13.32,0.82,0.22
127139,Limanda limanda,F,Area,NA,3.a.21,NA,756,6.73,1.05,4.67,8.79,9.63,0.73,8.19,11.06,12.52,0.49,11.56,13.48,0.85,0.25
127139,Limanda limanda,M,Area,NA,3.b.23,NA,131,11.1,0.73,9.67,12.52,12.7,0.52,11.68,13.72,14.3,0.53,13.25,15.34,0.95,0.53
127139,Limanda limanda,F,Area,NA,3.b.23,NA,168,11.78,0.96,9.9,13.67,13.95,0.68,12.61,15.3,16.12,0.65,14.86,17.39,0.94,0.49
127160,Solea solea,M,Area,NA,3.c.22,NA,289,11.08,1.56,8.02,14.15,14.73,1.03,12.7,16.75,18.37,0.67,17.06,19.68,0.79,0.24
127150,Scophthalmus rhombus,F,Area,NA,3.a.21,NA,250,16.97,0.95,15.11,18.83,19.37,0.72,17.95,20.79,21.76,0.76,20.26,23.25,0.96,0.58
126438,Merlangius merlangus,F,Area,NA,3.a.21,NA,3543,18.7,0.17,18.37,19.03,21.95,0.13,21.69,22.21,25.2,0.17,24.87,25.54,0.88,0.44
126438,Merlangius merlangus,M,Area,NA,3.a.21,NA,3021,15.87,0.23,15.41,16.33,20.27,0.17,19.94,20.59,24.67,0.28,24.13,25.21,0.77,0.21
126438,Merlangius merlangus,M,Area,NA,3.c.22,NA,801,14.55,0.35,13.86,15.24,17.37,0.22,16.94,17.81,20.2,0.28,19.65,20.75,0.8,0.26
126438,Merlangius merlangus,F,Area,NA,3.c.22,NA,777,15.71,0.38,14.97,16.46,18.55,0.26,18.03,19.06,21.38,0.28,20.83,21.93,0.87,0.39
126437,Melanogrammus aeglefinus,M,Area,NA,3.a.21,NA,1131,18.51,0.39,17.73,19.28,23.2,0.33,22.55,23.84,27.89,0.49,26.93,28.85,0.85,0.37
127136,Glyptocephalus cynoglossus,F,Area,NA,3.a.21,NA,300,21.75,0.52,20.72,22.77,24.86,0.44,23.99,25.73,27.97,0.62,26.75,29.19,0.88,0.44
126438,Merlangius merlangus,F,Area,NA,3.d.25,NA,133,21.04,0.71,19.64,22.44,22.63,0.6,21.45,23.81,24.22,0.67,22.9,25.54,0.98,0.77
126438,Merlangius merlangus,M,Area,NA,3.d.25,NA,186,18.71,0.65,17.43,19.98,20.28,0.51,19.27,21.28,21.85,0.52,20.83,22.88,0.97,0.7
126438,Merlangius merlangus,M,Area,NA,3.d.24,NA,219,16.73,0.65,15.46,17.99,19.45,0.51,18.45,20.46,22.18,0.63,20.95,23.4,0.93,0.57
126438,Merlangius merlangus,F,Area,NA,3.d.24,NA,170,19.32,0.68,17.99,20.66,21.43,0.62,20.22,22.64,23.54,0.75,22.08,25,0.98,0.73
126438,Merlangius merlangus,M,Area,NA,3.a.20,NA,3124,18.47,0.24,18,18.94,23.18,0.19,22.81,23.55,27.89,0.28,27.35,28.44,0.82,0.31
126438,Merlangius merlangus,F,Area,NA,3.a.20,NA,4465,21.2,0.19,20.83,21.58,25.23,0.15,24.93,25.53,29.26,0.19,28.88,29.63,0.9,0.48
126437,Melanogrammus aeglefinus,F,Area,NA,3.a.21,NA,1113,24.07,0.3,23.49,24.66,26.58,0.29,26.02,27.14,29.08,0.35,28.4,29.76,0.97,0.76
126437,Melanogrammus aeglefinus,F,Area,NA,3.a.20,NA,2942,28.16,0.27,27.64,28.68,32.56,0.22,32.13,33,36.97,0.28,36.43,37.5,0.91,0.52
126437,Melanogrammus aeglefinus,M,Area,NA,3.a.20,NA,2479,23.95,0.28,23.41,24.49,28.52,0.24,28.05,28.99,33.09,0.31,32.49,33.7,0.9,0.51
127136,Glyptocephalus cynoglossus,M,Area,NA,3.a.21,NA,200,18.11,0.68,16.77,19.45,21.34,0.48,20.4,22.29,24.58,0.77,23.07,26.09,0.79,0.24
126484,Merluccius merluccius,F,Area,NA,3.a.20,NA,764,43.95,0.87,42.24,45.66,50.96,0.92,49.16,52.75,57.96,1.19,55.62,60.3,0.95,0.7
126438,Merlangius merlangus,M,Area,NA,3.b.23,NA,139,15.33,0.82,13.72,16.93,17.49,0.57,16.36,18.62,19.65,0.57,18.53,20.78,0.92,0.51
126438,Merlangius merlangus,F,Area,NA,3.b.23,NA,184,17.23,0.76,15.75,18.72,19.47,0.58,18.34,20.59,21.7,0.59,20.54,22.86,0.95,0.58
127139,Limanda limanda,M,Area,NA,3.a.20,NA,143,8.67,1.6,5.53,11.8,12.05,1.01,10.08,14.03,15.44,0.74,13.99,16.89,0.81,0.26
127139,Limanda limanda,F,Area,NA,3.a.20,NA,253,6.96,2,3.04,10.88,11.81,1.25,9.35,14.26,16.65,0.82,15.05,18.26,0.79,0.18
126441,Pollachius virens,M,Area,NA,3.a.20,NA,557,44.69,0.85,43.01,46.36,51.6,0.77,50.09,53.12,58.52,1.17,56.23,60.81,0.88,0.42
126484,Merluccius merluccius,M,Area,NA,3.a.20,NA,746,33.15,0.51,32.15,34.16,37.48,0.49,36.52,38.44,41.81,0.67,40.49,43.12,0.95,0.62
126444,Trisopterus esmarkii,F,Area,NA,3.a.21,NA,753,12.47,0.12,12.24,12.69,13.65,0.13,13.4,13.9,14.84,0.19,14.46,15.22,0.86,0.41
126444,Trisopterus esmarkii,M,Area,NA,3.a.20,NA,856,11.74,0.15,11.45,12.02,13.08,0.12,12.84,13.31,14.42,0.14,14.14,14.7,0.9,0.51
126444,Trisopterus esmarkii,F,Area,NA,3.a.20,NA,1951,13.12,0.08,12.96,13.28,14.15,0.07,14.01,14.29,15.18,0.09,15,15.36,0.95,0.67
127136,Glyptocephalus cynoglossus,M,Area,NA,3.a.20,NA,1292,23.37,0.49,22.41,24.33,29.37,0.35,28.69,30.05,35.37,0.59,34.21,36.53,0.76,0.19
126444,Trisopterus esmarkii,M,Area,NA,3.a.21,NA,268,11.52,0.28,10.97,12.07,13.47,0.33,12.81,14.12,15.42,0.58,14.28,16.55,0.74,0.21
127136,Glyptocephalus cynoglossus,F,Area,NA,3.a.20,NA,1827,30.55,0.37,29.83,31.27,36.86,0.39,36.1,37.62,43.17,0.67,41.85,44.49,0.77,0.19
127160,Solea solea,M,Area,NA,8.a,NA,2572,16.81,0.35,16.13,17.5,19.76,0.24,19.3,20.23,22.71,0.18,22.36,23.06,0.86,0.38
127160,Solea solea,F,Area,NA,8.a,NA,3076,21.97,0.17,21.63,22.3,24.31,0.13,24.06,24.56,26.65,0.14,26.38,26.92,0.94,0.6
127160,Solea solea,F,Area,NA,8.b,NA,2839,22.33,0.16,22.02,22.65,24.49,0.12,24.25,24.73,26.64,0.14,26.38,26.91,0.94,0.62
127160,Solea solea,M,Area,NA,8.b,NA,2003,15.59,0.42,14.75,16.42,19.48,0.27,18.95,20,23.37,0.22,22.94,23.79,0.81,0.3
126986,Mullus surmuletus,F,Area,NA,8.b,NA,447,11.72,0.8,10.14,13.29,16.41,0.45,15.52,17.3,21.1,0.69,19.74,22.47,0.75,0.18
126986,Mullus surmuletus,M,Area,NA,8.b,NA,233,13.36,0.54,12.29,14.42,15.98,0.36,15.27,16.69,18.6,0.55,17.53,19.68,0.79,0.25
126986,Mullus surmuletus,M,Area,NA,8.a,NA,248,14.66,0.38,13.9,15.41,16.87,0.37,16.14,17.6,19.08,0.54,18.01,20.15,0.89,0.47
126986,Mullus surmuletus,F,Area,NA,8.a,NA,344,13.72,0.59,12.55,14.88,17.91,0.52,16.89,18.92,22.09,0.89,20.35,23.84,0.8,0.27
126554,Lophius budegassa,F,Area,NA,8.a,NA,334,35.3,1.24,32.87,37.74,43.62,1.4,40.87,46.36,51.93,2.04,47.94,55.92,0.89,0.44
126975,Dicentrarchus labrax,F,Area,NA,8.b,NA,86,31.61,1.94,27.81,35.41,35.07,1.27,32.57,37.56,38.52,1.12,36.33,40.72,0.88,0.4
126975,Dicentrarchus labrax,M,Area,NA,8.b,NA,95,30.09,1.62,26.91,33.27,33.3,1.02,31.31,35.3,36.51,0.89,34.76,38.27,0.84,0.29
126555,Lophius piscatorius,M,Area,NA,8.a,NA,210,35.53,1.28,33.03,38.03,39.81,1.29,37.27,42.34,44.09,1.61,40.93,47.24,0.98,0.79
126555,Lophius piscatorius,F,Area,NA,8.a,NA,157,34.95,3.1,28.88,41.03,50.67,3.53,43.75,57.59,66.39,5.54,55.52,77.25,0.84,0.34
126554,Lophius budegassa,M,Area,NA,8.a,NA,363,23.39,0.77,21.89,24.9,27.54,0.58,26.4,28.69,31.69,0.7,30.31,33.07,0.91,0.5
126554,Lophius budegassa,F,Area,NA,8.b,NA,118,36.45,1.88,32.77,40.13,43.67,1.8,40.14,47.2,50.9,2.57,45.87,55.93,0.9,0.47
126554,Lophius budegassa,M,Area,NA,8.b,NA,124,26.63,1.06,24.54,28.71,29.62,0.79,28.07,31.17,32.62,0.86,30.94,34.29,0.92,0.55
126438,Merlangius merlangus,F,Area,NA,8.a,NA,304,16.69,1.12,14.5,18.87,22.54,0.78,21.02,24.07,28.4,0.94,26.55,30.25,0.84,0.36
126484,Merluccius merluccius,F,Area,NA,8.a,NA,486,34.7,1.06,32.63,36.77,43.01,1.21,40.65,45.37,51.32,1.79,47.82,54.82,0.91,0.56
126484,Merluccius merluccius,M,Area,NA,8.a,NA,515,30.08,0.52,29.05,31.1,34.04,0.53,33,35.07,38,0.76,36.51,39.48,0.92,0.54
126484,Merluccius merluccius,M,Area,NA,8.b,NA,554,27.35,0.43,26.51,28.2,30.2,0.34,29.52,30.87,33.04,0.4,32.25,33.83,0.93,0.58
126484,Merluccius merluccius,F,Area,NA,8.b,NA,594,35.06,0.68,33.72,36.39,40.95,0.64,39.71,42.2,46.85,0.92,45.04,48.65,0.89,0.45
126438,Merlangius merlangus,F,Area,NA,8.b,NA,157,26,0.93,24.19,27.82,29.81,0.97,27.92,31.71,33.62,1.31,31.06,36.19,0.92,0.5
126438,Merlangius merlangus,M,Area,NA,8.a,NA,283,15.2,1.18,12.9,17.51,20.37,0.74,18.92,21.82,25.55,0.8,23.97,27.12,0.82,0.28
127150,Scophthalmus rhombus,F,Area,NA,4.b,NA,491,19.58,1.22,17.19,21.96,23.33,0.82,21.72,24.93,27.07,0.59,25.92,28.22,0.89,0.34
127150,Scophthalmus rhombus,F,Area,NA,4.c,NA,179,22.41,1.11,20.24,24.58,25.94,0.85,24.28,27.6,29.47,0.86,27.78,31.17,0.95,0.63
127149,Scophthalmus maximus,F,Area,NA,4.c,NA,209,22.44,0.72,21.04,23.84,25.65,0.64,24.39,26.91,28.86,0.8,27.29,30.43,0.93,0.59
127149,Scophthalmus maximus,M,Area,NA,4.b,NA,911,16.56,0.51,15.56,17.56,18.41,0.35,17.72,19.1,20.27,0.27,19.74,20.8,0.94,0.37
127149,Scophthalmus maximus,F,Area,NA,4.b,NA,760,18.13,0.74,16.67,19.59,21.97,0.52,20.95,22.98,25.8,0.47,24.88,26.72,0.91,0.41
126436,Gadus morhua,F,Area,NA,4.b,NA,6793,32.5,0.26,31.98,33.01,40.6,0.31,39.99,41.21,48.7,0.47,47.78,49.62,0.89,0.45
126436,Gadus morhua,M,Area,NA,4.b,NA,7069,30.83,0.24,30.37,31.3,38.01,0.25,37.52,38.5,45.19,0.37,44.47,45.91,0.91,0.48
126436,Gadus morhua,F,Area,NA,4.a,NA,9028,43.09,0.34,42.41,43.76,54.97,0.31,54.36,55.58,66.85,0.44,65.99,67.72,0.86,0.41
126436,Gadus morhua,M,Area,NA,4.a,NA,8699,40.63,0.32,40.01,41.25,51.45,0.28,50.89,52,62.26,0.41,61.47,63.06,0.86,0.39
127160,Solea solea,M,Area,NA,4.c,NA,1789,12.99,0.28,12.45,13.53,15.72,0.19,15.34,16.09,18.44,0.18,18.09,18.79,0.87,0.45
127160,Solea solea,F,Area,NA,4.c,NA,2165,15.12,0.28,14.57,15.67,17.84,0.21,17.43,18.24,20.55,0.19,20.17,20.93,0.93,0.56
127160,Solea solea,F,Area,NA,4.b,NA,2514,16.62,0.33,15.97,17.27,19.13,0.23,18.68,19.59,21.65,0.18,21.29,22.01,0.91,0.36
127140,Microstomus kitt,F,Area,NA,4.b,NA,7375,10.28,0.38,9.54,11.01,14.04,0.25,13.55,14.54,17.81,0.16,17.5,18.13,0.81,0.19
127140,Microstomus kitt,M,Area,NA,4.b,NA,5165,8.46,0.52,7.44,9.48,11.51,0.36,10.8,12.22,14.55,0.22,14.12,14.99,0.81,0.13
127140,Microstomus kitt,F,Area,NA,4.a,NA,1617,9.01,1.28,6.51,11.52,13.08,0.89,11.34,14.81,17.14,0.54,16.09,18.2,0.8,0.11
127140,Microstomus kitt,M,Area,NA,4.a,NA,1749,9.42,1.04,7.37,11.47,12.27,0.75,10.81,13.74,15.13,0.48,14.19,16.06,0.85,0.12
127140,Microstomus kitt,F,Area,NA,4.c,NA,629,13.51,0.36,12.81,14.22,16.46,0.26,15.94,16.98,19.41,0.36,18.7,20.11,0.84,0.34
127140,Microstomus kitt,M,Area,NA,4.c,NA,277,14.89,0.35,14.2,15.57,16.79,0.31,16.19,17.4,18.7,0.42,17.88,19.52,0.92,0.53
127150,Scophthalmus rhombus,M,Area,NA,4.c,NA,222,19.64,0.87,17.92,21.35,23.12,0.69,21.77,24.47,26.6,0.75,25.14,28.07,0.93,0.61
126436,Gadus morhua,M,Area,NA,4.c,NA,1345,33.92,0.8,32.36,35.47,43.33,0.63,42.09,44.56,52.74,0.82,51.12,54.36,0.88,0.45
126436,Gadus morhua,F,Area,NA,4.c,NA,1502,35.29,0.85,33.63,36.95,46.1,0.68,44.77,47.43,56.91,0.89,55.17,58.65,0.88,0.43
127136,Glyptocephalus cynoglossus,M,Area,NA,4.b,NA,214,13.62,1.93,9.83,17.41,17.42,1.33,14.82,20.02,21.22,0.94,19.39,23.06,0.85,0.3
126484,Merluccius merluccius,M,Area,NA,4.b,NA,432,24.94,0.97,23.04,26.84,29.11,0.72,27.7,30.51,33.27,0.71,31.88,34.66,0.95,0.64
127136,Glyptocephalus cynoglossus,F,Area,NA,4.b,NA,260,15.94,1.66,12.69,19.18,20.06,1.16,17.79,22.33,24.18,0.88,22.44,25.91,0.86,0.41
127136,Glyptocephalus cynoglossus,M,Area,NA,4.a,NA,219,12.9,1.96,9.06,16.75,16.77,1.34,14.14,19.4,20.63,0.93,18.82,22.45,0.85,0.26
126484,Merluccius merluccius,F,Area,NA,4.b,NA,255,29.64,1.58,26.56,32.73,36.99,1.21,34.62,39.36,44.33,1.61,41.17,47.49,0.9,0.47
126484,Merluccius merluccius,F,Area,NA,4.a,NA,1556,40.78,0.61,39.58,41.98,48.9,0.62,47.69,50.12,57.03,0.84,55.38,58.67,0.91,0.56
126484,Merluccius merluccius,M,Area,NA,4.a,NA,1467,31.88,0.4,31.1,32.66,36.77,0.37,36.05,37.5,41.66,0.5,40.68,42.65,0.93,0.58
127143,Pleuronectes platessa,F,Area,NA,4.b,NA,25545,17.79,0.09,17.62,17.97,21.08,0.06,20.95,21.2,24.36,0.06,24.23,24.48,0.92,0.54
127143,Pleuronectes platessa,M,Area,NA,4.b,NA,18360,14.66,0.1,14.47,14.86,17.87,0.07,17.73,18,21.08,0.07,20.94,21.21,0.88,0.44
127139,Limanda limanda,F,Area,NA,4.b,NA,4278,12.18,0.18,11.83,12.53,14.4,0.13,14.16,14.65,16.62,0.11,16.4,16.84,0.91,0.45
127139,Limanda limanda,M,Area,NA,4.b,NA,2262,11.95,0.17,11.62,12.29,13.88,0.12,13.65,14.11,15.81,0.11,15.59,16.03,0.87,0.39
127160,Solea solea,M,Area,NA,4.b,NA,1679,13.21,0.49,12.24,14.18,15.84,0.32,15.2,16.48,18.47,0.21,18.07,18.87,0.81,0.19
127150,Scophthalmus rhombus,M,Area,NA,4.b,NA,351,14.59,1.59,11.47,17.71,19.23,1.05,17.17,21.29,23.87,0.72,22.46,25.28,0.8,0.3
127149,Scophthalmus maximus,M,Area,NA,4.c,NA,190,16.51,0.87,14.81,18.21,19.37,0.6,18.19,20.54,22.22,0.62,21.01,23.44,0.89,0.41
127143,Pleuronectes platessa,F,Area,NA,4.c,NA,6478,18.24,0.12,18.01,18.47,21,0.1,20.81,21.2,23.77,0.12,23.53,24.01,0.94,0.61
127143,Pleuronectes platessa,M,Area,NA,4.c,NA,4608,16.03,0.13,15.77,16.28,18.95,0.11,18.73,19.17,21.87,0.15,21.58,22.16,0.9,0.49
127139,Limanda limanda,M,Area,NA,4.c,NA,355,13.37,0.44,12.5,14.24,16.2,0.32,15.57,16.83,19.03,0.49,18.08,19.98,0.8,0.28
127139,Limanda limanda,F,Area,NA,4.c,NA,1090,14.28,0.34,13.61,14.95,17.01,0.23,16.55,17.47,19.74,0.23,19.29,20.19,0.87,0.41
126438,Merlangius merlangus,M,Area,NA,8.b,NA,151,17.14,0.99,15.19,19.09,21.11,0.73,19.69,22.54,25.09,1.02,23.09,27.08,0.86,0.36
127259,Chelidonichthys cuculus,F,Area,NA,8.b,NA,113,14.93,1.14,12.71,17.16,17.82,0.76,16.33,19.31,20.71,0.73,19.28,22.13,0.85,0.35
127259,Chelidonichthys cuculus,M,Area,NA,8.b,NA,75,16.81,1.57,13.73,19.89,21.63,1.19,19.29,23.96,26.44,2.19,22.14,30.74,0.74,0.16
127259,Chelidonichthys cuculus,M,Area,NA,8.a,NA,249,18.92,0.79,17.37,20.46,23.42,0.62,22.2,24.64,27.92,0.96,26.03,29.81,0.8,0.26
127259,Chelidonichthys cuculus,F,Area,NA,8.a,NA,453,15.78,0.83,14.15,17.41,20.14,0.55,19.07,21.21,24.5,0.56,23.4,25.59,0.85,0.36
126438,Merlangius merlangus,M,Area,NA,7.g,NA,804,15.07,0.36,14.36,15.78,17.32,0.26,16.81,17.83,19.57,0.28,19.03,20.12,0.93,0.51
126438,Merlangius merlangus,F,Area,NA,7.g,NA,1055,17.98,0.47,17.06,18.89,21.66,0.36,20.95,22.38,25.35,0.4,24.56,26.14,0.94,0.58
126437,Melanogrammus aeglefinus,M,Area,NA,7.h,NA,347,20.22,1.33,17.6,22.84,25.65,1,23.69,27.6,31.07,1.05,29.01,33.14,0.94,0.52
126437,Melanogrammus aeglefinus,M,Area,NA,7.j.2,NA,717,15.54,1.22,13.14,17.94,20.73,0.81,19.16,22.31,25.93,0.63,24.71,27.16,0.89,0.37
126437,Melanogrammus aeglefinus,F,Area,NA,7.j.2,NA,1042,18.79,0.98,16.86,20.71,24.95,0.69,23.61,26.29,31.11,0.62,29.9,32.32,0.9,0.43
126437,Melanogrammus aeglefinus,F,Area,NA,7.h,NA,568,20.79,2.11,16.66,24.92,31.66,1.41,28.91,34.42,42.54,1.22,40.15,44.93,0.83,0.34
126437,Melanogrammus aeglefinus,F,Area,NA,8.a,NA,101,27.19,1.98,23.31,31.06,32.45,1.47,29.57,35.33,37.71,1.63,34.51,40.91,0.92,0.56
126437,Melanogrammus aeglefinus,M,Area,NA,8.a,NA,88,25.85,2.41,21.12,30.58,31.57,1.73,28.17,34.97,37.29,1.79,33.78,40.81,0.91,0.48
126437,Melanogrammus aeglefinus,F,Area,NA,7.g,NA,271,18.86,1.23,16.46,21.27,22.18,0.91,20.4,23.95,25.49,0.89,23.74,27.24,0.96,0.68
126437,Melanogrammus aeglefinus,M,Area,NA,7.g,NA,220,18.76,0.72,17.35,20.16,20.59,0.53,19.55,21.63,22.42,0.5,21.45,23.39,0.96,0.62
126484,Merluccius merluccius,F,Area,NA,8.c,NA,5168,39.76,0.31,39.16,40.37,47.88,0.36,47.18,48.58,55.99,0.53,54.95,57.04,0.88,0.36
126484,Merluccius merluccius,M,Area,NA,7.g,NA,332,24.9,0.57,23.78,26.01,26.77,0.48,25.83,27.72,28.65,0.59,27.49,29.82,0.99,0.79
126484,Merluccius merluccius,F,Area,NA,7.g,NA,354,24.75,1.43,21.95,27.54,30.06,1.04,28.02,32.09,35.37,1.13,33.15,37.58,0.95,0.55
126484,Merluccius merluccius,F,Area,NA,7.j.2,NA,370,25.69,1.52,22.71,28.67,35.03,1.09,32.9,37.17,44.37,1.78,40.89,47.86,0.82,0.32
126484,Merluccius merluccius,M,Area,NA,7.j.2,NA,460,27.31,0.73,25.87,28.75,32.24,0.6,31.05,33.42,37.16,0.85,35.49,38.83,0.91,0.5
126484,Merluccius merluccius,M,Area,NA,7.h,NA,143,31.59,1.93,27.81,35.38,35.64,1.52,32.66,38.62,39.69,1.7,36.35,43.02,0.98,0.75
126484,Merluccius merluccius,F,Area,NA,7.h,NA,225,33.51,1.75,30.08,36.94,39.6,1.4,36.86,42.34,45.68,1.61,42.53,48.84,0.96,0.65
126484,Merluccius merluccius,M,Area,NA,8.c,NA,5524,25.79,0.15,25.49,26.1,29.18,0.13,28.92,29.44,32.56,0.16,32.25,32.88,0.94,0.6
126555,Lophius piscatorius,F,Area,NA,7.g,NA,152,23.56,3.95,15.82,31.31,38.95,2.62,33.81,44.1,54.34,4.1,46.3,62.39,0.79,0.24
126555,Lophius piscatorius,M,Area,NA,7.g,NA,114,32.26,1.78,28.76,35.75,37.98,1.45,35.13,40.83,43.7,1.83,40.11,47.3,0.91,0.54
126445,Trisopterus luscus,M,Area,NA,8.b,NA,286,14.57,0.69,13.23,15.92,18.11,0.44,17.24,18.98,21.64,0.62,20.43,22.86,0.79,0.25
126445,Trisopterus luscus,F,Area,NA,8.b,NA,275,16.22,0.72,14.82,17.63,19.32,0.6,18.15,20.5,22.42,0.67,21.1,23.74,0.94,0.63
126445,Trisopterus luscus,F,Area,NA,8.a,NA,324,13.25,1.45,10.42,16.08,16.94,1.08,14.82,19.05,20.62,0.88,18.89,22.35,0.9,0.47
126445,Trisopterus luscus,M,Area,NA,8.a,NA,256,10.49,2.25,6.08,14.89,16.18,1.38,13.47,18.89,21.88,0.89,20.14,23.62,0.74,0.19
126554,Lophius budegassa,M,Area,NA,8.c,NA,479,29.91,0.45,29.02,30.8,32.34,0.38,31.59,33.1,34.78,0.45,33.9,35.65,0.97,0.71
126554,Lophius budegassa,M,Area,NA,7.j.2,NA,229,24.32,0.77,22.82,25.82,27.2,0.63,25.97,28.43,30.08,0.72,28.68,31.49,0.96,0.65
126554,Lophius budegassa,F,Area,NA,7.j.2,NA,254,35.06,1.6,31.91,38.2,44.33,1.44,41.5,47.16,53.61,2.05,49.59,57.63,0.86,0.39
126445,Trisopterus luscus,F,Area,NA,8.c,NA,532,18.71,0.87,17.01,20.4,22.91,0.53,21.88,23.95,27.12,0.44,26.25,27.98,0.78,0.24
126554,Lophius budegassa,F,Area,NA,8.c,NA,561,47.04,0.81,45.46,48.62,53.04,0.81,51.45,54.63,59.05,1.1,56.9,61.2,0.94,0.55
126555,Lophius piscatorius,F,Area,NA,8.c,NA,990,57.11,1.15,54.85,59.36,66.85,1.24,64.43,69.27,76.6,1.62,73.42,79.77,0.95,0.59
126438,Merlangius merlangus,M,Area,NA,7.d,NA,2348,13.79,0.58,12.64,14.93,18.91,0.34,18.25,19.57,24.03,0.25,23.54,24.51,0.75,0.17
126438,Merlangius merlangus,F,Area,NA,7.d,NA,4142,15.86,0.35,15.18,16.53,19.55,0.24,19.08,20.01,23.24,0.18,22.88,23.59,0.87,0.34
126438,Merlangius merlangus,M,Area,NA,4.c,NA,4847,11.56,0.37,10.83,12.29,17.19,0.21,16.79,17.6,22.83,0.2,22.43,23.22,0.75,0.18
126438,Merlangius merlangus,F,Area,NA,4.c,NA,7328,16.22,0.18,15.88,16.57,19.73,0.12,19.48,19.97,23.23,0.12,23,23.46,0.89,0.43
126436,Gadus morhua,F,Area,NA,7.d,NA,825,35.36,0.96,33.49,37.23,44.15,0.72,42.73,45.56,52.94,0.96,51.05,54.82,0.86,0.4
126436,Gadus morhua,M,Area,NA,7.d,NA,599,37.63,0.93,35.79,39.46,45.33,0.75,43.85,46.81,53.03,1.06,50.95,55.1,0.87,0.42
127143,Pleuronectes platessa,F,Area,NA,7.d,NA,4605,15.81,0.34,15.15,16.48,19.37,0.23,18.92,19.82,22.92,0.17,22.58,23.26,0.89,0.32
127143,Pleuronectes platessa,M,Area,NA,7.d,NA,2312,10.09,0.8,8.52,11.67,14.93,0.5,13.95,15.9,19.76,0.28,19.21,20.31,0.75,0.13
127143,Pleuronectes platessa,M,Area,NA,7.e,NA,63,18.42,2.07,14.36,22.47,21.99,1.28,19.48,24.49,25.56,1.14,23.32,27.79,0.82,0.27
127143,Pleuronectes platessa,F,Area,NA,7.e,NA,98,19.91,1.61,16.76,23.06,23.13,1.21,20.76,25.49,26.34,1.14,24.11,28.57,0.95,0.56
127259,Chelidonichthys cuculus,F,Area,NA,7.d,NA,722,18.27,0.66,16.97,19.57,21.97,0.43,21.12,22.82,25.68,0.37,24.96,26.4,0.85,0.33
127259,Chelidonichthys cuculus,M,Area,NA,7.d,NA,368,19.19,0.7,17.82,20.55,22.56,0.42,21.74,23.38,25.94,0.46,25.03,26.85,0.8,0.26
126975,Dicentrarchus labrax,M,Area,NA,7.d,NA,1064,24.58,0.91,22.79,26.37,29.05,0.6,27.87,30.22,33.52,0.42,32.69,34.34,0.87,0.26
126975,Dicentrarchus labrax,F,Area,NA,7.d,NA,980,26.11,0.79,24.57,27.66,28.8,0.55,27.74,29.87,31.5,0.4,30.71,32.28,0.94,0.34
126975,Dicentrarchus labrax,M,Area,NA,4.c,NA,235,24.9,0.73,23.47,26.33,26.16,0.55,25.08,27.23,27.41,0.53,26.38,28.45,0.99,0.73
126975,Dicentrarchus labrax,F,Area,NA,4.c,NA,256,27.22,0.94,25.38,29.06,29.78,0.7,28.41,31.15,32.34,0.71,30.95,33.72,0.97,0.59
127262,Chelidonichthys lucerna,F,Area,NA,7.d,NA,41,22.01,2,18.1,25.92,25.49,1.31,22.91,28.07,28.97,1.53,25.97,31.96,0.84,0.34
127262,Chelidonichthys lucerna,M,Area,NA,7.d,NA,39,20.44,2.43,15.68,25.21,25.96,1.92,22.21,29.72,31.48,3.52,24.58,38.39,0.75,0.16
126438,Merlangius merlangus,F,Area,NA,7.e,NA,1418,21.96,0.48,21.02,22.91,26.3,0.33,25.65,26.94,30.63,0.32,30,31.26,0.88,0.45
126438,Merlangius merlangus,M,Area,NA,7.e,NA,727,24.24,0.51,23.23,25.24,28.91,0.41,28.11,29.7,33.57,0.57,32.46,34.68,0.86,0.38
126445,Trisopterus luscus,M,Area,NA,7.d,NA,382,14.15,0.73,12.72,15.58,18.01,0.47,17.09,18.93,21.87,0.53,20.84,22.9,0.82,0.3
126445,Trisopterus luscus,F,Area,NA,7.d,NA,520,13.85,0.73,12.41,15.29,18.19,0.5,17.21,19.17,22.53,0.52,21.51,23.55,0.86,0.37
126445,Trisopterus luscus,M,Area,NA,4.c,NA,139,11.34,1.34,8.71,13.98,14.57,0.82,12.97,16.17,17.79,0.68,16.45,19.14,0.8,0.24
126445,Trisopterus luscus,F,Area,NA,4.c,NA,198,15.23,0.74,13.78,16.68,17.57,0.5,16.59,18.54,19.91,0.5,18.94,20.88,0.89,0.4
126438,Merlangius merlangus,M,Area,NA,7.a,NA,16677,15.4,0.15,15.1,15.7,22.53,0.12,22.29,22.77,29.65,0.24,29.19,30.12,0.73,0.14
126438,Merlangius merlangus,F,Area,NA,7.a,NA,22314,19.69,0.12,19.46,19.91,25.79,0.09,25.61,25.96,31.88,0.14,31.62,32.15,0.79,0.25
126436,Gadus morhua,M,Area,NA,7.a,NA,2762,28.7,0.38,27.96,29.45,32.71,0.31,32.11,33.32,36.72,0.31,36.11,37.34,0.97,0.74
126436,Gadus morhua,F,Area,NA,7.a,NA,1677,31.84,0.58,30.7,32.98,39.43,0.51,38.43,40.44,47.03,0.65,45.75,48.31,0.92,0.56
126437,Melanogrammus aeglefinus,M,Area,NA,7.a,NA,7267,17.26,0.13,17.02,17.51,20.06,0.1,19.87,20.26,22.86,0.12,22.63,23.1,0.94,0.56
126437,Melanogrammus aeglefinus,F,Area,NA,7.a,NA,8557,20.94,0.13,20.69,21.19,23.52,0.1,23.32,23.72,26.1,0.11,25.88,26.31,0.96,0.68
127143,Pleuronectes platessa,F,Area,NA,7.a,NA,2526,19.06,0.21,18.65,19.46,21.55,0.15,21.25,21.85,24.04,0.16,23.72,24.36,0.93,0.57
127143,Pleuronectes platessa,M,Area,NA,7.a,NA,1751,13.61,0.41,12.81,14.41,17.87,0.25,17.37,18.36,22.12,0.26,21.62,22.63,0.8,0.27
126417,Clupea harengus,M,Area,NA,7.a,NA,1940,21.86,0.13,21.6,22.12,23.56,0.13,23.31,23.81,25.26,0.19,24.89,25.62,0.92,0.44
126417,Clupea harengus,F,Area,NA,7.a,NA,1495,21.63,0.11,21.42,21.84,22.54,0.1,22.34,22.73,23.45,0.13,23.2,23.7,0.98,0.71
126438,Merlangius merlangus,F,Area,NA,4.a,NA,25026,18.67,0.13,18.42,18.92,22.78,0.09,22.6,22.96,26.9,0.08,26.73,27.06,0.89,0.5
126438,Merlangius merlangus,M,Area,NA,4.a,NA,20667,16.19,0.13,15.94,16.43,20.1,0.09,19.93,20.27,24.01,0.08,23.85,24.16,0.88,0.45
126438,Merlangius merlangus,M,Area,NA,4.b,NA,26092,13.7,0.1,13.51,13.89,17.7,0.06,17.58,17.83,21.71,0.07,21.58,21.83,0.83,0.32
126438,Merlangius merlangus,F,Area,NA,4.b,NA,30071,16.99,0.07,16.85,17.13,20.18,0.05,20.08,20.29,23.38,0.06,23.26,23.49,0.91,0.51
126444,Trisopterus esmarkii,M,Area,NA,4.a,NA,6513,9.31,0.08,9.15,9.46,10.83,0.05,10.73,10.94,12.36,0.05,12.26,12.47,0.88,0.38
126444,Trisopterus esmarkii,F,Area,NA,4.a,NA,9287,11.22,0.05,11.12,11.32,12.28,0.04,12.2,12.36,13.34,0.05,13.25,13.43,0.96,0.66
126444,Trisopterus esmarkii,F,Area,NA,4.b,NA,3627,10.92,0.09,10.74,11.1,12.42,0.06,12.29,12.54,13.92,0.08,13.76,14.07,0.88,0.4
126444,Trisopterus esmarkii,M,Area,NA,4.b,NA,2815,8.14,0.21,7.73,8.56,10.3,0.12,10.06,10.54,12.45,0.1,12.25,12.65,0.78,0.19
126437,Melanogrammus aeglefinus,M,Area,NA,4.a,NA,22831,19.7,0.08,19.54,19.86,22.44,0.07,22.32,22.57,25.19,0.07,25.06,25.33,0.95,0.65
126437,Melanogrammus aeglefinus,F,Area,NA,4.a,NA,26146,23.41,0.09,23.23,23.59,26.48,0.07,26.35,26.62,29.56,0.07,29.43,29.68,0.94,0.61
126437,Melanogrammus aeglefinus,M,Area,NA,4.b,NA,15792,18.59,0.1,18.41,18.78,21.41,0.07,21.27,21.56,24.24,0.08,24.08,24.39,0.93,0.55
126437,Melanogrammus aeglefinus,F,Area,NA,4.b,NA,16924,22,0.09,21.83,22.18,24.32,0.07,24.19,24.46,26.65,0.07,26.5,26.79,0.97,0.69
126425,Sprattus sprattus,M,Area,NA,4.b,NA,10609,5.94,0.11,5.72,6.15,7.62,0.07,7.49,7.75,9.3,0.04,9.22,9.38,0.77,0.16
126425,Sprattus sprattus,F,Area,NA,4.b,NA,14005,7.07,0.06,6.95,7.19,8.35,0.04,8.27,8.43,9.63,0.03,9.57,9.69,0.84,0.28
126425,Sprattus sprattus,F,Area,NA,4.c,NA,3205,6.38,0.16,6.06,6.7,7.6,0.11,7.38,7.82,8.82,0.08,8.68,8.97,0.84,0.24
126425,Sprattus sprattus,M,Area,NA,4.a,NA,790,7.5,0.17,7.17,7.83,8.22,0.11,7.99,8.44,8.94,0.09,8.76,9.12,0.91,0.36
126425,Sprattus sprattus,F,Area,NA,4.a,NA,853,8.07,0.14,7.8,8.33,8.74,0.1,8.55,8.93,9.41,0.09,9.23,9.59,0.95,0.48
126417,Clupea harengus,F,Area,NA,4.a,NA,26262,21.15,0.04,21.07,21.24,22.49,0.03,22.42,22.55,23.82,0.03,23.76,23.88,0.96,0.62
126417,Clupea harengus,M,Area,NA,4.a,NA,25822,21.25,0.04,21.16,21.33,22.57,0.03,22.51,22.63,23.9,0.03,23.84,23.95,0.95,0.62
126417,Clupea harengus,M,Area,NA,4.b,NA,24642,19.89,0.04,19.81,19.96,21.78,0.03,21.72,21.85,23.68,0.04,23.6,23.76,0.93,0.57
126417,Clupea harengus,F,Area,NA,4.b,NA,26258,19.7,0.04,19.62,19.77,21.72,0.03,21.65,21.78,23.74,0.04,23.65,23.82,0.92,0.54
126417,Clupea harengus,F,Area,NA,3.a.20,NA,14085,22.94,0.05,22.85,23.04,24.46,0.05,24.36,24.55,25.97,0.06,25.84,26.09,0.95,0.59
126417,Clupea harengus,M,Area,NA,3.a.20,NA,10446,22.62,0.05,22.52,22.72,24.14,0.05,24.04,24.23,25.66,0.06,25.53,25.78,0.94,0.56
126417,Clupea harengus,F,Area,NA,4.c,NA,2871,19.13,0.13,18.88,19.39,21.18,0.11,20.97,21.39,23.22,0.13,22.98,23.47,0.93,0.56
126417,Clupea harengus,M,Area,NA,4.c,NA,2960,18.61,0.14,18.35,18.88,20.72,0.11,20.51,20.93,22.82,0.12,22.58,23.07,0.92,0.56
127023,Scomber scombrus,F,Area,NA,4.a,NA,7244,24.6,0.1,24.41,24.79,26.65,0.08,26.5,26.8,28.7,0.08,28.54,28.87,0.95,0.63
127023,Scomber scombrus,M,Area,NA,4.a,NA,7527,25.51,0.1,25.32,25.7,27.57,0.07,27.42,27.71,29.62,0.08,29.47,29.78,0.94,0.61
126441,Pollachius virens,M,Area,NA,4.a,NA,7026,43.31,0.24,42.84,43.77,49.82,0.18,49.46,50.18,56.32,0.26,55.82,56.83,0.86,0.4
126441,Pollachius virens,F,Area,NA,4.a,NA,6260,44.1,0.25,43.61,44.59,50.53,0.2,50.14,50.91,56.95,0.27,56.42,57.48,0.87,0.42
127023,Scomber scombrus,M,Area,NA,4.b,NA,4513,24.7,0.13,24.45,24.95,27.18,0.09,26.99,27.36,29.65,0.11,29.44,29.86,0.88,0.44
127023,Scomber scombrus,F,Area,NA,4.b,NA,4647,23.75,0.13,23.49,24.01,26.27,0.09,26.09,26.45,28.79,0.11,28.58,29,0.88,0.42
127023,Scomber scombrus,M,Area,NA,4.c,NA,226,26.56,0.59,25.4,27.72,29.91,0.53,28.88,30.94,33.26,0.85,31.59,34.94,0.83,0.29
127023,Scomber scombrus,F,Area,NA,4.c,NA,242,23.68,0.57,22.56,24.79,25.99,0.4,25.2,26.77,28.29,0.43,27.45,29.14,0.89,0.45
126425,Sprattus sprattus,F,Area,NA,3.a.20,NA,3279,10.79,0.07,10.66,10.93,12.33,0.08,12.17,12.49,13.86,0.13,13.61,14.11,0.84,0.27
126425,Sprattus sprattus,M,Area,NA,3.a.20,NA,2396,9.42,0.06,9.29,9.55,10.54,0.05,10.43,10.64,11.65,0.08,11.5,11.8,0.86,0.38
126425,Sprattus sprattus,M,Area,NA,3.a.21,NA,3656,9.09,0.07,8.95,9.22,10.4,0.05,10.3,10.5,11.72,0.06,11.59,11.84,0.86,0.39
126425,Sprattus sprattus,F,Area,NA,3.a.21,NA,4760,10.55,0.08,10.39,10.7,12.53,0.07,12.4,12.66,14.52,0.1,14.32,14.72,0.82,0.29
126425,Sprattus sprattus,F,Area,NA,3.c.22,NA,570,9.58,0.93,7.76,11.41,14.75,0.57,13.63,15.88,19.93,1.69,16.62,23.24,0.57,0.03
126425,Sprattus sprattus,M,Area,NA,3.c.22,NA,403,7.8,0.91,6.01,9.58,11.15,0.35,10.47,11.84,14.5,0.64,13.26,15.75,0.61,0.06
126441,Pollachius virens,F,Area,NA,3.a.20,NA,431,44.63,0.87,42.92,46.35,51.02,0.74,49.56,52.48,57.4,1.14,55.17,59.63,0.85,0.36
126426,Engraulis encrasicolus,M,Area,NA,4.b,NA,227,9.76,0.6,8.58,10.93,11.36,0.37,10.63,12.09,12.96,0.28,12.42,13.5,0.82,0.24
126426,Engraulis encrasicolus,F,Area,NA,4.b,NA,224,8.91,0.92,7.12,10.71,10.8,0.58,9.67,11.93,12.68,0.35,11.99,13.37,0.8,0.2
127143,Pleuronectes platessa,F,Area,NA,4.a,NA,1456,12.19,1.34,9.57,14.82,20.41,0.76,18.93,21.9,28.63,0.49,27.67,29.6,0.71,0.14
126986,Mullus surmuletus,M,Area,NA,4.b,NA,118,12.3,0.45,11.42,13.19,13.55,0.34,12.88,14.22,14.8,0.41,13.99,15.61,0.92,0.5
126986,Mullus surmuletus,F,Area,NA,4.b,NA,110,12.61,0.66,11.32,13.89,14.83,0.5,13.85,15.8,17.05,0.68,15.72,18.38,0.86,0.38
126555,Lophius piscatorius,F,Area,NA,4.a,NA,68,40.95,1.76,37.51,44.39,44.84,1.55,41.79,47.89,48.73,1.96,44.88,52.58,0.96,0.68
126555,Lophius piscatorius,M,Area,NA,4.a,NA,92,35.13,2.11,31,39.26,39.66,1.67,36.38,42.95,44.2,1.79,40.7,47.71,0.97,0.73
127140,Microstomus kitt,F,Area,NA,3.a.20,NA,53,21.79,1.46,18.92,24.66,25.61,1.31,23.04,28.17,29.42,1.84,25.82,33.03,0.87,0.39
126417,Clupea harengus,M,Area,NA,7.d,NA,781,11.4,1.71,8.05,14.75,15.64,1.16,13.37,17.91,19.88,0.67,18.57,21.2,0.68,0.11
126417,Clupea harengus,F,Area,NA,7.d,NA,725,13.45,1.27,10.96,15.94,16.92,0.89,15.17,18.66,20.38,0.57,19.27,21.5,0.76,0.19
150637,Eutrigla gurnardus,M,Area,NA,4.b,NA,1676,12.31,0.42,11.48,13.14,15,0.28,14.46,15.55,17.69,0.2,17.31,18.08,0.85,0.28
150637,Eutrigla gurnardus,F,Area,NA,4.b,NA,2141,13.83,0.31,13.22,14.43,15.65,0.22,15.23,16.07,17.48,0.17,17.14,17.81,0.94,0.43
150637,Eutrigla gurnardus,F,Area,NA,4.a,NA,853,13.18,0.99,11.24,15.13,16.01,0.7,14.63,17.38,18.83,0.48,17.88,19.78,0.89,0.27
150637,Eutrigla gurnardus,M,Area,NA,4.a,NA,636,10.82,1.39,8.09,13.55,14.94,0.93,13.13,16.75,19.06,0.57,17.94,20.18,0.82,0.17
126986,Mullus surmuletus,M,Area,NA,4.c,NA,96,13.07,0.38,12.34,13.81,13.99,0.28,13.44,14.54,14.9,0.31,14.29,15.51,0.92,0.54
126986,Mullus surmuletus,F,Area,NA,4.c,NA,110,11.89,0.8,10.33,13.46,14.18,0.47,13.26,15.09,16.46,0.66,15.16,17.76,0.76,0.22
126439,Micromesistius poutassou,M,Area,NA,4.a,NA,121,20.66,0.61,19.47,21.85,22.87,0.62,21.65,24.09,25.07,0.83,23.44,26.71,0.9,0.54
126439,Micromesistius poutassou,F,Area,NA,4.a,NA,134,22.84,0.72,21.42,24.25,25.07,0.62,23.87,26.28,27.31,0.72,25.91,28.71,0.94,0.66
105913,Etmopterus spinax,F,Area,NA,4.a,NA,43,23.39,2.11,19.25,27.53,27.63,1.54,24.62,30.64,31.86,1.9,28.14,35.58,0.85,0.4
105913,Etmopterus spinax,M,Area,NA,4.a,NA,116,30.36,0.55,29.29,31.43,32.07,0.52,31.05,33.1,33.79,0.69,32.43,35.15,0.94,0.59
126751,Ammodytes marinus,M,Area,NA,4.b,NA,7617,8.04,0.11,7.82,8.27,9.27,0.08,9.12,9.42,10.49,0.05,10.39,10.59,0.88,0.22
126751,Ammodytes marinus,F,Area,NA,4.b,NA,9211,9.51,0.05,9.41,9.61,10.66,0.03,10.59,10.72,11.8,0.04,11.73,11.87,0.89,0.39
126751,Ammodytes marinus,M,Area,NA,3.a.20,NA,741,10.69,0.09,10.51,10.87,11.29,0.08,11.13,11.45,11.9,0.1,11.71,12.09,0.97,0.74
126751,Ammodytes marinus,F,Area,NA,3.a.20,NA,1124,11.42,0.08,11.26,11.58,12.15,0.08,12,12.3,12.87,0.09,12.69,13.06,0.96,0.72
126751,Ammodytes marinus,F,Area,NA,4.a,NA,747,10.29,0.17,9.97,10.62,11.5,0.13,11.26,11.75,12.71,0.14,12.43,12.99,0.91,0.5
126751,Ammodytes marinus,M,Area,NA,4.a,NA,639,8.36,0.37,7.63,9.08,9.79,0.24,9.32,10.27,11.23,0.18,10.87,11.58,0.89,0.26
126822,Trachurus trachurus,M,Area,NA,9.a,NA,4643,17.95,0.09,17.78,18.13,19.51,0.07,19.38,19.65,21.07,0.08,20.92,21.23,0.94,0.59
126822,Trachurus trachurus,F,Area,NA,9.a,NA,4860,17.78,0.09,17.59,17.96,19.47,0.07,19.33,19.61,21.16,0.08,21,21.32,0.93,0.56
126484,Merluccius merluccius,M,Area,NA,9.a,NA,23863,20.92,0.08,20.77,21.08,24.84,0.06,24.73,24.95,28.75,0.08,28.6,28.9,0.82,0.3
126484,Merluccius merluccius,F,Area,NA,9.a,NA,24162,36.99,0.09,36.81,37.16,41.19,0.11,40.99,41.4,45.4,0.15,45.11,45.7,0.92,0.47
126439,Micromesistius poutassou,M,Area,NA,9.a,NA,4512,18.4,0.07,18.26,18.54,19.9,0.06,19.78,20.02,21.39,0.07,21.25,21.54,0.91,0.54
126439,Micromesistius poutassou,F,Area,NA,9.a,NA,5208,18.07,0.11,17.85,18.29,20.71,0.08,20.54,20.87,23.34,0.11,23.13,23.55,0.84,0.36
126438,Merlangius merlangus,M,Area,NA,6.a,NA,12814,15.76,0.09,15.59,15.93,17.79,0.06,17.66,17.92,19.82,0.07,19.69,19.95,0.95,0.57
126438,Merlangius merlangus,F,Area,NA,6.a,NA,13865,19.68,0.07,19.53,19.83,21.5,0.06,21.38,21.62,23.32,0.07,23.19,23.46,0.97,0.72
126444,Trisopterus esmarkii,M,Area,NA,6.a,NA,4763,9.26,0.12,9.02,9.5,11.33,0.07,11.18,11.48,13.4,0.08,13.25,13.56,0.8,0.25
126444,Trisopterus esmarkii,F,Area,NA,6.a,NA,5081,10.86,0.08,10.7,11.02,12.33,0.06,12.22,12.44,13.81,0.06,13.68,13.93,0.89,0.41
126436,Gadus morhua,M,Area,NA,6.a,NA,2135,24.44,1.08,22.32,26.57,33.55,0.69,32.18,34.91,42.65,0.54,41.58,43.71,0.84,0.32
126436,Gadus morhua,F,Area,NA,6.a,NA,2132,32.05,0.92,30.25,33.84,43.39,0.61,42.2,44.58,54.74,0.68,53.4,56.07,0.84,0.34
126437,Melanogrammus aeglefinus,M,Area,NA,6.a,NA,15935,17.11,0.1,16.93,17.3,19.72,0.07,19.58,19.86,22.32,0.07,22.18,22.47,0.94,0.55
126437,Melanogrammus aeglefinus,F,Area,NA,6.a,NA,22356,20.84,0.08,20.68,20.99,22.9,0.06,22.78,23.02,24.97,0.06,24.84,25.09,0.97,0.7
126417,Clupea harengus,F,Area,NA,6.a,NA,15735,21.42,0.05,21.34,21.51,22.46,0.03,22.39,22.52,23.49,0.04,23.42,23.56,0.98,0.77
126417,Clupea harengus,M,Area,NA,6.a,NA,16298,20.99,0.05,20.89,21.09,22.14,0.04,22.07,22.21,23.29,0.04,23.22,23.36,0.98,0.75
127023,Scomber scombrus,M,Area,NA,6.a,NA,4289,24.84,0.1,24.65,25.03,26.41,0.08,26.25,26.57,27.97,0.1,27.78,28.17,0.97,0.71
127023,Scomber scombrus,F,Area,NA,6.a,NA,4241,24.74,0.1,24.55,24.94,26.48,0.09,26.31,26.65,28.22,0.11,28.01,28.43,0.96,0.68
126441,Pollachius virens,M,Area,NA,6.a,NA,1687,31.81,1.07,29.72,33.91,43.09,0.59,41.94,44.24,54.36,0.86,52.67,56.05,0.76,0.2
126441,Pollachius virens,F,Area,NA,6.a,NA,1614,38.67,0.69,37.31,40.03,47.62,0.49,46.66,48.58,56.57,0.78,55.04,58.09,0.81,0.3
126438,Merlangius merlangus,M,Area,NA,7.b,NA,368,15.45,0.96,13.56,17.34,18.13,0.67,16.82,19.44,20.81,0.5,19.83,21.79,0.9,0.4
126438,Merlangius merlangus,F,Area,NA,7.b,NA,313,10.65,2.92,4.93,16.37,17.54,1.87,13.88,21.2,24.43,1.13,22.22,26.64,0.77,0.24
126444,Trisopterus esmarkii,M,Area,NA,7.b,NA,86,12.48,0.49,11.52,13.44,13.83,0.4,13.04,14.61,15.18,0.46,14.28,16.08,0.91,0.56
126444,Trisopterus esmarkii,F,Area,NA,7.b,NA,124,12.27,0.33,11.62,12.93,13.31,0.34,12.64,13.97,14.34,0.44,13.47,15.2,0.96,0.72
126437,Melanogrammus aeglefinus,M,Area,NA,7.b,NA,503,19.91,0.41,19.1,20.72,21.97,0.34,21.31,22.63,24.03,0.36,23.32,24.74,0.96,0.69
126437,Melanogrammus aeglefinus,F,Area,NA,7.b,NA,523,22.56,0.33,21.92,23.21,23.82,0.27,23.28,24.36,25.08,0.3,24.48,25.67,0.99,0.81
126484,Merluccius merluccius,M,Area,NA,6.a,NA,134,20.46,3.48,13.64,27.27,27.69,2.39,23.01,32.37,34.92,1.95,31.1,38.74,0.87,0.44
126484,Merluccius merluccius,F,Area,NA,6.a,NA,114,52.15,2.36,47.53,56.78,60.17,2.03,56.19,64.16,68.19,2.69,62.93,73.46,0.91,0.54
126555,Lophius piscatorius,M,Area,NA,8.c,NA,1001,42.34,0.5,41.36,43.32,46.36,0.48,45.42,47.31,50.38,0.63,49.15,51.61,0.97,0.72
127145,Lepidorhombus boscii,F,Area,NA,8.c,NA,3994,16.84,0.21,16.42,17.26,19.39,0.16,19.08,19.7,21.95,0.14,21.66,22.23,0.92,0.58
127145,Lepidorhombus boscii,M,Area,NA,8.c,NA,1796,17.85,0.11,17.64,18.06,19.16,0.1,18.97,19.34,20.46,0.12,20.22,20.7,0.96,0.68
127145,Lepidorhombus boscii,M,Area,NA,9.a,NA,646,18.27,0.16,17.96,18.59,19.49,0.16,19.19,19.79,20.71,0.21,20.29,21.13,0.95,0.58
127145,Lepidorhombus boscii,F,Area,NA,9.a,NA,1478,17.61,0.2,17.23,17.99,19.12,0.15,18.82,19.42,20.63,0.15,20.33,20.93,0.96,0.72
126822,Trachurus trachurus,M,Area,NA,8.c,NA,1838,18.19,0.23,17.73,18.65,20.48,0.19,20.12,20.85,22.78,0.21,22.37,23.19,0.96,0.62
126822,Trachurus trachurus,F,Area,NA,8.c,NA,1800,17.53,0.25,17.04,18.03,20.26,0.2,19.87,20.64,22.98,0.22,22.55,23.42,0.93,0.54
127251,Helicolenus dactylopterus,M,Area,NA,8.c,NA,560,30.49,0.92,28.68,32.29,38,1.65,34.76,41.24,45.52,2.62,40.38,50.66,0.75,0.11
127251,Helicolenus dactylopterus,F,Area,NA,8.c,NA,426,30.22,0.96,28.34,32.1,34.8,1.49,31.88,37.73,39.39,2.15,35.17,43.6,0.83,0.15
126554,Lophius budegassa,F,Area,NA,7.c.2,NA,298,45.3,1.12,43.11,47.5,50.85,0.94,49,52.7,56.39,1.16,54.11,58.67,0.94,0.61
126554,Lophius budegassa,M,Area,NA,7.c.2,NA,288,33.51,0.66,32.22,34.8,36.01,0.51,35.01,37.01,38.51,0.57,37.4,39.62,0.97,0.69
126554,Lophius budegassa,M,Area,NA,7.b,NA,60,29.06,2.28,24.59,33.54,32.57,1.66,29.32,35.82,36.08,1.46,33.22,38.94,0.94,0.58
126554,Lophius budegassa,F,Area,NA,7.b,NA,59,40.85,3.14,34.69,47.01,47.85,2.15,43.64,52.05,54.85,2.48,49.99,59.7,0.84,0.35
126484,Merluccius merluccius,F,Area,NA,7.k.2,NA,353,55.81,1.69,52.5,59.12,65.55,1.05,63.5,67.6,75.29,1.74,71.89,78.69,0.74,0.18
126484,Merluccius merluccius,M,Area,NA,7.k.2,NA,83,34.21,3.62,27.12,41.3,41.75,2.56,36.74,46.76,49.29,2.47,44.45,54.13,0.9,0.42
126484,Merluccius merluccius,F,Area,NA,7.c.2,NA,579,58.67,1.09,56.54,60.81,64.66,0.99,62.72,66.6,70.64,1.26,68.18,73.11,0.96,0.6
126484,Merluccius merluccius,M,Area,NA,7.c.2,NA,421,38.08,0.82,36.47,39.69,43.17,0.9,41.41,44.94,48.26,1.24,45.82,50.7,0.95,0.58
127146,Lepidorhombus whiffiagonis,F,Area,NA,7.c.2,NA,700,18.97,0.46,18.07,19.86,21.21,0.39,20.43,21.98,23.44,0.43,22.6,24.28,0.99,0.78
127146,Lepidorhombus whiffiagonis,M,Area,NA,7.c.2,NA,215,17.71,0.28,17.17,18.25,18.69,0.29,18.11,19.27,19.67,0.4,18.89,20.44,0.98,0.76
127251,Helicolenus dactylopterus,F,Area,NA,7.k.2,NA,540,31.7,1.33,29.09,34.31,40.73,2.7,35.43,46.02,49.75,4.29,41.34,58.16,0.7,0.07
127251,Helicolenus dactylopterus,F,Area,NA,7.c.2,NA,342,30.42,1.12,28.22,32.61,36.11,1.81,32.57,39.66,41.81,2.69,36.54,47.09,0.81,0.15
127251,Helicolenus dactylopterus,M,Area,NA,7.c.2,NA,402,29.74,1.23,27.34,32.14,40.7,2.14,36.5,44.9,51.66,4.05,43.71,59.6,0.69,0.08
127251,Helicolenus dactylopterus,M,Area,NA,7.k.2,NA,731,29.56,0.99,27.61,31.51,41.74,2.17,37.48,46,53.92,4.05,45.98,61.87,0.66,0.06
126460,Molva macrophthalma,F,Area,NA,7.k.2,NA,80,67.22,2.74,61.85,72.58,73.66,1.88,69.97,77.35,80.11,2.13,75.93,84.28,0.87,0.42
126460,Molva macrophthalma,M,Area,NA,7.k.2,NA,60,57.2,7.52,42.45,71.94,74.21,4.41,65.56,82.86,91.23,9.78,72.07,110.39,0.69,0.09
126444,Trisopterus esmarkii,F,Area,NA,7.a,NA,311,12.63,0.2,12.24,13.02,13.81,0.19,13.43,14.18,14.98,0.27,14.46,15.5,0.91,0.56
126444,Trisopterus esmarkii,M,Area,NA,7.a,NA,203,12.4,0.34,11.73,13.07,14.3,0.34,13.64,14.95,16.2,0.51,15.19,17.2,0.82,0.32
126436,Gadus morhua,Combined,Global,NA,NA,2000-2004,55208,23.5,0.12,23.27,23.72,32.17,0.08,32,32.33,40.84,0.11,40.62,41.06,0.85,0.37
127141,Platichthys flesus,Combined,Global,NA,NA,2000-2004,4718,13.04,0.33,12.4,13.68,14.75,0.24,14.29,15.21,16.46,0.17,16.12,16.8,0.95,0.39
126417,Clupea harengus,Combined,Global,NA,NA,2000-2004,48874,19.68,0.03,19.61,19.74,21.77,0.03,21.72,21.82,23.86,0.03,23.8,23.92,0.93,0.57
127143,Pleuronectes platessa,Combined,Global,NA,NA,2000-2004,10591,13.3,0.24,12.83,13.76,18.64,0.14,18.36,18.92,23.98,0.13,23.73,24.23,0.79,0.24
126425,Sprattus sprattus,Combined,Global,NA,NA,2000-2004,5693,7.34,0.1,7.15,7.53,8.89,0.06,8.77,9.01,10.44,0.05,10.34,10.54,0.82,0.27
127139,Limanda limanda,Combined,Global,NA,NA,2000-2004,259,13.28,0.47,12.36,14.19,14.51,0.35,13.83,15.19,15.74,0.34,15.07,16.41,0.97,0.72
126436,Gadus morhua,Combined,Global,NA,NA,2005-2009,70163,17.69,0.14,17.42,17.97,27.2,0.09,27.02,27.37,36.7,0.1,36.51,36.89,0.83,0.31
126425,Sprattus sprattus,Combined,Global,NA,NA,2005-2009,8518,7.59,0.06,7.47,7.71,8.97,0.04,8.89,9.05,10.35,0.04,10.28,10.43,0.85,0.35
127141,Platichthys flesus,Combined,Global,NA,NA,2005-2009,9281,8.07,0.56,6.98,9.16,11.38,0.42,10.57,12.2,14.7,0.3,14.12,15.28,0.89,0.17
126417,Clupea harengus,Combined,Global,NA,NA,2005-2009,46797,17.12,0.05,17.03,17.21,20.12,0.03,20.05,20.19,23.11,0.04,23.03,23.19,0.89,0.45
127143,Pleuronectes platessa,Combined,Global,NA,NA,2005-2009,22952,17.78,0.1,17.57,17.98,22.63,0.07,22.48,22.77,27.48,0.09,27.3,27.66,0.85,0.36
127139,Limanda limanda,Combined,Global,NA,NA,2005-2009,2133,11.27,0.27,10.74,11.8,13.54,0.19,13.17,13.91,15.81,0.17,15.48,16.14,0.92,0.46
127160,Solea solea,Combined,Global,NA,NA,2005-2009,2030,20.15,0.19,19.77,20.52,21.92,0.15,21.62,22.22,23.69,0.17,23.37,24.01,0.98,0.75
127150,Scophthalmus rhombus,Combined,Global,NA,NA,2005-2009,158,24.28,1.18,21.96,26.59,27.81,1,25.84,29.77,31.34,1.12,29.14,33.53,0.97,0.71
126436,Gadus morhua,Combined,Global,NA,NA,2010-2014,53145,18.17,0.17,17.83,18.51,28.68,0.11,28.47,28.9,39.2,0.12,38.96,39.44,0.82,0.29
127149,Scophthalmus maximus,Combined,Global,NA,NA,2010-2014,906,15.99,0.86,14.31,17.67,18.59,0.62,17.38,19.79,21.18,0.44,20.31,22.05,0.91,0.31
126425,Sprattus sprattus,Combined,Global,NA,NA,2010-2014,13016,6.26,0.1,6.06,6.45,8.35,0.06,8.23,8.47,10.45,0.04,10.37,10.54,0.76,0.22
127143,Pleuronectes platessa,Combined,Global,NA,NA,2010-2014,35133,13.93,0.12,13.69,14.17,19.21,0.08,19.06,19.36,24.49,0.07,24.35,24.63,0.83,0.31
127139,Limanda limanda,Combined,Global,NA,NA,2010-2014,4896,10.1,0.23,9.64,10.55,12.07,0.17,11.74,12.39,14.04,0.14,13.76,14.31,0.95,0.47
127141,Platichthys flesus,Combined,Global,NA,NA,2010-2014,18254,13.3,0.18,12.95,13.65,15.18,0.13,14.92,15.43,17.06,0.1,16.86,17.25,0.95,0.41
127160,Solea solea,Combined,Global,NA,NA,2010-2014,3887,16.71,0.23,16.26,17.16,19.41,0.16,19.1,19.73,22.11,0.14,21.84,22.39,0.92,0.47
126417,Clupea harengus,Combined,Global,NA,NA,2010-2014,54938,17.28,0.04,17.2,17.36,20.17,0.03,20.11,20.24,23.07,0.04,23,23.14,0.89,0.45
127150,Scophthalmus rhombus,Combined,Global,NA,NA,2010-2014,478,13.71,1.01,11.73,15.7,18.81,0.69,17.45,20.16,23.9,0.65,22.62,25.17,0.87,0.39
126438,Merlangius merlangus,Combined,Global,NA,NA,2010-2014,39214,16.02,0.08,15.86,16.18,20.59,0.06,20.47,20.7,25.16,0.07,25.03,25.28,0.87,0.39
126437,Melanogrammus aeglefinus,Combined,Global,NA,NA,2010-2014,24507,20.23,0.09,20.05,20.41,23.76,0.07,23.62,23.9,27.29,0.08,27.15,27.44,0.93,0.56
127136,Glyptocephalus cynoglossus,Combined,Global,NA,NA,2010-2014,1765,25.08,0.53,24.04,26.11,33.57,0.48,32.62,34.52,42.07,0.94,40.22,43.91,0.72,0.13
126441,Pollachius virens,Combined,Global,NA,NA,2010-2014,4777,44.49,0.29,43.92,45.06,51.47,0.27,50.94,52,58.44,0.39,57.68,59.2,0.89,0.49
126484,Merluccius merluccius,Combined,Global,NA,NA,2010-2014,18716,25.33,0.19,24.96,25.7,35.8,0.19,35.42,36.18,46.27,0.34,45.62,46.93,0.79,0.22
126736,Osmerus eperlanus,Combined,Global,NA,NA,2010-2014,46,8.4,0.5,7.41,9.39,9.51,0.44,8.66,10.36,10.62,0.64,9.37,11.87,0.87,0.47
126438,Merlangius merlangus,Combined,Global,NA,NA,2015-2019,45439,16.41,0.08,16.26,16.56,21.13,0.05,21.02,21.23,25.85,0.06,25.73,25.98,0.86,0.38
126436,Gadus morhua,Combined,Global,NA,NA,2015-2019,49504,6.89,0.36,6.19,7.6,22.2,0.2,21.81,22.58,37.5,0.17,37.17,37.82,0.76,0.18
126437,Melanogrammus aeglefinus,Combined,Global,NA,NA,2015-2019,28050,19.65,0.09,19.48,19.83,23.29,0.07,23.15,23.42,26.92,0.07,26.77,27.07,0.94,0.58
127136,Glyptocephalus cynoglossus,Combined,Global,NA,NA,2015-2019,843,24.26,1.41,21.5,27.01,36.7,0.97,34.8,38.6,49.15,2.3,44.63,53.67,0.64,0.07
126822,Trachurus trachurus,Combined,Global,NA,NA,2015-2019,3280,17.64,0.12,17.41,17.87,19.47,0.1,19.27,19.68,21.3,0.13,21.05,21.56,0.96,0.67
126425,Sprattus sprattus,Combined,Global,NA,NA,2015-2019,14593,6.9,0.08,6.75,7.06,9.05,0.05,8.96,9.14,11.2,0.04,11.11,11.28,0.76,0.2
126484,Merluccius merluccius,Combined,Global,NA,NA,2015-2019,20220,25,0.17,24.67,25.33,34.5,0.17,34.17,34.82,43.99,0.29,43.43,44.56,0.8,0.25
127143,Pleuronectes platessa,Combined,Global,NA,NA,2015-2019,37042,12.52,0.12,12.28,12.76,17.43,0.08,17.28,17.59,22.35,0.07,22.22,22.48,0.84,0.32
127139,Limanda limanda,Combined,Global,NA,NA,2015-2019,5325,10.12,0.22,9.68,10.55,12.58,0.15,12.28,12.88,15.05,0.12,14.81,15.29,0.92,0.38
127141,Platichthys flesus,Combined,Global,NA,NA,2015-2019,12599,11.18,0.27,10.65,11.71,13.47,0.2,13.08,13.86,15.76,0.15,15.47,16.05,0.95,0.31
127160,Solea solea,Combined,Global,NA,NA,2015-2019,6638,15.36,0.24,14.88,15.84,19.57,0.15,19.27,19.87,23.78,0.13,23.52,24.03,0.82,0.29
126426,Engraulis encrasicolus,Combined,Global,NA,NA,2015-2019,283,12.1,0.31,11.5,12.7,13.1,0.22,12.67,13.53,14.1,0.21,13.68,14.52,0.95,0.57
126417,Clupea harengus,Combined,Global,NA,NA,2015-2019,52652,17.46,0.04,17.39,17.54,20.23,0.03,20.17,20.29,22.99,0.04,22.92,23.07,0.9,0.48
127150,Scophthalmus rhombus,Combined,Global,NA,NA,2015-2019,622,15.06,1.01,13.08,17.04,19.77,0.67,18.44,21.09,24.47,0.55,23.4,25.55,0.87,0.34
127149,Scophthalmus maximus,Combined,Global,NA,NA,2015-2019,1801,12.25,0.92,10.44,14.05,15.9,0.65,14.64,17.17,19.56,0.42,18.74,20.38,0.85,0.17
127023,Scomber scombrus,Combined,Global,NA,NA,2015-2019,6839,25.31,0.09,25.13,25.49,27.39,0.08,27.24,27.54,29.47,0.09,29.29,29.65,0.95,0.65
126441,Pollachius virens,Combined,Global,NA,NA,2015-2019,4280,46.49,0.32,45.87,47.11,53.96,0.27,53.43,54.5,61.44,0.41,60.62,62.25,0.84,0.37
126438,Merlangius merlangus,Combined,Global,NA,NA,2020-2024,43704,15.61,0.08,15.45,15.77,20.2,0.06,20.09,20.31,24.79,0.06,24.66,24.91,0.87,0.41
126444,Trisopterus esmarkii,Combined,Global,NA,NA,2020-2024,7411,10.5,0.06,10.38,10.61,11.8,0.04,11.71,11.88,13.1,0.05,13,13.19,0.92,0.52
126436,Gadus morhua,Combined,Global,NA,NA,2020-2024,44097,12.33,0.21,11.91,12.74,23.04,0.12,22.8,23.28,33.76,0.13,33.49,34.02,0.8,0.24
126437,Melanogrammus aeglefinus,Combined,Global,NA,NA,2020-2024,31248,18.83,0.09,18.65,19.02,22.6,0.07,22.46,22.73,26.36,0.07,26.23,26.49,0.92,0.52
127136,Glyptocephalus cynoglossus,Combined,Global,NA,NA,2020-2024,1455,19.24,0.54,18.17,20.3,25.22,0.35,24.55,25.9,31.21,0.44,30.36,32.07,0.79,0.26
126425,Sprattus sprattus,Combined,Global,NA,NA,2020-2024,14719,7.37,0.05,7.26,7.47,9,0.03,8.93,9.07,10.63,0.03,10.57,10.7,0.81,0.29
127143,Pleuronectes platessa,Combined,Global,NA,NA,2020-2024,44311,11.76,0.1,11.57,11.94,15.9,0.06,15.78,16.03,20.05,0.05,19.95,20.16,0.85,0.34
127139,Limanda limanda,Combined,Global,NA,NA,2020-2024,9708,11.02,0.12,10.78,11.26,13.4,0.09,13.23,13.57,15.78,0.08,15.62,15.93,0.91,0.43
127141,Platichthys flesus,Combined,Global,NA,NA,2020-2024,14739,3.37,0.66,2.08,4.67,7.55,0.5,6.58,8.52,11.73,0.34,11.07,12.4,0.86,0.07
127160,Solea solea,Combined,Global,NA,NA,2020-2024,6219,14.21,0.27,13.69,14.74,18.46,0.17,18.13,18.8,22.71,0.14,22.44,22.98,0.82,0.28
126426,Engraulis encrasicolus,Combined,Global,NA,NA,2020-2024,240,11.18,0.41,10.38,11.98,12.76,0.29,12.2,13.33,14.34,0.28,13.8,14.89,0.89,0.44
126417,Clupea harengus,Combined,Global,NA,NA,2020-2024,51587,17.66,0.04,17.59,17.74,20.36,0.03,20.3,20.42,23.05,0.04,22.98,23.13,0.9,0.5
127150,Scophthalmus rhombus,Combined,Global,NA,NA,2020-2024,768,15.86,1.02,13.87,17.85,19.28,0.72,17.88,20.69,22.7,0.52,21.69,23.72,0.89,0.3
127149,Scophthalmus maximus,Combined,Global,NA,NA,2020-2024,2169,11.98,0.82,10.37,13.58,15.22,0.57,14.1,16.34,18.47,0.37,17.75,19.19,0.87,0.16
127023,Scomber scombrus,Combined,Global,NA,NA,2020-2024,7797,26.93,0.09,26.76,27.1,28.78,0.07,28.65,28.92,30.63,0.08,30.48,30.79,0.96,0.69
126441,Pollachius virens,Combined,Global,NA,NA,2020-2024,2174,44.37,0.55,43.29,45.44,52.5,0.41,51.69,53.32,60.64,0.56,59.54,61.75,0.86,0.4
126986,Mullus surmuletus,Combined,Global,NA,NA,2010-2014,208,12.82,0.45,11.95,13.7,14.48,0.31,13.88,15.09,16.14,0.34,15.47,16.81,0.88,0.41
126554,Lophius budegassa,Combined,Global,NA,NA,2010-2014,537,34.24,0.85,32.58,35.9,40.38,0.73,38.94,41.82,46.53,0.96,44.65,48.4,0.92,0.54
126975,Dicentrarchus labrax,Combined,Global,NA,NA,2010-2014,507,21.46,2.23,17.09,25.83,25.27,1.56,22.21,28.33,29.09,0.98,27.17,31.01,0.85,0.15
126555,Lophius piscatorius,Combined,Global,NA,NA,2010-2014,898,41.74,0.85,40.08,43.4,47.35,0.82,45.74,48.97,52.96,1.04,50.92,55.01,0.98,0.74
126986,Mullus surmuletus,Combined,Global,NA,NA,2015-2019,417,8.65,1.24,6.21,11.09,14.11,0.63,12.88,15.35,19.58,0.73,18.14,21.02,0.74,0.15
126555,Lophius piscatorius,Combined,Global,NA,NA,2015-2019,518,35.64,1.15,33.39,37.88,42.84,0.94,41,44.68,50.05,1.11,47.88,52.22,0.94,0.62
126554,Lophius budegassa,Combined,Global,NA,NA,2015-2019,709,27.1,0.92,25.3,28.9,34.24,0.69,32.89,35.58,41.37,0.83,39.76,42.99,0.89,0.47
126975,Dicentrarchus labrax,Combined,Global,NA,NA,2015-2019,774,23.17,1.83,19.58,26.77,27.28,1.28,24.76,29.79,31.38,0.82,29.76,32.99,0.87,0.19
126986,Mullus surmuletus,Combined,Global,NA,NA,2020-2024,958,13.51,0.32,12.89,14.13,16.95,0.25,16.47,17.44,20.4,0.38,19.65,21.14,0.83,0.31
126555,Lophius piscatorius,Combined,Global,NA,NA,2020-2024,1010,35.02,0.83,33.39,36.65,43.59,0.71,42.2,44.98,52.16,0.93,50.34,53.99,0.91,0.52
126554,Lophius budegassa,Combined,Global,NA,NA,2020-2024,1488,28.27,0.59,27.11,29.42,36.16,0.49,35.21,37.11,44.05,0.69,42.71,45.4,0.87,0.39
126975,Dicentrarchus labrax,Combined,Global,NA,NA,2020-2024,1867,26.04,0.65,24.77,27.32,29.66,0.45,28.78,30.54,33.28,0.33,32.63,33.92,0.9,0.31
127140,Microstomus kitt,Combined,Global,NA,NA,2000-2004,397,13.75,0.93,11.94,15.57,15.87,0.64,14.62,17.13,18,0.46,17.1,18.9,0.91,0.3
127136,Glyptocephalus cynoglossus,Combined,Global,NA,NA,2005-2009,308,19.68,1.04,17.63,21.72,24.64,0.7,23.28,26.01,29.61,0.75,28.14,31.08,0.82,0.36
126484,Merluccius merluccius,Combined,Global,NA,NA,2005-2009,19717,27.53,0.17,27.2,27.87,37.73,0.21,37.32,38.13,47.92,0.36,47.21,48.62,0.78,0.2
127140,Microstomus kitt,Combined,Global,NA,NA,2005-2009,2794,8.72,0.87,7.02,10.42,13.14,0.58,12.01,14.27,17.56,0.34,16.9,18.22,0.79,0.14
127140,Microstomus kitt,Combined,Global,NA,NA,2010-2014,3184,6.62,1.07,4.51,8.73,10.79,0.76,9.31,12.28,14.97,0.47,14.05,15.89,0.8,0.09
127140,Microstomus kitt,Combined,Global,NA,NA,2015-2019,4762,9.68,0.43,8.85,10.52,12.87,0.29,12.3,13.45,16.06,0.19,15.69,16.43,0.84,0.22
105876,Leucoraja naevus,Combined,Global,NA,NA,2015-2019,38,48.56,2.45,43.75,53.37,50.96,1.69,47.65,54.27,53.36,1.5,50.42,56.3,0.98,0.75
126484,Merluccius merluccius,Combined,Global,NA,NA,2020-2024,12519,25.48,0.2,25.09,25.87,34.29,0.2,33.89,34.7,43.11,0.33,42.47,43.75,0.85,0.34
127140,Microstomus kitt,Combined,Global,NA,NA,2020-2024,4813,11.51,0.25,11.02,12,14.58,0.16,14.27,14.9,17.65,0.12,17.41,17.9,0.84,0.29
105883,Raja clavata,Combined,Global,NA,NA,2020-2024,80,56.59,1.51,53.63,59.54,59.31,1.13,57.1,61.53,62.04,1.33,59.43,64.64,0.97,0.69
127259,Chelidonichthys cuculus,Combined,Global,NA,NA,2015-2019,829,16.02,0.54,14.97,17.08,19.17,0.37,18.45,19.89,22.32,0.33,21.67,22.97,0.9,0.39
126421,Sardina pilchardus,Combined,Global,NA,NA,2015-2019,114,14,0.5,13.03,14.97,15.21,0.38,14.47,15.94,16.41,0.36,15.7,17.11,0.92,0.6
126445,Trisopterus luscus,Combined,Global,NA,NA,2015-2019,1226,12.28,0.67,10.97,13.59,17.22,0.42,16.39,18.04,22.15,0.36,21.45,22.86,0.82,0.26
127259,Chelidonichthys cuculus,Combined,Global,NA,NA,2020-2024,1137,19.68,0.41,18.88,20.47,23.35,0.28,22.8,23.91,27.03,0.31,26.43,27.64,0.87,0.42
126445,Trisopterus luscus,Combined,Global,NA,NA,2020-2024,1612,14.03,0.37,13.3,14.76,17.4,0.25,16.91,17.9,20.77,0.24,20.31,21.24,0.87,0.4
127146,Lepidorhombus whiffiagonis,Combined,Global,NA,NA,2020-2024,413,17.47,0.42,16.65,18.29,19.66,0.51,18.66,20.66,21.84,0.72,20.43,23.25,0.98,0.79
126438,Merlangius merlangus,Combined,Global,NA,NA,2005-2009,30542,15.76,0.08,15.6,15.92,19.52,0.06,19.41,19.64,23.29,0.06,23.17,23.41,0.89,0.44
126822,Trachurus trachurus,Combined,Global,NA,NA,2005-2009,3796,17.99,0.12,17.76,18.23,19.96,0.09,19.78,20.14,21.93,0.11,21.72,22.13,0.93,0.56
127259,Chelidonichthys cuculus,Combined,Global,NA,NA,2010-2014,208,16.67,1.03,14.65,18.69,19.58,0.68,18.24,20.91,22.48,0.56,21.38,23.59,0.86,0.35
126445,Trisopterus luscus,Combined,Global,NA,NA,2010-2014,445,16.25,0.84,14.6,17.9,20.73,0.53,19.69,21.77,25.21,0.54,24.15,26.27,0.8,0.29
105820,Galeorhinus galeus,Combined,Global,NA,NA,2020-2024,41,85.72,3.02,79.8,91.63,90.88,3.1,84.79,96.97,96.04,4.18,87.84,104.24,0.96,0.73
105891,Raja undulata,Combined,Global,NA,NA,2020-2024,208,64.47,1.24,62.03,66.91,68.83,1.06,66.74,70.92,73.19,1.25,70.74,75.63,0.97,0.74
105815,Scyliorhinus stellaris,Combined,Global,NA,NA,2020-2024,171,72.11,3.11,66.01,78.21,83.96,2.48,79.1,88.81,95.81,2.81,90.29,101.32,0.91,0.57
105876,Leucoraja naevus,Combined,Global,NA,NA,2020-2024,37,45.13,2.98,39.3,50.97,51.4,2.38,46.73,56.07,57.67,3.38,51.04,64.3,0.84,0.35
105923,Squalus acanthias,Combined,Global,NA,NA,2020-2024,57,53.36,3.82,45.88,60.85,61,3.04,55.04,66.96,68.64,3.3,62.17,75.11,0.92,0.65
126437,Melanogrammus aeglefinus,Combined,Global,NA,NA,2005-2009,24009,19.39,0.08,19.23,19.55,22.22,0.06,22.1,22.35,25.06,0.07,24.93,25.19,0.94,0.6
126438,Merlangius merlangus,Combined,Global,NA,NA,2000-2004,42289,17.35,0.07,17.22,17.48,21.11,0.05,21.02,21.21,24.88,0.05,24.78,24.98,0.88,0.43
126444,Trisopterus esmarkii,Combined,Global,NA,NA,2000-2004,6613,11.08,0.07,10.95,11.21,12.71,0.05,12.62,12.81,14.35,0.06,14.23,14.46,0.86,0.39
126437,Melanogrammus aeglefinus,Combined,Global,NA,NA,2000-2004,27506,19.94,0.06,19.82,20.07,22.58,0.05,22.48,22.68,25.21,0.06,25.1,25.32,0.95,0.61
127023,Scomber scombrus,Combined,Global,NA,NA,2000-2004,1773,23.45,0.25,22.96,23.94,25.61,0.17,25.27,25.95,27.77,0.15,27.47,28.07,0.91,0.47
126441,Pollachius virens,Combined,Global,NA,NA,2000-2004,2758,39.39,0.33,38.74,40.05,44.25,0.23,43.79,44.7,49.11,0.29,48.54,49.68,0.88,0.41
126822,Trachurus trachurus,Combined,Global,NA,NA,2000-2004,1383,18.6,0.16,18.29,18.9,19.56,0.12,19.33,19.79,20.52,0.12,20.29,20.76,0.98,0.79
126444,Trisopterus esmarkii,Combined,Global,NA,NA,2005-2009,6096,10.37,0.08,10.22,10.53,12.07,0.06,11.96,12.18,13.76,0.06,13.63,13.88,0.87,0.37
127023,Scomber scombrus,Combined,Global,NA,NA,2005-2009,9061,24.11,0.08,23.96,24.26,26.01,0.06,25.89,26.12,27.9,0.06,27.78,28.03,0.93,0.57
126441,Pollachius virens,Combined,Global,NA,NA,2005-2009,2941,38.75,0.4,37.95,39.54,44.03,0.27,43.5,44.55,49.31,0.28,48.76,49.86,0.88,0.39
126986,Mullus surmuletus,Combined,Global,NA,NA,2005-2009,55,14.38,0.77,12.87,15.9,15.78,0.6,14.6,16.95,17.18,0.61,15.98,18.37,0.94,0.59
126555,Lophius piscatorius,Combined,Global,NA,NA,2005-2009,925,46.27,0.99,44.33,48.21,55.24,1.08,53.12,57.36,64.2,1.45,61.35,67.06,0.95,0.56
127146,Lepidorhombus whiffiagonis,Combined,Global,NA,NA,2005-2009,561,19.32,0.46,18.42,20.22,21.5,0.38,20.76,22.24,23.68,0.4,22.89,24.47,0.98,0.74
126445,Trisopterus luscus,Combined,Global,NA,NA,2005-2009,347,17.21,0.76,15.71,18.71,21.22,0.51,20.22,22.22,25.24,0.58,24.1,26.38,0.83,0.32
126444,Trisopterus esmarkii,Combined,Global,NA,NA,2010-2014,6538,9.55,0.1,9.36,9.74,11.4,0.06,11.27,11.53,13.25,0.06,13.13,13.38,0.86,0.33
126822,Trachurus trachurus,Combined,Global,NA,NA,2010-2014,4195,18.84,0.11,18.63,19.04,20.39,0.08,20.23,20.54,21.94,0.09,21.76,22.12,0.95,0.63
150637,Eutrigla gurnardus,Combined,Global,NA,NA,2010-2014,1373,14.26,0.55,13.18,15.34,16.55,0.38,15.8,17.31,18.85,0.27,18.31,19.38,0.91,0.32
127023,Scomber scombrus,Combined,Global,NA,NA,2010-2014,6485,23.8,0.1,23.61,23.99,25.93,0.07,25.79,26.08,28.07,0.09,27.9,28.24,0.93,0.56
126439,Micromesistius poutassou,Combined,Global,NA,NA,2010-2014,2957,18.44,0.08,18.28,18.6,19.68,0.07,19.55,19.82,20.93,0.08,20.76,21.09,0.94,0.64
126444,Trisopterus esmarkii,Combined,Global,NA,NA,2015-2019,7616,10.43,0.06,10.32,10.55,11.8,0.04,11.72,11.88,13.16,0.05,13.07,13.26,0.9,0.47
105865,Amblyraja radiata,Combined,Global,NA,NA,2015-2019,160,28.67,1.87,25,32.34,33.16,1.27,30.67,35.66,37.66,1,35.7,39.62,0.9,0.47
126439,Micromesistius poutassou,Combined,Global,NA,NA,2015-2019,2409,17.56,0.11,17.35,17.77,19.49,0.09,19.31,19.66,21.41,0.14,21.15,21.68,0.84,0.34
150637,Eutrigla gurnardus,Combined,Global,NA,NA,2015-2019,2174,12.52,0.38,11.77,13.28,15.02,0.26,14.5,15.53,17.51,0.2,17.13,17.9,0.9,0.34
150637,Eutrigla gurnardus,Combined,Global,NA,NA,2020-2024,1453,12.27,0.46,11.36,13.18,15.19,0.31,14.58,15.79,18.1,0.23,17.64,18.56,0.86,0.34
126439,Micromesistius poutassou,Combined,Global,NA,NA,2020-2024,1654,17.43,0.39,16.66,18.2,20.89,0.23,20.45,21.33,24.35,0.21,23.94,24.76,0.76,0.21
105913,Etmopterus spinax,Combined,Global,NA,NA,2020-2024,73,31.24,0.63,30.01,32.47,32.52,0.65,31.25,33.79,33.81,0.86,32.11,35.5,0.97,0.72
105865,Amblyraja radiata,Combined,Global,NA,NA,2020-2024,123,33.21,0.83,31.59,34.83,36,0.63,34.77,37.22,38.79,0.79,37.24,40.33,0.89,0.46
126822,Trachurus trachurus,Combined,Global,NA,NA,2020-2024,2280,15.99,0.15,15.69,16.28,17.93,0.12,17.69,18.17,19.88,0.15,19.58,20.17,0.95,0.65
126751,Ammodytes marinus,Combined,Global,NA,NA,2010-2014,9243,11.4,0.03,11.34,11.47,12.1,0.04,12.02,12.17,12.79,0.05,12.7,12.89,0.98,0.76
126751,Ammodytes marinus,Combined,Global,NA,NA,2015-2019,21403,10.32,0.02,10.28,10.37,11.27,0.02,11.23,11.32,12.22,0.03,12.16,12.28,0.96,0.68
126751,Ammodytes marinus,Combined,Global,NA,NA,2020-2024,24590,10.25,0.02,10.21,10.29,11.02,0.02,10.98,11.06,11.79,0.03,11.74,11.85,0.98,0.76
126484,Merluccius merluccius,Combined,Global,NA,NA,2000-2004,6457,30.19,0.21,29.77,30.61,36.87,0.27,36.34,37.41,43.56,0.43,42.72,44.4,0.84,0.26
126439,Micromesistius poutassou,Combined,Global,NA,NA,2000-2004,714,17.51,0.11,17.29,17.73,18.15,0.09,17.96,18.33,18.78,0.11,18.56,19,0.98,0.74
126439,Micromesistius poutassou,Combined,Global,NA,NA,2005-2009,2703,19.87,0.11,19.65,20.09,21.73,0.09,21.55,21.92,23.59,0.12,23.36,23.83,0.91,0.52
126554,Lophius budegassa,Combined,Global,NA,NA,2005-2009,501,29.18,1.79,25.67,32.7,44.1,1.5,41.16,47.03,59.01,2.49,54.13,63.9,0.78,0.24
126555,Lophius piscatorius,Combined,Global,NA,NA,2000-2004,683,51.84,1.57,48.76,54.92,63.3,2,59.39,67.21,74.76,2.79,69.28,80.24,0.93,0.35
126554,Lophius budegassa,Combined,Global,NA,NA,2000-2004,222,31.7,5.02,21.87,41.54,59.59,5.72,48.38,70.79,87.47,12.64,62.7,112.23,0.65,0.06
127145,Lepidorhombus boscii,Combined,Global,NA,NA,2000-2004,804,18.34,0.14,18.06,18.62,18.98,0.12,18.74,19.22,19.62,0.14,19.35,19.9,0.99,0.87
127145,Lepidorhombus boscii,Combined,Global,NA,NA,2005-2009,1027,18.1,0.14,17.83,18.37,18.78,0.12,18.56,19.01,19.47,0.13,19.21,19.73,0.99,0.86
127251,Helicolenus dactylopterus,Combined,Global,NA,NA,2010-2014,1408,34.67,1.65,31.43,37.91,48.3,3.59,41.27,55.33,61.93,5.66,50.83,73.02,0.64,0.03
127145,Lepidorhombus boscii,Combined,Global,NA,NA,2010-2014,2205,18.29,0.1,18.1,18.48,19.03,0.08,18.87,19.19,19.77,0.1,19.58,19.96,0.99,0.86
127251,Helicolenus dactylopterus,Combined,Global,NA,NA,2015-2019,1107,37.69,1.27,35.2,40.17,45.29,2.11,41.15,49.42,52.89,3.04,46.93,58.86,0.79,0.07
127145,Lepidorhombus boscii,Combined,Global,NA,NA,2015-2019,2161,17.79,0.11,17.58,18,18.61,0.09,18.43,18.78,19.42,0.11,19.22,19.63,0.99,0.86
127251,Helicolenus dactylopterus,Combined,Global,NA,NA,2020-2024,823,23.84,0.53,22.79,24.88,29.65,0.49,28.69,30.62,35.46,0.75,34,36.93,0.83,0.3
127145,Lepidorhombus boscii,Combined,Global,NA,NA,2020-2024,1739,18.12,0.29,17.55,18.69,21.86,0.22,21.43,22.29,25.59,0.26,25.08,26.11,0.88,0.44
126460,Molva macrophthalma,Combined,Global,NA,NA,2005-2009,100,63.29,2.67,58.05,68.53,71.96,1.92,68.2,75.72,80.63,2.63,75.48,85.79,0.82,0.31
126460,Molva macrophthalma,Combined,Global,NA,NA,2010-2014,150,73.81,2.97,67.99,79.63,86.98,2.66,81.76,92.19,100.14,4.11,92.09,108.19,0.84,0.33
126436,Gadus morhua,M,Global,NA,NA,2000-2004,26619,21.52,0.17,21.18,21.85,29.9,0.12,29.67,30.13,38.29,0.15,37.99,38.58,0.84,0.33
126436,Gadus morhua,F,Global,NA,NA,2000-2004,27186,25.72,0.16,25.4,26.04,34.5,0.12,34.25,34.74,43.27,0.17,42.95,43.6,0.86,0.38
127141,Platichthys flesus,M,Global,NA,NA,2000-2004,2276,13.39,0.36,12.68,14.11,14.68,0.27,14.14,15.21,15.96,0.21,15.56,16.36,0.95,0.43
127141,Platichthys flesus,F,Global,NA,NA,2000-2004,2441,13.89,0.45,13,14.78,15.83,0.34,15.17,16.49,17.78,0.28,17.23,18.32,0.97,0.45
126417,Clupea harengus,F,Global,NA,NA,2000-2004,23627,19.68,0.05,19.59,19.77,21.81,0.04,21.73,21.88,23.93,0.04,23.85,24.02,0.92,0.55
126417,Clupea harengus,M,Global,NA,NA,2000-2004,21763,19.44,0.05,19.34,19.54,21.54,0.04,21.46,21.61,23.63,0.04,23.55,23.72,0.92,0.55
127143,Pleuronectes platessa,M,Global,NA,NA,2000-2004,4610,10.05,0.48,9.11,11,15.59,0.28,15.03,16.14,21.12,0.19,20.74,21.5,0.74,0.16
127143,Pleuronectes platessa,F,Global,NA,NA,2000-2004,5792,17.16,0.24,16.7,17.63,21.55,0.15,21.25,21.85,25.94,0.15,25.64,26.23,0.83,0.31
126425,Sprattus sprattus,M,Global,NA,NA,2000-2004,2435,6.09,0.25,5.6,6.57,7.95,0.15,7.66,8.25,9.82,0.09,9.64,10,0.76,0.15
126425,Sprattus sprattus,F,Global,NA,NA,2000-2004,2815,7.21,0.16,6.89,7.53,8.72,0.1,8.52,8.93,10.23,0.08,10.09,10.38,0.82,0.24
127139,Limanda limanda,F,Global,NA,NA,2000-2004,136,13.7,0.86,12.02,15.38,15.47,0.66,14.19,16.76,17.24,0.67,15.93,18.55,0.96,0.64
127139,Limanda limanda,M,Global,NA,NA,2000-2004,123,13.92,0.29,13.35,14.49,14.29,0.24,13.83,14.75,14.66,0.26,14.16,15.17,1,0.9
126436,Gadus morhua,M,Global,NA,NA,2005-2009,34420,14.72,0.23,14.27,15.18,24.32,0.14,24.05,24.59,33.91,0.13,33.65,34.17,0.8,0.25
126436,Gadus morhua,F,Global,NA,NA,2005-2009,34207,20.43,0.19,20.05,20.8,29.9,0.13,29.66,30.15,39.37,0.14,39.1,39.65,0.84,0.33
126425,Sprattus sprattus,F,Global,NA,NA,2005-2009,4208,7.69,0.09,7.51,7.86,8.92,0.06,8.81,9.04,10.16,0.05,10.06,10.27,0.87,0.37
126425,Sprattus sprattus,M,Global,NA,NA,2005-2009,3357,7.06,0.11,6.85,7.27,8.23,0.07,8.09,8.37,9.4,0.06,9.29,9.51,0.86,0.3
127141,Platichthys flesus,F,Global,NA,NA,2005-2009,5141,10.63,0.6,9.46,11.8,13.83,0.45,12.95,14.72,17.04,0.33,16.38,17.69,0.94,0.23
127141,Platichthys flesus,M,Global,NA,NA,2005-2009,4117,8.43,0.77,6.92,9.93,10.98,0.59,9.83,12.13,13.53,0.43,12.69,14.37,0.91,0.14
126417,Clupea harengus,F,Global,NA,NA,2005-2009,22849,16.76,0.07,16.62,16.9,19.89,0.05,19.79,19.99,23.02,0.06,22.9,23.13,0.87,0.4
126417,Clupea harengus,M,Global,NA,NA,2005-2009,20638,16.73,0.08,16.58,16.88,19.88,0.05,19.77,19.98,23.02,0.06,22.9,23.14,0.87,0.4
127143,Pleuronectes platessa,M,Global,NA,NA,2005-2009,9658,15.6,0.17,15.26,15.94,20.71,0.11,20.49,20.93,25.82,0.15,25.53,26.11,0.8,0.28
127143,Pleuronectes platessa,F,Global,NA,NA,2005-2009,13226,20.34,0.12,20.1,20.58,24.45,0.09,24.27,24.62,28.55,0.11,28.34,28.75,0.89,0.47
127139,Limanda limanda,F,Global,NA,NA,2005-2009,1428,12.03,0.33,11.39,12.67,14.3,0.23,13.85,14.75,16.57,0.21,16.17,16.98,0.93,0.48
127139,Limanda limanda,M,Global,NA,NA,2005-2009,704,10.65,0.41,9.85,11.46,12.58,0.29,12.01,13.15,14.51,0.25,14.01,15.01,0.92,0.49
127160,Solea solea,F,Global,NA,NA,2005-2009,1248,20.91,0.25,20.41,21.4,22.84,0.21,22.44,23.25,24.78,0.23,24.32,25.23,0.98,0.75
126436,Gadus morhua,M,Global,NA,NA,2010-2014,26672,12.21,0.34,11.53,12.88,24.01,0.19,23.63,24.39,35.82,0.18,35.47,36.17,0.78,0.21
126436,Gadus morhua,F,Global,NA,NA,2010-2014,25098,23.8,0.2,23.41,24.19,32.81,0.13,32.55,33.08,41.83,0.16,41.51,42.15,0.85,0.37
126425,Sprattus sprattus,M,Global,NA,NA,2010-2014,5399,5.74,0.18,5.38,6.1,7.65,0.12,7.42,7.87,9.56,0.07,9.42,9.69,0.76,0.17
126425,Sprattus sprattus,F,Global,NA,NA,2010-2014,6945,5.48,0.2,5.09,5.87,8.01,0.12,7.77,8.25,10.54,0.07,10.39,10.68,0.72,0.16
127143,Pleuronectes platessa,F,Global,NA,NA,2010-2014,18901,18.3,0.13,18.05,18.55,22.49,0.09,22.31,22.66,26.68,0.08,26.51,26.85,0.88,0.42
127143,Pleuronectes platessa,M,Global,NA,NA,2010-2014,15542,10.63,0.23,10.17,11.08,16.24,0.14,15.97,16.51,21.85,0.11,21.64,22.06,0.76,0.21
127139,Limanda limanda,F,Global,NA,NA,2010-2014,3113,11.94,0.27,11.41,12.48,13.76,0.2,13.36,14.16,15.57,0.18,15.22,15.93,0.97,0.55
127139,Limanda limanda,M,Global,NA,NA,2010-2014,1724,8.62,0.43,7.79,9.46,10.32,0.31,9.71,10.92,12.01,0.23,11.56,12.46,0.94,0.35
127141,Platichthys flesus,M,Global,NA,NA,2010-2014,8253,12.66,0.26,12.15,13.17,14.27,0.19,13.89,14.64,15.87,0.14,15.59,16.15,0.94,0.37
127141,Platichthys flesus,F,Global,NA,NA,2010-2014,9980,15.73,0.21,15.31,16.14,17.52,0.16,17.2,17.84,19.31,0.14,19.04,19.58,0.97,0.57
127160,Solea solea,M,Global,NA,NA,2010-2014,1586,12.18,0.57,11.07,13.29,14.86,0.42,14.03,15.68,17.53,0.32,16.9,18.16,0.89,0.47
127160,Solea solea,F,Global,NA,NA,2010-2014,2296,20.32,0.19,19.94,20.7,22.27,0.14,21.98,22.55,24.21,0.15,23.93,24.5,0.96,0.64
126417,Clupea harengus,F,Global,NA,NA,2010-2014,26944,16.92,0.06,16.79,17.04,19.91,0.05,19.82,20,22.9,0.05,22.8,23,0.87,0.4
126417,Clupea harengus,M,Global,NA,NA,2010-2014,23161,16.64,0.08,16.49,16.79,19.81,0.05,19.7,19.91,22.97,0.06,22.86,23.08,0.86,0.38
127150,Scophthalmus rhombus,M,Global,NA,NA,2010-2014,217,12.75,1.15,10.49,15,17.17,0.82,15.56,18.78,21.6,0.86,19.92,23.28,0.88,0.42
127150,Scophthalmus rhombus,F,Global,NA,NA,2010-2014,261,16.77,1.39,14.05,19.49,21.38,0.94,19.53,23.23,25.99,0.82,24.37,27.61,0.88,0.38
126438,Merlangius merlangus,F,Global,NA,NA,2010-2014,21604,18.53,0.1,18.33,18.73,22.71,0.08,22.56,22.86,26.89,0.08,26.73,27.05,0.89,0.47
126438,Merlangius merlangus,M,Global,NA,NA,2010-2014,17457,14.51,0.12,14.29,14.74,18.69,0.08,18.54,18.85,22.87,0.09,22.7,23.05,0.85,0.35
126437,Melanogrammus aeglefinus,M,Global,NA,NA,2010-2014,11230,18.51,0.12,18.27,18.76,21.8,0.09,21.61,21.98,25.08,0.1,24.88,25.29,0.93,0.54
127136,Glyptocephalus cynoglossus,F,Global,NA,NA,2010-2014,1020,27.3,0.62,26.08,28.53,35.02,0.58,33.89,36.15,42.73,1.06,40.66,44.81,0.74,0.16
126437,Melanogrammus aeglefinus,F,Global,NA,NA,2010-2014,13261,23.19,0.12,22.95,23.42,26.2,0.09,26.02,26.38,29.21,0.09,29.03,29.4,0.95,0.64
126441,Pollachius virens,F,Global,NA,NA,2010-2014,2063,45.6,0.42,44.77,46.43,52.07,0.39,51.31,52.83,58.54,0.55,57.47,59.61,0.91,0.52
126484,Merluccius merluccius,F,Global,NA,NA,2010-2014,8211,39.86,0.22,39.43,40.3,46.38,0.28,45.84,46.93,52.9,0.4,52.11,53.69,0.92,0.44
126484,Merluccius merluccius,M,Global,NA,NA,2010-2014,8357,20.41,0.18,20.06,20.77,25.23,0.12,25,25.47,30.06,0.16,29.75,30.36,0.84,0.32
126441,Pollachius virens,M,Global,NA,NA,2010-2014,2397,42.84,0.45,41.95,43.73,50.64,0.4,49.85,51.42,58.43,0.59,57.27,59.59,0.87,0.43
127136,Glyptocephalus cynoglossus,M,Global,NA,NA,2010-2014,742,23.18,0.76,21.7,24.66,30.75,0.64,29.48,32.01,38.31,1.28,35.8,40.83,0.71,0.12
126438,Merlangius merlangus,F,Global,NA,NA,2015-2019,25142,18.19,0.1,17.99,18.39,22.66,0.07,22.52,22.81,27.14,0.08,26.98,27.3,0.88,0.44
126438,Merlangius merlangus,M,Global,NA,NA,2015-2019,19948,15.23,0.11,15.02,15.44,19.66,0.07,19.51,19.8,24.09,0.09,23.91,24.26,0.84,0.34
126436,Gadus morhua,F,Global,NA,NA,2015-2019,22909,11.85,0.44,10.98,12.72,26.67,0.25,26.19,27.16,41.5,0.25,41.01,41.98,0.77,0.21
126436,Gadus morhua,M,Global,NA,NA,2015-2019,26009,1.17,0.66,-0.13,2.46,17.29,0.36,16.58,17.99,33.41,0.23,32.96,33.86,0.73,0.13
126437,Melanogrammus aeglefinus,M,Global,NA,NA,2015-2019,13002,18.42,0.11,18.21,18.64,21.51,0.09,21.34,21.68,24.61,0.1,24.42,24.8,0.94,0.59
126437,Melanogrammus aeglefinus,F,Global,NA,NA,2015-2019,14931,21.9,0.13,21.65,22.16,25.42,0.1,25.22,25.61,28.93,0.1,28.73,29.12,0.94,0.61
127136,Glyptocephalus cynoglossus,M,Global,NA,NA,2015-2019,309,20.16,2.46,15.35,24.98,31.04,1.18,28.72,33.36,41.91,2.76,36.51,47.31,0.65,0.08
127136,Glyptocephalus cynoglossus,F,Global,NA,NA,2015-2019,529,29.01,1.21,26.63,31.39,38.87,1.04,36.84,40.9,48.73,2.22,44.39,53.07,0.67,0.1
126822,Trachurus trachurus,F,Global,NA,NA,2015-2019,1567,17.2,0.18,16.86,17.55,19.22,0.15,18.93,19.51,21.24,0.19,20.87,21.6,0.94,0.59
126425,Sprattus sprattus,M,Global,NA,NA,2015-2019,6118,6.66,0.12,6.42,6.89,8.52,0.07,8.39,8.66,10.39,0.06,10.28,10.5,0.75,0.18
126425,Sprattus sprattus,F,Global,NA,NA,2015-2019,8017,6.85,0.13,6.6,7.1,9.29,0.07,9.15,9.42,11.72,0.07,11.59,11.85,0.73,0.18
126484,Merluccius merluccius,M,Global,NA,NA,2015-2019,9440,21.24,0.14,20.95,21.52,25.64,0.1,25.44,25.84,30.04,0.15,29.76,30.33,0.85,0.35
126484,Merluccius merluccius,F,Global,NA,NA,2015-2019,9428,36.31,0.2,35.93,36.7,43.07,0.24,42.6,43.55,49.84,0.36,49.13,50.54,0.9,0.44
127143,Pleuronectes platessa,M,Global,NA,NA,2015-2019,15625,10.11,0.22,9.69,10.54,15.13,0.13,14.87,15.4,20.16,0.1,19.96,20.35,0.78,0.24
127143,Pleuronectes platessa,F,Global,NA,NA,2015-2019,21146,16.03,0.13,15.76,16.29,20.2,0.09,20.02,20.38,24.37,0.08,24.21,24.53,0.88,0.43
127139,Limanda limanda,M,Global,NA,NA,2015-2019,2032,8.71,0.39,7.94,9.48,11.26,0.27,10.74,11.79,13.81,0.2,13.43,14.2,0.88,0.3
127139,Limanda limanda,F,Global,NA,NA,2015-2019,3280,11.71,0.25,11.23,12.19,13.89,0.17,13.55,14.23,16.07,0.15,15.76,16.37,0.94,0.48
127141,Platichthys flesus,M,Global,NA,NA,2015-2019,5341,11.59,0.34,10.92,12.26,13.47,0.26,12.96,13.97,15.34,0.19,14.97,15.72,0.95,0.33
127141,Platichthys flesus,F,Global,NA,NA,2015-2019,7254,11.36,0.39,10.59,12.13,13.96,0.29,13.38,14.54,16.56,0.22,16.13,17,0.96,0.31
127160,Solea solea,F,Global,NA,NA,2015-2019,3653,19.37,0.2,18.97,19.77,22.17,0.14,21.88,22.45,24.96,0.14,24.69,25.23,0.91,0.49
127160,Solea solea,M,Global,NA,NA,2015-2019,2980,10.32,0.68,8.99,11.66,16.3,0.39,15.53,17.07,22.28,0.25,21.79,22.78,0.71,0.15
126426,Engraulis encrasicolus,M,Global,NA,NA,2015-2019,154,12.5,0.32,11.88,13.12,13.35,0.24,12.89,13.81,14.2,0.26,13.69,14.72,0.95,0.58
126417,Clupea harengus,F,Global,NA,NA,2015-2019,24883,17.17,0.06,17.05,17.29,20.02,0.05,19.93,20.11,22.87,0.05,22.76,22.97,0.88,0.44
126417,Clupea harengus,M,Global,NA,NA,2015-2019,21669,16.65,0.07,16.5,16.79,19.72,0.05,19.62,19.83,22.8,0.06,22.69,22.92,0.87,0.38
127150,Scophthalmus rhombus,M,Global,NA,NA,2015-2019,279,12.36,1.76,8.91,15.82,17.38,1.15,15.12,19.63,22.39,0.82,20.78,24.01,0.81,0.28
127150,Scophthalmus rhombus,F,Global,NA,NA,2015-2019,343,18.67,1.09,16.53,20.81,22.68,0.78,21.15,24.21,26.68,0.71,25.29,28.07,0.92,0.47
127149,Scophthalmus maximus,M,Global,NA,NA,2015-2019,924,10.97,1.39,8.25,13.69,13.92,1.03,11.9,15.93,16.86,0.71,15.48,18.25,0.87,0.14
127149,Scophthalmus maximus,F,Global,NA,NA,2015-2019,875,18.29,0.68,16.96,19.62,21.13,0.49,20.17,22.08,23.97,0.38,23.21,24.72,0.91,0.41
126426,Engraulis encrasicolus,F,Global,NA,NA,2015-2019,125,11.12,0.76,9.62,12.62,12.42,0.53,11.38,13.46,13.73,0.42,12.91,14.55,0.92,0.48
127023,Scomber scombrus,M,Global,NA,NA,2015-2019,3444,25.83,0.13,25.58,26.09,27.82,0.11,27.62,28.03,29.81,0.12,29.57,30.05,0.95,0.66
127023,Scomber scombrus,F,Global,NA,NA,2015-2019,3234,24.77,0.13,24.51,25.03,26.9,0.11,26.68,27.11,29.02,0.14,28.76,29.29,0.94,0.63
126822,Trachurus trachurus,M,Global,NA,NA,2015-2019,1407,17.98,0.17,17.65,18.31,19.67,0.15,19.38,19.96,21.36,0.18,21.01,21.71,0.96,0.67
126441,Pollachius virens,M,Global,NA,NA,2015-2019,2177,45.84,0.45,44.96,46.73,53.54,0.39,52.77,54.3,61.23,0.61,60.04,62.42,0.83,0.35
126441,Pollachius virens,F,Global,NA,NA,2015-2019,2097,47.21,0.44,46.35,48.08,54.42,0.38,53.68,55.16,61.63,0.56,60.52,62.73,0.85,0.39
126438,Merlangius merlangus,M,Global,NA,NA,2020-2024,17561,14.13,0.13,13.88,14.38,18.6,0.08,18.44,18.77,23.07,0.09,22.89,23.25,0.84,0.32
126438,Merlangius merlangus,F,Global,NA,NA,2020-2024,24522,17.02,0.11,16.8,17.25,21.51,0.08,21.36,21.67,26,0.08,25.84,26.16,0.88,0.43
126444,Trisopterus esmarkii,F,Global,NA,NA,2020-2024,4356,11.13,0.07,10.99,11.27,12.26,0.06,12.15,12.37,13.4,0.06,13.28,13.52,0.95,0.59
126444,Trisopterus esmarkii,M,Global,NA,NA,2020-2024,2871,9.68,0.1,9.48,9.89,11.13,0.07,10.99,11.28,12.59,0.08,12.43,12.74,0.88,0.4
126436,Gadus morhua,F,Global,NA,NA,2020-2024,19466,13.94,0.33,13.29,14.58,25.3,0.19,24.93,25.67,36.67,0.22,36.23,37.1,0.8,0.23
126436,Gadus morhua,M,Global,NA,NA,2020-2024,22566,5.42,0.52,4.39,6.45,18.3,0.28,17.76,18.84,31.18,0.2,30.79,31.58,0.74,0.14
126437,Melanogrammus aeglefinus,M,Global,NA,NA,2020-2024,13336,17.8,0.12,17.56,18.04,21.13,0.09,20.95,21.3,24.45,0.09,24.26,24.63,0.92,0.51
127136,Glyptocephalus cynoglossus,F,Global,NA,NA,2020-2024,786,22.87,0.57,21.75,23.99,27.73,0.4,26.96,28.51,32.59,0.49,31.63,33.56,0.83,0.34
127136,Glyptocephalus cynoglossus,M,Global,NA,NA,2020-2024,612,15.19,1.19,12.86,17.53,21.93,0.64,20.66,23.19,28.66,0.7,27.29,30.04,0.73,0.16
126425,Sprattus sprattus,F,Global,NA,NA,2020-2024,8039,7.36,0.09,7.18,7.53,9.18,0.05,9.08,9.29,11.01,0.05,10.91,11.11,0.79,0.25
126425,Sprattus sprattus,M,Global,NA,NA,2020-2024,5944,6.82,0.1,6.62,7.03,8.42,0.06,8.3,8.54,10.02,0.05,9.92,10.12,0.79,0.21
127143,Pleuronectes platessa,F,Global,NA,NA,2020-2024,25034,14.32,0.12,14.1,14.55,18.18,0.08,18.02,18.33,22.03,0.07,21.89,22.17,0.88,0.41
127143,Pleuronectes platessa,M,Global,NA,NA,2020-2024,18529,10.23,0.15,9.93,10.53,14.06,0.1,13.86,14.25,17.88,0.07,17.74,18.03,0.81,0.27
127139,Limanda limanda,F,Global,NA,NA,2020-2024,5958,11.47,0.17,11.14,11.81,13.98,0.12,13.74,14.22,16.48,0.11,16.26,16.7,0.92,0.46
127139,Limanda limanda,M,Global,NA,NA,2020-2024,3719,10.9,0.16,10.58,11.22,12.96,0.11,12.74,13.18,15.02,0.1,14.83,15.22,0.89,0.39
127141,Platichthys flesus,F,Global,NA,NA,2020-2024,8079,4.05,0.81,2.46,5.64,8.55,0.6,7.37,9.73,13.04,0.41,12.23,13.86,0.88,0.08
127141,Platichthys flesus,M,Global,NA,NA,2020-2024,6652,4.53,0.88,2.81,6.24,7.88,0.67,6.58,9.19,11.24,0.47,10.31,12.17,0.86,0.08
127160,Solea solea,F,Global,NA,NA,2020-2024,3414,17.34,0.3,16.75,17.92,21.02,0.2,20.64,21.41,24.71,0.17,24.37,25.04,0.87,0.37
127160,Solea solea,M,Global,NA,NA,2020-2024,2793,13.17,0.38,12.42,13.93,16.92,0.24,16.45,17.39,20.66,0.18,20.31,21.02,0.8,0.26
126426,Engraulis encrasicolus,F,Global,NA,NA,2020-2024,117,12.28,0.46,11.39,13.18,13.4,0.32,12.78,14.02,14.52,0.29,13.95,15.09,0.89,0.44
126417,Clupea harengus,M,Global,NA,NA,2020-2024,21356,17.15,0.07,17.02,17.29,20.14,0.05,20.05,20.24,23.13,0.06,23.02,23.25,0.87,0.4
126417,Clupea harengus,F,Global,NA,NA,2020-2024,22670,17.21,0.06,17.09,17.33,20.06,0.05,19.97,20.16,22.92,0.06,22.81,23.03,0.88,0.43
127150,Scophthalmus rhombus,M,Global,NA,NA,2020-2024,365,11.13,2.88,5.48,16.78,16.06,1.98,12.18,19.94,20.99,1.19,18.66,23.32,0.75,0.12
127150,Scophthalmus rhombus,F,Global,NA,NA,2020-2024,403,18.83,0.95,16.97,20.68,21.31,0.75,19.85,22.77,23.8,0.69,22.44,25.15,0.97,0.58
127149,Scophthalmus maximus,M,Global,NA,NA,2020-2024,1120,12.59,0.93,10.76,14.42,15.19,0.66,13.88,16.49,17.78,0.44,16.92,18.63,0.88,0.16
127149,Scophthalmus maximus,F,Global,NA,NA,2020-2024,1048,13.87,1.03,11.86,15.89,17.21,0.72,15.79,18.62,20.54,0.49,19.58,21.5,0.9,0.23
126437,Melanogrammus aeglefinus,F,Global,NA,NA,2020-2024,17598,20.36,0.13,20.1,20.62,24.09,0.1,23.9,24.28,27.82,0.09,27.65,28,0.92,0.53
127023,Scomber scombrus,M,Global,NA,NA,2020-2024,3803,27.39,0.12,27.15,27.62,29.14,0.09,28.95,29.32,30.88,0.1,30.68,31.09,0.96,0.69
126441,Pollachius virens,M,Global,NA,NA,2020-2024,1081,43.5,0.87,41.79,45.21,52.7,0.64,51.45,53.95,61.9,0.89,60.15,63.65,0.83,0.35
126441,Pollachius virens,F,Global,NA,NA,2020-2024,1066,45.06,0.71,43.67,46.45,52.27,0.54,51.2,53.33,59.48,0.72,58.06,60.89,0.88,0.44
126426,Engraulis encrasicolus,M,Global,NA,NA,2020-2024,97,8.73,1.3,6.19,11.27,11.19,0.81,9.6,12.77,13.64,0.61,12.45,14.83,0.8,0.21
127023,Scomber scombrus,F,Global,NA,NA,2020-2024,3782,26.5,0.12,26.26,26.74,28.42,0.1,28.22,28.61,30.34,0.12,30.11,30.56,0.96,0.67
127160,Solea solea,M,Global,NA,NA,2005-2009,736,19.52,0.27,19,20.04,20.74,0.21,20.33,21.15,21.96,0.22,21.53,22.39,0.99,0.8
126986,Mullus surmuletus,F,Global,NA,NA,2010-2014,114,12.26,0.69,10.9,13.61,14.08,0.46,13.17,14.98,15.9,0.5,14.92,16.87,0.88,0.38
126986,Mullus surmuletus,M,Global,NA,NA,2010-2014,94,13.55,0.55,12.47,14.63,14.96,0.4,14.18,15.73,16.36,0.45,15.48,17.24,0.9,0.46
126554,Lophius budegassa,F,Global,NA,NA,2010-2014,246,45.16,0.92,43.35,46.96,48.69,0.79,47.15,50.24,52.23,0.97,50.33,54.14,0.97,0.71
126555,Lophius piscatorius,M,Global,NA,NA,2010-2014,211,40.34,1.12,38.15,42.53,44.42,0.9,42.65,46.2,48.51,1.06,46.44,50.58,0.96,0.69
126555,Lophius piscatorius,F,Global,NA,NA,2010-2014,220,44.22,1.7,40.89,47.54,52.09,1.69,48.78,55.41,59.97,2.24,55.58,64.36,0.93,0.64
126554,Lophius budegassa,M,Global,NA,NA,2010-2014,205,30.79,0.58,29.66,31.92,32.67,0.5,31.68,33.65,34.54,0.61,33.35,35.73,0.98,0.76
126986,Mullus surmuletus,M,Global,NA,NA,2015-2019,162,12.16,0.87,10.46,13.87,15.37,0.55,14.28,16.46,18.58,0.78,17.06,20.1,0.82,0.28
126555,Lophius piscatorius,M,Global,NA,NA,2015-2019,255,37.56,1.08,35.44,39.68,41.19,0.91,39.41,42.98,44.83,1.06,42.76,46.9,0.98,0.77
126555,Lophius piscatorius,F,Global,NA,NA,2015-2019,217,32.93,2.64,27.74,38.11,44.7,1.97,40.84,48.56,56.47,2.47,51.62,61.33,0.88,0.43
126554,Lophius budegassa,M,Global,NA,NA,2015-2019,334,25.68,0.79,24.13,27.22,29.4,0.63,28.17,30.64,33.13,0.71,31.73,34.53,0.94,0.59
126554,Lophius budegassa,F,Global,NA,NA,2015-2019,337,34.73,1.32,32.14,37.32,41.99,1.06,39.92,44.07,49.26,1.29,46.73,51.79,0.91,0.52
126975,Dicentrarchus labrax,M,Global,NA,NA,2015-2019,379,22.44,2.81,16.94,27.94,27.02,1.93,23.23,30.81,31.6,1.19,29.27,33.93,0.84,0.16
126975,Dicentrarchus labrax,F,Global,NA,NA,2015-2019,395,24.07,2.35,19.47,28.67,27.56,1.67,24.29,30.84,31.06,1.13,28.85,33.27,0.92,0.23
126986,Mullus surmuletus,F,Global,NA,NA,2020-2024,547,13.73,0.49,12.76,14.69,17.94,0.4,17.16,18.72,22.15,0.66,20.87,23.44,0.8,0.27
126986,Mullus surmuletus,M,Global,NA,NA,2020-2024,390,13.26,0.41,12.46,14.06,15.84,0.3,15.25,16.43,18.42,0.41,17.63,19.22,0.86,0.37
126555,Lophius piscatorius,F,Global,NA,NA,2020-2024,497,35.45,1.51,32.49,38.41,47.33,1.3,44.78,49.87,59.2,1.86,55.56,62.85,0.87,0.42
126555,Lophius piscatorius,M,Global,NA,NA,2020-2024,482,35.33,0.88,33.6,37.06,40.65,0.75,39.19,42.11,45.97,0.91,44.19,47.75,0.95,0.65
126554,Lophius budegassa,M,Global,NA,NA,2020-2024,718,25.56,0.5,24.58,26.54,29.21,0.4,28.43,29.98,32.85,0.47,31.94,33.77,0.93,0.58
126554,Lophius budegassa,F,Global,NA,NA,2020-2024,739,38.15,0.8,36.58,39.71,45.65,0.8,44.08,47.21,53.15,1.12,50.96,55.34,0.9,0.49
126975,Dicentrarchus labrax,F,Global,NA,NA,2020-2024,922,25.8,1.04,23.76,27.83,29.1,0.73,27.67,30.53,32.41,0.53,31.37,33.44,0.93,0.29
126975,Dicentrarchus labrax,M,Global,NA,NA,2020-2024,945,26.24,0.84,24.59,27.89,30.07,0.57,28.94,31.19,33.89,0.43,33.05,34.73,0.89,0.31
127136,Glyptocephalus cynoglossus,M,Global,NA,NA,2005-2009,156,18.84,1.45,16,21.67,23.29,0.94,21.45,25.12,27.73,0.91,25.95,29.52,0.81,0.35
126484,Merluccius merluccius,M,Global,NA,NA,2005-2009,8773,21.86,0.17,21.52,22.2,27.13,0.12,26.89,27.37,32.4,0.18,32.05,32.75,0.82,0.29
127140,Microstomus kitt,F,Global,NA,NA,2005-2009,1571,8.96,1.16,6.68,11.24,13.69,0.78,12.16,15.22,18.42,0.46,17.51,19.33,0.78,0.15
127140,Microstomus kitt,M,Global,NA,NA,2005-2009,1219,10,1.08,7.88,12.11,13.49,0.72,12.07,14.9,16.98,0.42,16.15,17.8,0.8,0.12
127136,Glyptocephalus cynoglossus,F,Global,NA,NA,2005-2009,150,21.25,1.47,18.36,24.14,26.46,1.03,24.43,28.48,31.66,1.16,29.38,33.93,0.84,0.4
126484,Merluccius merluccius,F,Global,NA,NA,2005-2009,8763,40.71,0.22,40.28,41.13,46.86,0.28,46.32,47.4,53.02,0.39,52.25,53.79,0.92,0.4
127140,Microstomus kitt,F,Global,NA,NA,2010-2014,1733,7.23,1.55,4.19,10.27,11.52,1.11,9.35,13.69,15.81,0.7,14.43,17.18,0.79,0.09
127140,Microstomus kitt,M,Global,NA,NA,2010-2014,1409,7.11,1.5,4.16,10.06,10.25,1.1,8.1,12.4,13.4,0.72,11.99,14.81,0.81,0.1
127140,Microstomus kitt,F,Global,NA,NA,2015-2019,2798,10.87,0.53,9.83,11.9,14.13,0.36,13.42,14.84,17.39,0.24,16.93,17.86,0.84,0.22
127140,Microstomus kitt,M,Global,NA,NA,2015-2019,1962,10.26,0.5,9.29,11.24,12.62,0.35,11.93,13.31,14.98,0.24,14.5,15.45,0.88,0.31
126484,Merluccius merluccius,M,Global,NA,NA,2020-2024,5080,20.42,0.25,19.93,20.91,25.78,0.17,25.45,26.11,31.13,0.24,30.67,31.6,0.84,0.32
126484,Merluccius merluccius,F,Global,NA,NA,2020-2024,5655,34.97,0.28,34.41,35.53,42.69,0.33,42.05,43.33,50.42,0.48,49.49,51.35,0.91,0.48
127140,Microstomus kitt,F,Global,NA,NA,2020-2024,2739,12.64,0.29,12.06,13.22,15.82,0.19,15.44,16.2,18.99,0.17,18.67,19.32,0.85,0.34
127140,Microstomus kitt,M,Global,NA,NA,2020-2024,2068,11.42,0.35,10.73,12.11,13.74,0.23,13.29,14.19,16.06,0.16,15.74,16.38,0.87,0.28
127259,Chelidonichthys cuculus,F,Global,NA,NA,2015-2019,565,15.54,0.7,14.16,16.92,18.48,0.49,17.51,19.45,21.42,0.43,20.58,22.26,0.93,0.41
127259,Chelidonichthys cuculus,M,Global,NA,NA,2015-2019,255,16.2,0.98,14.29,18.12,19.88,0.61,18.68,21.08,23.56,0.6,22.39,24.73,0.82,0.28
126421,Sardina pilchardus,M,Global,NA,NA,2015-2019,47,13.84,0.66,12.54,15.13,15.07,0.52,14.06,16.08,16.31,0.57,15.2,17.43,0.92,0.56
126421,Sardina pilchardus,F,Global,NA,NA,2015-2019,67,14.26,0.75,12.78,15.74,15.39,0.56,14.3,16.49,16.53,0.47,15.61,17.45,0.92,0.62
126445,Trisopterus luscus,M,Global,NA,NA,2015-2019,537,12.26,0.82,10.66,13.86,15.94,0.53,14.91,16.97,19.62,0.42,18.79,20.45,0.83,0.28
126445,Trisopterus luscus,F,Global,NA,NA,2015-2019,682,14.1,0.85,12.44,15.76,19.23,0.55,18.14,20.31,24.35,0.51,23.36,25.35,0.84,0.3
127259,Chelidonichthys cuculus,M,Global,NA,NA,2020-2024,321,21.32,0.57,20.21,22.43,24.74,0.43,23.9,25.59,28.17,0.62,26.95,29.38,0.84,0.34
127259,Chelidonichthys cuculus,F,Global,NA,NA,2020-2024,792,18.28,0.63,17.05,19.51,22.29,0.42,21.46,23.12,26.3,0.39,25.53,27.06,0.86,0.37
126445,Trisopterus luscus,F,Global,NA,NA,2020-2024,821,14.86,0.52,13.84,15.89,18.14,0.38,17.39,18.88,21.41,0.36,20.7,22.12,0.9,0.49
126445,Trisopterus luscus,M,Global,NA,NA,2020-2024,769,13.13,0.6,11.95,14.32,16.67,0.38,15.93,17.42,20.22,0.32,19.58,20.85,0.82,0.29
127146,Lepidorhombus whiffiagonis,F,Global,NA,NA,2020-2024,315,17.46,0.59,16.3,18.61,20.1,0.66,18.8,21.4,22.74,0.9,20.97,24.51,0.98,0.78
127146,Lepidorhombus whiffiagonis,M,Global,NA,NA,2020-2024,98,17.34,0.42,16.51,18.17,18.28,0.47,17.35,19.2,19.21,0.63,17.99,20.44,0.98,0.8
126438,Merlangius merlangus,M,Global,NA,NA,2005-2009,14452,14.29,0.13,14.03,14.54,18.28,0.09,18.11,18.45,22.27,0.09,22.09,22.45,0.86,0.38
126438,Merlangius merlangus,F,Global,NA,NA,2005-2009,15889,17.54,0.11,17.34,17.75,20.89,0.08,20.74,21.05,24.24,0.08,24.08,24.4,0.91,0.52
126822,Trachurus trachurus,F,Global,NA,NA,2005-2009,1692,17.67,0.21,17.26,18.08,19.93,0.15,19.65,20.22,22.19,0.16,21.88,22.51,0.88,0.4
126822,Trachurus trachurus,M,Global,NA,NA,2005-2009,1661,18.01,0.17,17.67,18.35,19.84,0.13,19.59,20.09,21.67,0.14,21.38,21.95,0.91,0.48
127259,Chelidonichthys cuculus,F,Global,NA,NA,2010-2014,112,17.25,1.23,14.83,19.66,19.62,0.89,17.89,21.36,21.99,0.78,20.47,23.52,0.92,0.5
127259,Chelidonichthys cuculus,M,Global,NA,NA,2010-2014,96,15.7,1.92,11.94,19.46,19.33,1.15,17.08,21.57,22.95,0.89,21.21,24.7,0.79,0.21
126445,Trisopterus luscus,M,Global,NA,NA,2010-2014,244,15.42,0.94,13.57,17.27,18.58,0.63,17.35,19.82,21.75,0.55,20.66,22.83,0.85,0.35
126445,Trisopterus luscus,F,Global,NA,NA,2010-2014,198,20.25,1,18.29,22.22,24.54,0.68,23.2,25.88,28.83,0.86,27.14,30.52,0.82,0.33
126437,Melanogrammus aeglefinus,M,Global,NA,NA,2005-2009,11305,18.03,0.11,17.81,18.25,20.75,0.09,20.58,20.91,23.46,0.09,23.28,23.64,0.94,0.57
126437,Melanogrammus aeglefinus,F,Global,NA,NA,2005-2009,12684,21.54,0.11,21.33,21.75,24.04,0.08,23.88,24.2,26.54,0.09,26.38,26.71,0.96,0.67
126438,Merlangius merlangus,F,Global,NA,NA,2000-2004,21727,19,0.09,18.83,19.17,22.4,0.06,22.28,22.53,25.8,0.07,25.67,25.94,0.9,0.49
126438,Merlangius merlangus,M,Global,NA,NA,2000-2004,19400,15.97,0.1,15.76,16.17,19.94,0.07,19.8,20.08,23.91,0.08,23.76,24.06,0.84,0.35
126444,Trisopterus esmarkii,F,Global,NA,NA,2000-2004,3736,12.11,0.07,11.98,12.24,13.32,0.05,13.21,13.42,14.52,0.07,14.39,14.65,0.92,0.55
126444,Trisopterus esmarkii,M,Global,NA,NA,2000-2004,2861,9.9,0.14,9.63,10.17,11.97,0.09,11.8,12.14,14.04,0.11,13.83,14.25,0.8,0.25
126437,Melanogrammus aeglefinus,M,Global,NA,NA,2000-2004,12887,18.73,0.09,18.56,18.9,21.23,0.07,21.09,21.36,23.72,0.08,23.58,23.87,0.94,0.59
126437,Melanogrammus aeglefinus,F,Global,NA,NA,2000-2004,14593,21.88,0.09,21.71,22.05,24.22,0.07,24.09,24.36,26.56,0.07,26.42,26.71,0.96,0.68
127023,Scomber scombrus,F,Global,NA,NA,2000-2004,866,23.51,0.34,22.85,24.16,25.4,0.23,24.94,25.86,27.3,0.2,26.9,27.7,0.92,0.46
127023,Scomber scombrus,M,Global,NA,NA,2000-2004,844,23.26,0.42,22.44,24.08,25.73,0.28,25.19,26.27,28.2,0.23,27.74,28.66,0.87,0.36
126441,Pollachius virens,M,Global,NA,NA,2000-2004,1463,38.57,0.47,37.65,39.49,43.4,0.32,42.77,44.03,48.24,0.39,47.47,49.01,0.88,0.41
126441,Pollachius virens,F,Global,NA,NA,2000-2004,1295,40.46,0.46,39.56,41.37,45.21,0.33,44.56,45.85,49.95,0.42,49.12,50.78,0.88,0.42
126822,Trachurus trachurus,F,Global,NA,NA,2000-2004,603,18.74,0.23,18.29,19.19,19.81,0.17,19.47,20.14,20.87,0.18,20.52,21.22,0.96,0.62
126822,Trachurus trachurus,M,Global,NA,NA,2000-2004,605,18.43,0.21,18.02,18.84,19.23,0.16,18.92,19.55,20.04,0.16,19.72,20.35,0.98,0.72
126444,Trisopterus esmarkii,M,Global,NA,NA,2005-2009,2685,9.15,0.16,8.83,9.47,11.18,0.1,10.98,11.37,13.2,0.1,13,13.41,0.81,0.25
126444,Trisopterus esmarkii,F,Global,NA,NA,2005-2009,3389,11.57,0.08,11.42,11.72,12.83,0.06,12.71,12.94,14.08,0.07,13.94,14.23,0.92,0.51
127023,Scomber scombrus,M,Global,NA,NA,2005-2009,4478,24.37,0.11,24.15,24.59,26.34,0.08,26.18,26.5,28.31,0.09,28.13,28.5,0.92,0.55
127023,Scomber scombrus,F,Global,NA,NA,2005-2009,4523,23.87,0.1,23.66,24.07,25.63,0.08,25.47,25.79,27.39,0.09,27.22,27.56,0.94,0.59
126441,Pollachius virens,F,Global,NA,NA,2005-2009,1320,38.76,0.61,37.55,39.96,44.2,0.4,43.42,44.99,49.65,0.43,48.8,50.49,0.87,0.36
126441,Pollachius virens,M,Global,NA,NA,2005-2009,1621,38.72,0.54,37.67,39.78,43.88,0.36,43.17,44.59,49.03,0.37,48.3,49.77,0.89,0.41
126555,Lophius piscatorius,M,Global,NA,NA,2005-2009,471,42.58,0.8,41.02,44.14,46.15,0.75,44.69,47.62,49.73,0.91,47.94,51.52,0.99,0.79
127146,Lepidorhombus whiffiagonis,M,Global,NA,NA,2005-2009,135,17.94,0.34,17.27,18.61,18.85,0.34,18.18,19.52,19.76,0.44,18.9,20.62,0.98,0.81
127146,Lepidorhombus whiffiagonis,F,Global,NA,NA,2005-2009,425,21.81,0.51,20.8,22.81,23.33,0.38,22.59,24.07,24.85,0.36,24.15,25.55,0.98,0.72
126555,Lophius piscatorius,F,Global,NA,NA,2005-2009,423,59.25,2.12,55.1,63.4,70.76,2.37,66.12,75.41,82.27,3.14,76.11,88.43,0.95,0.5
126445,Trisopterus luscus,F,Global,NA,NA,2005-2009,136,20.53,0.99,18.58,22.48,24.12,0.77,22.62,25.62,27.71,0.9,25.94,29.47,0.89,0.46
126445,Trisopterus luscus,M,Global,NA,NA,2005-2009,211,15.89,1.07,13.79,17.99,19.73,0.68,18.4,21.05,23.57,0.68,22.24,24.9,0.82,0.27
126444,Trisopterus esmarkii,M,Global,NA,NA,2010-2014,2827,8.44,0.19,8.07,8.81,10.44,0.12,10.22,10.67,12.45,0.1,12.26,12.64,0.81,0.23
126444,Trisopterus esmarkii,F,Global,NA,NA,2010-2014,3655,10.72,0.1,10.52,10.93,12.28,0.07,12.13,12.43,13.84,0.08,13.68,13.99,0.9,0.44
126822,Trachurus trachurus,M,Global,NA,NA,2010-2014,2003,18.82,0.15,18.52,19.12,20.41,0.12,20.18,20.63,22,0.13,21.74,22.26,0.95,0.59
126822,Trachurus trachurus,F,Global,NA,NA,2010-2014,2054,18.82,0.15,18.53,19.12,20.33,0.11,20.11,20.55,21.84,0.12,21.6,22.08,0.95,0.6
150637,Eutrigla gurnardus,M,Global,NA,NA,2010-2014,598,13.16,0.88,11.44,14.88,16,0.59,14.84,17.16,18.84,0.4,18.05,19.64,0.85,0.28
150637,Eutrigla gurnardus,F,Global,NA,NA,2010-2014,775,16.12,0.56,15.01,17.22,17.55,0.4,16.78,18.33,18.99,0.31,18.39,19.59,0.96,0.39
127023,Scomber scombrus,M,Global,NA,NA,2010-2014,3206,24.24,0.13,23.97,24.5,26.31,0.1,26.1,26.51,28.38,0.12,28.15,28.62,0.93,0.58
127023,Scomber scombrus,F,Global,NA,NA,2010-2014,3184,23.34,0.14,23.07,23.62,25.54,0.11,25.33,25.75,27.73,0.12,27.49,27.98,0.92,0.53
126439,Micromesistius poutassou,M,Global,NA,NA,2010-2014,1322,18.42,0.11,18.2,18.64,19.59,0.1,19.4,19.78,20.77,0.12,20.54,20.99,0.94,0.63
126439,Micromesistius poutassou,F,Global,NA,NA,2010-2014,1573,18.41,0.12,18.17,18.64,19.74,0.1,19.54,19.94,21.07,0.12,20.84,21.31,0.94,0.63
126444,Trisopterus esmarkii,M,Global,NA,NA,2015-2019,3069,9.34,0.11,9.12,9.56,10.94,0.07,10.8,11.09,12.55,0.08,12.39,12.7,0.85,0.34
126444,Trisopterus esmarkii,F,Global,NA,NA,2015-2019,4452,11.42,0.06,11.3,11.54,12.48,0.05,12.38,12.58,13.54,0.06,13.42,13.66,0.94,0.61
126439,Micromesistius poutassou,M,Global,NA,NA,2015-2019,1135,17.88,0.15,17.58,18.17,19.86,0.14,19.58,20.14,21.84,0.22,21.41,22.27,0.83,0.31
126439,Micromesistius poutassou,F,Global,NA,NA,2015-2019,1251,17.25,0.15,16.95,17.55,19.12,0.12,18.88,19.35,20.98,0.17,20.65,21.31,0.84,0.35
150637,Eutrigla gurnardus,F,Global,NA,NA,2015-2019,1228,12.76,0.55,11.69,13.83,15.16,0.38,14.42,15.9,17.56,0.28,17.01,18.11,0.91,0.34
150637,Eutrigla gurnardus,M,Global,NA,NA,2015-2019,912,12.26,0.62,11.05,13.47,14.82,0.41,14,15.63,17.37,0.29,16.8,17.93,0.87,0.25
150637,Eutrigla gurnardus,M,Global,NA,NA,2020-2024,647,9.81,1.12,7.61,12.01,14.19,0.68,12.86,15.52,18.57,0.44,17.71,19.42,0.77,0.19
150637,Eutrigla gurnardus,F,Global,NA,NA,2020-2024,785,13.58,0.52,12.56,14.61,15.55,0.37,14.82,16.27,17.51,0.29,16.94,18.08,0.92,0.45
126439,Micromesistius poutassou,F,Global,NA,NA,2020-2024,993,21.01,0.3,20.42,21.6,23.64,0.19,23.26,24.02,26.26,0.23,25.81,26.71,0.83,0.31
126439,Micromesistius poutassou,M,Global,NA,NA,2020-2024,660,17.48,0.34,16.81,18.14,19.05,0.24,18.59,19.52,20.63,0.19,20.26,21,0.91,0.47
126822,Trachurus trachurus,M,Global,NA,NA,2020-2024,1078,16.05,0.19,15.67,16.42,17.64,0.16,17.32,17.95,19.23,0.19,18.85,19.6,0.96,0.68
126822,Trachurus trachurus,F,Global,NA,NA,2020-2024,1016,16.21,0.18,15.86,16.56,17.67,0.15,17.37,17.97,19.13,0.19,18.76,19.49,0.96,0.67
126751,Ammodytes marinus,M,Global,NA,NA,2010-2014,1042,9.5,0.17,9.16,9.83,10.41,0.12,10.18,10.64,11.32,0.1,11.13,11.52,0.92,0.39
126751,Ammodytes marinus,F,Global,NA,NA,2010-2014,1655,11.01,0.06,10.88,11.14,11.74,0.06,11.62,11.86,12.47,0.08,12.32,12.62,0.96,0.68
126751,Ammodytes marinus,F,Global,NA,NA,2015-2019,4593,9.51,0.08,9.35,9.66,10.85,0.05,10.75,10.95,12.2,0.06,12.09,12.3,0.86,0.34
126751,Ammodytes marinus,M,Global,NA,NA,2015-2019,4142,8.39,0.12,8.16,8.63,9.73,0.08,9.58,9.88,11.06,0.06,10.94,11.17,0.86,0.25
126751,Ammodytes marinus,F,Global,NA,NA,2020-2024,4751,9.29,0.07,9.16,9.42,10.34,0.05,10.24,10.43,11.38,0.05,11.29,11.47,0.9,0.41
126751,Ammodytes marinus,M,Global,NA,NA,2020-2024,3869,7.8,0.18,7.45,8.14,8.85,0.12,8.61,9.09,9.91,0.08,9.75,10.07,0.9,0.21
126484,Merluccius merluccius,M,Global,NA,NA,2000-2004,2773,26.12,0.23,25.66,26.58,30.72,0.21,30.31,31.13,35.32,0.31,34.71,35.93,0.84,0.34
126484,Merluccius merluccius,F,Global,NA,NA,2000-2004,2717,37.8,0.4,37.02,38.58,44.25,0.57,43.13,45.37,50.69,0.84,49.05,52.34,0.86,0.28
126439,Micromesistius poutassou,M,Global,NA,NA,2000-2004,330,17.41,0.17,17.08,17.75,18.16,0.14,17.88,18.43,18.9,0.17,18.57,19.23,0.96,0.69
126439,Micromesistius poutassou,F,Global,NA,NA,2000-2004,384,17.63,0.15,17.35,17.92,18.14,0.12,17.9,18.38,18.65,0.14,18.37,18.93,0.99,0.79
126439,Micromesistius poutassou,M,Global,NA,NA,2005-2009,1299,19.82,0.13,19.56,20.07,21.14,0.11,20.92,21.35,22.46,0.13,22.2,22.72,0.95,0.64
126439,Micromesistius poutassou,F,Global,NA,NA,2005-2009,1399,20.08,0.18,19.72,20.43,22.33,0.15,22.04,22.62,24.58,0.2,24.2,24.97,0.89,0.45
126554,Lophius budegassa,F,Global,NA,NA,2005-2009,233,47.67,1.67,44.4,50.94,57.06,1.72,53.68,60.44,66.46,2.54,61.48,71.44,0.88,0.4
126554,Lophius budegassa,M,Global,NA,NA,2005-2009,185,19.96,2.99,14.1,25.81,28.29,1.78,24.8,31.78,36.62,1.51,33.67,39.58,0.85,0.26
126554,Lophius budegassa,M,Global,NA,NA,2000-2004,89,28.98,1.77,25.51,32.45,33.39,1.25,30.94,35.84,37.8,1.35,35.15,40.46,0.88,0.41
126554,Lophius budegassa,F,Global,NA,NA,2000-2004,120,61.44,3.08,55.41,67.47,71.54,4.49,62.74,80.34,81.64,6.61,68.68,94.61,0.88,0.24
127145,Lepidorhombus boscii,F,Global,NA,NA,2000-2004,540,19.3,0.25,18.81,19.79,19.95,0.2,19.56,20.33,20.59,0.19,20.21,20.97,1,0.91
127145,Lepidorhombus boscii,F,Global,NA,NA,2005-2009,762,18.17,0.22,17.74,18.6,19.02,0.17,18.67,19.36,19.86,0.19,19.49,20.23,0.99,0.83
127145,Lepidorhombus boscii,M,Global,NA,NA,2005-2009,262,18.13,0.12,17.9,18.37,18.41,0.11,18.18,18.63,18.68,0.13,18.42,18.94,1,0.94
127251,Helicolenus dactylopterus,M,Global,NA,NA,2010-2014,735,34.67,1.91,30.93,38.4,48.06,4.34,39.56,56.56,61.46,7,47.73,75.18,0.65,0.04
127145,Lepidorhombus boscii,F,Global,NA,NA,2010-2014,1484,18.66,0.17,18.32,18.99,19.51,0.13,19.25,19.77,20.37,0.14,20.09,20.64,0.99,0.84
127145,Lepidorhombus boscii,M,Global,NA,NA,2010-2014,711,18.24,0.07,18.1,18.39,18.52,0.07,18.39,18.66,18.8,0.08,18.64,18.97,1,0.95
127251,Helicolenus dactylopterus,M,Global,NA,NA,2015-2019,620,42.21,2.9,36.52,47.9,52.34,4.97,42.59,62.08,62.47,7.15,48.45,76.48,0.72,0.04
127251,Helicolenus dactylopterus,F,Global,NA,NA,2015-2019,487,31.5,0.82,29.89,33.12,35.53,1.21,33.16,37.91,39.57,1.73,36.18,42.95,0.89,0.22
127145,Lepidorhombus boscii,M,Global,NA,NA,2015-2019,660,18.06,0.08,17.91,18.21,18.3,0.07,18.16,18.44,18.54,0.09,18.37,18.71,1,0.95
127145,Lepidorhombus boscii,F,Global,NA,NA,2015-2019,1492,17.96,0.18,17.61,18.3,18.94,0.14,18.66,19.23,19.93,0.16,19.62,20.24,0.99,0.82
127251,Helicolenus dactylopterus,M,Global,NA,NA,2020-2024,515,21.82,0.74,20.37,23.27,27.7,0.58,26.56,28.85,33.59,0.82,31.99,35.19,0.83,0.32
127251,Helicolenus dactylopterus,F,Global,NA,NA,2020-2024,308,27.81,0.95,25.96,29.67,34.14,1.45,31.31,36.97,40.47,2.31,35.94,45,0.8,0.17
127145,Lepidorhombus boscii,F,Global,NA,NA,2020-2024,1194,14.86,0.64,13.61,16.1,19.75,0.41,18.95,20.54,24.64,0.35,23.95,25.33,0.79,0.31
127145,Lepidorhombus boscii,M,Global,NA,NA,2020-2024,545,20.9,0.37,20.18,21.63,23.89,0.48,22.95,24.83,26.88,0.71,25.48,28.27,0.89,0.33
126460,Molva macrophthalma,F,Global,NA,NA,2005-2009,54,70.22,2.76,64.81,75.64,76.73,2.14,72.54,80.91,83.24,2.88,77.6,88.88,0.87,0.42
126460,Molva macrophthalma,M,Global,NA,NA,2005-2009,46,59.87,3.22,53.57,66.18,66.96,2.31,62.43,71.49,74.04,3.17,67.82,80.26,0.82,0.32
126436,Gadus morhua,Combined,Stock,cod.27.24-32,NA,2000-2004,23380,22.86,0.16,22.54,23.18,30.46,0.12,30.22,30.69,38.06,0.15,37.77,38.34,0.87,0.4
126436,Gadus morhua,Combined,Stock,cod.27.22-24,NA,2000-2004,5880,19.73,0.32,19.1,20.37,26.46,0.23,26.01,26.9,33.18,0.26,32.68,33.68,0.89,0.45
126436,Gadus morhua,Combined,Stock,cod.27.46a7d20,NA,2000-2004,12252,36.69,0.23,36.23,37.15,46.13,0.25,45.64,46.62,55.56,0.36,54.85,56.28,0.9,0.46
126436,Gadus morhua,Combined,Stock,cod.27.21,NA,2000-2004,3944,25.62,0.33,24.97,26.27,33.05,0.3,32.46,33.64,40.48,0.43,39.63,41.33,0.88,0.44
127141,Platichthys flesus,Combined,Stock,bzq.27.2425,NA,2000-2004,3201,13.29,0.38,12.55,14.03,14.7,0.28,14.15,15.24,16.1,0.21,15.69,16.51,0.96,0.45
127141,Platichthys flesus,Combined,Stock,bzq.27.2628,NA,2000-2004,997,12.08,0.8,10.51,13.64,14.25,0.58,13.12,15.38,16.42,0.41,15.62,17.22,0.93,0.27
126417,Clupea harengus,Combined,Stock,her.27.20-24,NA,2000-2004,8360,21.16,0.07,21.02,21.3,23.33,0.07,23.18,23.47,25.49,0.1,25.29,25.7,0.91,0.46
127141,Platichthys flesus,Combined,Stock,bwp.27.2729-32,NA,2000-2004,166,15.16,0.84,13.52,16.8,17.05,0.57,15.93,18.18,18.95,0.48,18,19.89,0.92,0.43
127143,Pleuronectes platessa,Combined,Stock,ple.27.21-32,NA,2000-2004,4930,11.28,0.39,10.51,12.04,15.64,0.25,15.15,16.12,20,0.17,19.67,20.33,0.81,0.22
126417,Clupea harengus,Combined,Stock,her.27.25-2932,NA,2000-2004,3682,12.79,0.31,12.18,13.4,17.67,0.17,17.33,18,22.54,0.23,22.09,22.99,0.73,0.17
126425,Sprattus sprattus,Combined,Stock,spr.27.22-32,NA,2000-2004,717,8.9,0.22,8.47,9.34,10.41,0.14,10.12,10.69,11.91,0.15,11.62,12.19,0.83,0.32
127139,Limanda limanda,Combined,Stock,dab.27.22-32,NA,2000-2004,259,13.28,0.47,12.36,14.19,14.51,0.35,13.83,15.19,15.74,0.34,15.07,16.41,0.97,0.72
126436,Gadus morhua,Combined,Stock,cod.27.22-24,NA,2005-2009,6369,17.35,0.46,16.45,18.25,26.85,0.31,26.24,27.46,36.35,0.33,35.69,37,0.86,0.37
126436,Gadus morhua,Combined,Stock,cod.27.24-32,NA,2005-2009,39697,17.74,0.15,17.45,18.04,24.62,0.1,24.42,24.81,31.49,0.09,31.3,31.67,0.86,0.35
126436,Gadus morhua,Combined,Stock,cod.27.21,NA,2005-2009,3070,28.68,0.45,27.8,29.56,38.38,0.46,37.47,39.29,48.09,0.71,46.69,49.48,0.85,0.35
126436,Gadus morhua,Combined,Stock,cod.27.46a7d20,NA,2005-2009,11038,37.46,0.28,36.92,38,48.15,0.27,47.62,48.68,58.84,0.4,58.06,59.61,0.88,0.42
126425,Sprattus sprattus,Combined,Stock,spr.27.22-32,NA,2005-2009,1566,7.62,0.17,7.29,7.94,8.79,0.11,8.57,9.01,9.96,0.09,9.79,10.13,0.86,0.32
127141,Platichthys flesus,Combined,Stock,bzq.27.2425,NA,2005-2009,3751,9.66,0.74,8.2,11.11,12.73,0.54,11.67,13.79,15.81,0.37,15.08,16.53,0.9,0.19
127141,Platichthys flesus,Combined,Stock,bzq.27.2628,NA,2005-2009,4858,5.98,0.95,4.11,7.84,9.6,0.73,8.17,11.03,13.22,0.53,12.19,14.26,0.87,0.15
127141,Platichthys flesus,Combined,Stock,bwp.27.2729-32,NA,2005-2009,273,12.87,1.44,10.04,15.69,15.19,1.02,13.2,17.18,17.51,0.7,16.14,18.88,0.9,0.28
126417,Clupea harengus,Combined,Stock,her.27.25-2932,NA,2005-2009,9100,11.67,0.13,11.42,11.92,13.67,0.09,13.5,13.85,15.68,0.07,15.54,15.81,0.88,0.37
127143,Pleuronectes platessa,Combined,Stock,ple.27.21-32,NA,2005-2009,8523,11.87,0.34,11.2,12.54,17.78,0.2,17.38,18.18,23.69,0.16,23.39,23.99,0.78,0.2
126417,Clupea harengus,Combined,Stock,her.27.20-24,NA,2005-2009,9664,21.5,0.07,21.36,21.63,23.61,0.07,23.48,23.75,25.73,0.1,25.54,25.92,0.91,0.46
127139,Limanda limanda,Combined,Stock,dab.27.22-32,NA,2005-2009,1425,10.71,0.29,10.14,11.27,11.79,0.22,11.37,12.22,12.88,0.19,12.5,13.26,0.98,0.65
127143,Pleuronectes platessa,Combined,Stock,ple.27.420,NA,2005-2009,13809,20.85,0.11,20.64,21.07,25.22,0.09,25.04,25.41,29.6,0.12,29.35,29.84,0.88,0.43
126436,Gadus morhua,Combined,Stock,cod.27.22-24,NA,2010-2014,5801,20.52,0.35,19.84,21.2,28.19,0.25,27.69,28.69,35.86,0.3,35.27,36.44,0.88,0.43
126436,Gadus morhua,Combined,Stock,cod.27.24-32,NA,2010-2014,25432,19.17,0.15,18.87,19.47,24.28,0.1,24.07,24.48,29.39,0.1,29.2,29.57,0.9,0.42
126436,Gadus morhua,Combined,Stock,cod.27.21,NA,2010-2014,3256,19.99,0.76,18.5,21.48,35.86,0.61,34.66,37.06,51.74,1.14,49.51,53.96,0.75,0.17
126436,Gadus morhua,Combined,Stock,cod.27.46a7d20,NA,2010-2014,11754,40.69,0.26,40.18,41.2,50.65,0.24,50.17,51.12,60.6,0.34,59.94,61.27,0.89,0.46
126425,Sprattus sprattus,Combined,Stock,spr.27.22-32,NA,2010-2014,2781,5.08,0.41,4.28,5.88,7.27,0.27,6.75,7.8,9.47,0.15,9.17,9.77,0.7,0.13
127143,Pleuronectes platessa,Combined,Stock,ple.27.21-32,NA,2010-2014,14749,9.95,0.31,9.34,10.56,15.42,0.2,15.03,15.81,20.89,0.13,20.64,21.14,0.8,0.18
127139,Limanda limanda,Combined,Stock,dab.27.22-32,NA,2010-2014,3395,11.22,0.24,10.75,11.69,13.02,0.18,12.67,13.37,14.82,0.16,14.51,15.14,0.97,0.59
127139,Limanda limanda,Combined,Stock,dab.27.3a4,NA,2010-2014,1270,7.33,0.8,5.76,8.89,9.74,0.56,8.63,10.84,12.14,0.38,11.4,12.89,0.89,0.19
127141,Platichthys flesus,Combined,Stock,bzq.27.2425,NA,2010-2014,5283,15.07,0.19,14.7,15.43,16.32,0.14,16.05,16.6,17.58,0.12,17.34,17.83,0.98,0.67
127141,Platichthys flesus,Combined,Stock,bzq.27.2628,NA,2010-2014,10156,11.71,0.35,11.02,12.4,14.01,0.26,13.5,14.53,16.32,0.19,15.95,16.69,0.92,0.25
127141,Platichthys flesus,Combined,Stock,bwp.27.2729-32,NA,2010-2014,1282,14.37,0.47,13.45,15.3,15.7,0.33,15.04,16.35,17.02,0.24,16.55,17.49,0.96,0.31
127141,Platichthys flesus,Combined,Stock,fle.27.3a4,NA,2010-2014,247,14.48,1.85,10.85,18.11,17.39,1.29,14.87,19.91,20.31,0.85,18.65,21.97,0.86,0.22
127160,Solea solea,Combined,Stock,sol.27.20-24,NA,2010-2014,221,14.29,2.11,10.15,18.43,18.95,1.3,16.4,21.49,23.6,0.81,22,25.2,0.77,0.19
126417,Clupea harengus,Combined,Stock,her.27.25-2932,NA,2010-2014,13777,13.8,0.06,13.67,13.93,15.22,0.05,15.13,15.32,16.65,0.05,16.56,16.73,0.95,0.6
126417,Clupea harengus,Combined,Stock,her.27.20-24,NA,2010-2014,10327,22.19,0.07,22.06,22.32,24.31,0.07,24.18,24.44,26.44,0.09,26.25,26.62,0.92,0.49
127150,Scophthalmus rhombus,Combined,Stock,bll.27.22-32,NA,2010-2014,170,11.99,1.36,9.32,14.66,14.74,0.9,12.98,16.5,17.49,0.87,15.79,19.19,0.93,0.38
127150,Scophthalmus rhombus,Combined,Stock,bll.27.3a47de,NA,2010-2014,308,16.59,1.08,14.48,18.7,21.4,0.74,19.95,22.86,26.22,0.75,24.74,27.7,0.86,0.41
127143,Pleuronectes platessa,Combined,Stock,ple.27.420,NA,2010-2014,15842,16.8,0.15,16.51,17.09,22.34,0.1,22.14,22.53,27.87,0.12,27.63,28.11,0.83,0.35
126438,Merlangius merlangus,Combined,Stock,whg.27.3a,NA,2010-2014,1556,21.82,0.32,21.2,22.44,26.64,0.31,26.03,27.26,31.47,0.49,30.52,32.42,0.84,0.31
127136,Glyptocephalus cynoglossus,Combined,Stock,wit.27.3a47d,NA,2010-2014,1496,24.91,0.63,23.67,26.15,34.6,0.66,33.3,35.9,44.29,1.33,41.69,46.89,0.7,0.11
126441,Pollachius virens,Combined,Stock,pok.27.3a46,NA,2010-2014,4772,44.49,0.29,43.91,45.06,51.47,0.27,50.94,52,58.44,0.39,57.69,59.2,0.89,0.48
126484,Merluccius merluccius,Combined,Stock,hke.27.3a46-8abd,NA,2010-2014,2500,35.55,0.46,34.64,36.46,44.08,0.48,43.13,45.03,52.62,0.71,51.23,54.01,0.9,0.47
126437,Melanogrammus aeglefinus,Combined,Stock,had.27.46a20,NA,2010-2014,20215,20.65,0.11,20.44,20.85,24.03,0.08,23.87,24.18,27.41,0.08,27.25,27.57,0.94,0.56
126436,Gadus morhua,Combined,Stock,cod.27.24-32,NA,2015-2019,18580,16.88,0.16,16.58,17.19,20.26,0.11,20.04,20.47,23.63,0.1,23.44,23.82,0.94,0.51
126436,Gadus morhua,Combined,Stock,cod.27.22-24,NA,2015-2019,5202,13.17,0.75,11.71,14.64,26.91,0.45,26.04,27.79,40.65,0.51,39.65,41.65,0.82,0.27
126436,Gadus morhua,Combined,Stock,cod.27.21,NA,2015-2019,2946,22.74,0.66,21.45,24.03,34.61,0.52,33.6,35.62,46.49,0.68,45.15,47.83,0.87,0.39
126436,Gadus morhua,Combined,Stock,cod.27.46a7d20,NA,2015-2019,11985,38.26,0.32,37.62,38.89,51.03,0.28,50.48,51.58,63.8,0.4,63.02,64.59,0.86,0.37
127136,Glyptocephalus cynoglossus,Combined,Stock,wit.27.3a47d,NA,2015-2019,811,25.37,1.34,22.75,27.99,37.76,1.07,35.67,39.86,50.15,2.49,45.28,55.03,0.64,0.07
126484,Merluccius merluccius,Combined,Stock,hke.27.3a46-8abd,NA,2015-2019,3938,29.68,0.43,28.85,30.52,39.1,0.37,38.38,39.81,48.51,0.54,47.46,49.56,0.88,0.41
127143,Pleuronectes platessa,Combined,Stock,ple.27.21-32,NA,2015-2019,19074,8.44,0.3,7.86,9.02,13.56,0.19,13.18,13.94,18.69,0.12,18.45,18.93,0.81,0.19
127143,Pleuronectes platessa,Combined,Stock,ple.27.420,NA,2015-2019,13573,16.23,0.15,15.95,16.52,21.17,0.1,20.97,21.37,26.11,0.12,25.88,26.35,0.86,0.4
127139,Limanda limanda,Combined,Stock,dab.27.22-32,NA,2015-2019,4049,10.65,0.21,10.23,11.07,12.75,0.15,12.46,13.05,14.86,0.13,14.59,15.12,0.95,0.47
127139,Limanda limanda,Combined,Stock,dab.27.3a4,NA,2015-2019,1276,7.84,0.81,6.25,9.43,11.46,0.53,10.42,12.5,15.08,0.32,14.44,15.71,0.79,0.17
127141,Platichthys flesus,Combined,Stock,bzq.27.2425,NA,2015-2019,5271,14.14,0.27,13.62,14.66,15.51,0.2,15.13,15.9,16.89,0.16,16.58,17.19,0.98,0.49
127141,Platichthys flesus,Combined,Stock,bzq.27.2628,NA,2015-2019,5834,9.36,0.45,8.48,10.24,12.23,0.33,11.58,12.88,15.11,0.24,14.64,15.57,0.91,0.25
127160,Solea solea,Combined,Stock,sol.27.20-24,NA,2015-2019,509,16.82,0.79,15.26,18.37,20.94,0.51,19.94,21.93,25.06,0.47,24.13,25.99,0.83,0.33
126417,Clupea harengus,Combined,Stock,her.27.25-2932,NA,2015-2019,10602,13.09,0.08,12.94,13.24,14.66,0.06,14.55,14.77,16.23,0.05,16.12,16.33,0.93,0.56
127150,Scophthalmus rhombus,Combined,Stock,bll.27.22-32,NA,2015-2019,106,14.81,1.54,11.79,17.82,17.79,0.97,15.89,19.68,20.77,0.89,19.02,22.52,0.89,0.33
127150,Scophthalmus rhombus,Combined,Stock,bll.27.3a47de,NA,2015-2019,512,16.43,1.08,14.32,18.55,20.91,0.73,19.49,22.34,25.39,0.58,24.25,26.54,0.87,0.37
126417,Clupea harengus,Combined,Stock,her.27.20-24,NA,2015-2019,12231,20.99,0.06,20.86,21.11,23.2,0.06,23.07,23.32,25.41,0.09,25.23,25.58,0.92,0.5
127023,Scomber scombrus,Combined,Stock,mac.27.nea,NA,2015-2019,6839,25.31,0.09,25.13,25.49,27.39,0.08,27.24,27.54,29.47,0.09,29.29,29.65,0.95,0.65
126438,Merlangius merlangus,Combined,Stock,whg.27.3a,NA,2015-2019,5673,19.03,0.15,18.74,19.33,23.09,0.13,22.84,23.34,27.15,0.18,26.79,27.52,0.85,0.37
126441,Pollachius virens,Combined,Stock,pok.27.3a46,NA,2015-2019,4266,46.51,0.32,45.89,47.13,53.97,0.27,53.44,54.5,61.43,0.41,60.62,62.24,0.84,0.37
126437,Melanogrammus aeglefinus,Combined,Stock,had.27.46a20,NA,2015-2019,21585,19.71,0.1,19.5,19.91,23.46,0.08,23.31,23.62,27.22,0.09,27.06,27.39,0.93,0.56
126438,Merlangius merlangus,Combined,Stock,whg.27.3a,NA,2020-2024,6657,17.72,0.15,17.42,18.02,21.99,0.13,21.74,22.24,26.26,0.18,25.92,26.6,0.88,0.43
126444,Trisopterus esmarkii,Combined,Stock,nop.27.3a4,NA,2020-2024,5875,10.9,0.06,10.78,11.02,12.16,0.05,12.07,12.26,13.43,0.06,13.32,13.54,0.93,0.57
126436,Gadus morhua,Combined,Stock,cod.27.46a7d20,NA,2020-2024,8803,39.15,0.34,38.48,39.82,51.42,0.36,50.71,52.13,63.69,0.54,62.63,64.76,0.86,0.37
126436,Gadus morhua,Combined,Stock,cod.27.21,NA,2020-2024,1985,23.33,0.28,22.77,23.88,27.58,0.31,26.98,28.19,31.84,0.44,30.98,32.7,0.94,0.57
126436,Gadus morhua,Combined,Stock,cod.27.22-24,NA,2020-2024,4403,19.6,0.26,19.1,20.1,25.36,0.23,24.92,25.81,31.13,0.32,30.5,31.76,0.92,0.5
126436,Gadus morhua,Combined,Stock,cod.27.24-32,NA,2020-2024,20049,16.21,0.14,15.95,16.48,19.78,0.09,19.6,19.96,23.35,0.08,23.19,23.51,0.92,0.48
127136,Glyptocephalus cynoglossus,Combined,Stock,wit.27.3a47d,NA,2020-2024,1425,19.22,0.55,18.14,20.31,25.28,0.35,24.6,25.97,31.34,0.45,30.46,32.22,0.79,0.26
127143,Pleuronectes platessa,Combined,Stock,ple.27.21-32,NA,2020-2024,22493,8.98,0.16,8.66,9.3,12.9,0.11,12.69,13.12,16.83,0.08,16.67,16.99,0.86,0.32
127143,Pleuronectes platessa,Combined,Stock,ple.27.420,NA,2020-2024,19430,15.81,0.09,15.63,16,19.21,0.07,19.08,19.34,22.61,0.07,22.47,22.74,0.89,0.46
127139,Limanda limanda,Combined,Stock,dab.27.22-32,NA,2020-2024,4376,10.27,0.17,9.94,10.59,11.86,0.12,11.62,12.09,13.44,0.12,13.22,13.67,0.97,0.57
127139,Limanda limanda,Combined,Stock,dab.27.3a4,NA,2020-2024,5332,11.9,0.15,11.61,12.19,14.37,0.1,14.17,14.57,16.84,0.1,16.65,17.03,0.89,0.4
127141,Platichthys flesus,Combined,Stock,bzq.27.2628,NA,2020-2024,7211,1.66,0.99,-0.27,3.6,6.13,0.73,4.7,7.57,10.6,0.5,9.63,11.57,0.85,0.06
127141,Platichthys flesus,Combined,Stock,bzq.27.2425,NA,2020-2024,5453,7.6,0.85,5.93,9.28,11.08,0.64,9.83,12.32,14.55,0.44,13.7,15.41,0.86,0.11
127160,Solea solea,Combined,Stock,sol.27.20-24,NA,2020-2024,460,14.71,0.73,13.28,16.14,17.31,0.5,16.34,18.29,19.91,0.39,19.16,20.67,0.89,0.41
126417,Clupea harengus,Combined,Stock,her.27.25-2932,NA,2020-2024,9038,13.57,0.07,13.44,13.71,14.88,0.05,14.78,14.98,16.19,0.05,16.09,16.29,0.94,0.59
127150,Scophthalmus rhombus,Combined,Stock,bll.27.22-32,NA,2020-2024,175,17.87,0.58,16.72,19.01,19.29,0.45,18.41,20.17,20.71,0.6,19.54,21.89,0.97,0.59
127150,Scophthalmus rhombus,Combined,Stock,bll.27.3a47de,NA,2020-2024,593,14.53,1.96,10.68,18.38,18.57,1.38,15.85,21.28,22.6,0.89,20.86,24.35,0.83,0.15
127023,Scomber scombrus,Combined,Stock,mac.27.nea,NA,2020-2024,7797,26.93,0.09,26.76,27.1,28.78,0.07,28.65,28.92,30.63,0.08,30.48,30.79,0.96,0.69
126441,Pollachius virens,Combined,Stock,pok.27.3a46,NA,2020-2024,2170,44.36,0.55,43.28,45.44,52.5,0.41,51.69,53.31,60.65,0.56,59.54,61.75,0.86,0.4
127160,Solea solea,Combined,Stock,sol.27.8ab,NA,2005-2009,1688,20.78,0.19,20.4,21.16,22.34,0.15,22.03,22.64,23.9,0.17,23.57,24.23,0.98,0.77
127160,Solea solea,Combined,Stock,sol.27.8ab,NA,2010-2014,2560,19.54,0.21,19.13,19.95,21.47,0.15,21.18,21.76,23.41,0.13,23.14,23.67,0.95,0.56
126986,Mullus surmuletus,Combined,Stock,mur.27.67a-ce-k89a,NA,2010-2014,140,10.35,1.97,6.48,14.22,12.95,1.21,10.58,15.32,15.55,0.63,14.31,16.8,0.75,0.1
126554,Lophius budegassa,Combined,Stock,ank.27.78abd,NA,2010-2014,154,30.01,2.69,24.73,35.28,38.45,1.8,34.93,41.97,46.9,1.86,43.24,50.55,0.86,0.39
126555,Lophius piscatorius,Combined,Stock,mon.27.78abd,NA,2010-2014,84,44.22,1.88,40.53,47.91,46.57,1.48,43.67,49.46,48.91,1.47,46.04,51.79,1,0.89
127160,Solea solea,Combined,Stock,sol.27.8ab,NA,2015-2019,3506,18.29,0.27,17.76,18.83,22.16,0.17,21.82,22.49,26.02,0.17,25.69,26.35,0.82,0.31
126986,Mullus surmuletus,Combined,Stock,mur.27.67a-ce-k89a,NA,2015-2019,332,9.76,1.25,7.32,12.21,15.11,0.66,13.81,16.41,20.46,0.81,18.88,22.04,0.76,0.17
126555,Lophius piscatorius,Combined,Stock,mon.27.78abd,NA,2015-2019,303,31.45,1.71,28.11,34.8,39.6,1.4,36.86,42.35,47.75,1.62,44.57,50.93,0.94,0.61
126554,Lophius budegassa,Combined,Stock,ank.27.78abd,NA,2015-2019,519,26.02,0.94,24.18,27.87,32.32,0.73,30.89,33.75,38.61,0.89,36.87,40.36,0.91,0.51
126438,Merlangius merlangus,Combined,Stock,whg.27.89a,NA,2015-2019,280,19.49,1.06,17.41,21.57,26.04,0.89,24.29,27.78,32.59,1.35,29.95,35.23,0.84,0.31
127160,Solea solea,Combined,Stock,sol.27.8ab,NA,2020-2024,2287,20.17,0.25,19.67,20.66,23.23,0.17,22.89,23.57,26.3,0.18,25.95,26.65,0.88,0.44
126986,Mullus surmuletus,Combined,Stock,mur.27.67a-ce-k89a,NA,2020-2024,750,14.95,0.32,14.32,15.59,18.26,0.29,17.69,18.83,21.57,0.43,20.72,22.43,0.86,0.38
126555,Lophius piscatorius,Combined,Stock,mon.27.78abd,NA,2020-2024,740,32.24,0.97,30.34,34.14,40.38,0.83,38.76,42.01,48.53,1.03,46.5,50.56,0.93,0.57
126554,Lophius budegassa,Combined,Stock,ank.27.78abd,NA,2020-2024,1280,27.65,0.64,26.39,28.9,35.6,0.53,34.57,36.63,43.55,0.75,42.09,45.01,0.87,0.39
126975,Dicentrarchus labrax,Combined,Stock,bss.27.8ab,NA,2020-2024,282,31.66,0.94,29.82,33.5,34.39,0.65,33.12,35.67,37.12,0.58,35.99,38.26,0.92,0.44
127140,Microstomus kitt,Combined,Stock,lem.27.3a47d,NA,2000-2004,397,13.75,0.93,11.94,15.57,15.87,0.64,14.62,17.13,18,0.46,17.1,18.9,0.91,0.3
127136,Glyptocephalus cynoglossus,Combined,Stock,wit.27.3a47d,NA,2005-2009,308,19.68,1.04,17.63,21.72,24.64,0.7,23.28,26.01,29.61,0.75,28.14,31.08,0.82,0.36
126484,Merluccius merluccius,Combined,Stock,hke.27.3a46-8abd,NA,2005-2009,1480,38.87,0.87,37.18,40.57,52.09,0.89,50.34,53.84,65.31,1.39,62.58,68.03,0.82,0.28
127140,Microstomus kitt,Combined,Stock,lem.27.3a47d,NA,2005-2009,2794,8.72,0.87,7.02,10.42,13.14,0.58,12.01,14.27,17.56,0.34,16.9,18.22,0.79,0.14
127150,Scophthalmus rhombus,Combined,Stock,bll.27.3a47de,NA,2005-2009,153,25.58,1.18,23.27,27.88,28.51,0.92,26.7,30.32,31.44,0.99,29.5,33.38,0.97,0.75
127139,Limanda limanda,Combined,Stock,dab.27.3a4,NA,2005-2009,708,14.44,0.3,13.85,15.03,16.59,0.23,16.15,17.03,18.74,0.25,18.24,19.24,0.92,0.53
127160,Solea solea,Combined,Stock,sol.27.4,NA,2005-2009,340,17.74,0.51,16.73,18.75,19.96,0.43,19.11,20.8,22.17,0.48,21.24,23.11,0.97,0.73
127160,Solea solea,Combined,Stock,sol.27.4,NA,2010-2014,1070,14.77,0.35,14.08,15.46,16.85,0.26,16.35,17.35,18.92,0.23,18.47,19.37,0.95,0.58
127140,Microstomus kitt,Combined,Stock,lem.27.3a47d,NA,2010-2014,3184,6.62,1.07,4.51,8.73,10.79,0.76,9.31,12.28,14.97,0.47,14.05,15.89,0.8,0.09
127149,Scophthalmus maximus,Combined,Stock,tur.27.4,NA,2010-2014,199,20.7,0.89,18.95,22.45,23.67,0.69,22.31,25.03,26.64,0.75,25.17,28.12,0.93,0.6
127160,Solea solea,Combined,Stock,sol.27.4,NA,2015-2019,2448,14.99,0.26,14.49,15.49,17.32,0.18,16.97,17.66,19.64,0.16,19.34,19.95,0.92,0.46
127140,Microstomus kitt,Combined,Stock,lem.27.3a47d,NA,2015-2019,4762,9.68,0.43,8.85,10.52,12.87,0.29,12.3,13.45,16.06,0.19,15.69,16.43,0.84,0.22
127149,Scophthalmus maximus,Combined,Stock,tur.27.4,NA,2015-2019,666,15.91,0.8,14.35,17.48,19.61,0.53,18.57,20.65,23.3,0.43,22.46,24.14,0.88,0.32
105876,Leucoraja naevus,Combined,Stock,rjn.27.3a4,NA,2015-2019,37,47.95,2.61,42.83,53.07,50.23,1.83,46.66,53.81,52.52,1.59,49.41,55.63,0.98,0.8
126484,Merluccius merluccius,Combined,Stock,hke.27.3a46-8abd,NA,2020-2024,3788,30.05,0.38,29.32,30.79,38,0.34,37.34,38.67,45.95,0.49,45,46.9,0.92,0.5
127160,Solea solea,Combined,Stock,sol.27.4,NA,2020-2024,3306,12.39,0.41,11.57,13.2,16.18,0.27,15.65,16.71,19.97,0.19,19.6,20.34,0.83,0.27
127140,Microstomus kitt,Combined,Stock,lem.27.3a47d,NA,2020-2024,4813,11.51,0.25,11.02,12,14.58,0.16,14.27,14.9,17.65,0.12,17.41,17.9,0.84,0.29
127149,Scophthalmus maximus,Combined,Stock,tur.27.4,NA,2020-2024,926,17.33,0.47,16.4,18.26,19.71,0.32,19.08,20.33,22.08,0.28,21.54,22.63,0.92,0.42
127143,Pleuronectes platessa,Combined,Stock,ple.27.420,NA,2000-2004,5661,16.82,0.24,16.34,17.3,21.82,0.16,21.52,22.13,26.83,0.18,26.48,27.18,0.81,0.29
127259,Chelidonichthys cuculus,Combined,Stock,gur.27.3-8,NA,2015-2019,829,16.02,0.54,14.97,17.08,19.17,0.37,18.45,19.89,22.32,0.33,21.67,22.97,0.9,0.39
126438,Merlangius merlangus,Combined,Stock,whg.27.7b-ce-k,NA,2015-2019,1497,15.98,0.71,14.6,17.37,22.74,0.45,21.86,23.62,29.5,0.45,28.62,30.38,0.82,0.29
126436,Gadus morhua,Combined,Stock,cod.27.7e-k,NA,2015-2019,68,27.41,6,15.66,39.17,39.24,3.68,32.03,46.45,51.07,4.48,42.3,59.84,0.84,0.31
126437,Melanogrammus aeglefinus,Combined,Stock,had.27.7b-k,NA,2015-2019,1151,19.24,0.72,17.84,20.65,24.23,0.52,23.2,25.25,29.21,0.56,28.1,30.31,0.95,0.54
126421,Sardina pilchardus,Combined,Stock,pil.27.8abd,NA,2015-2019,100,13.91,0.51,12.91,14.91,15.15,0.39,14.39,15.91,16.39,0.38,15.64,17.13,0.91,0.58
126484,Merluccius merluccius,Combined,Stock,hke.27.8c9a,NA,2015-2019,16279,24.52,0.16,24.2,24.84,33.09,0.17,32.75,33.42,41.65,0.3,41.07,42.23,0.78,0.2
126554,Lophius budegassa,Combined,Stock,ank.27.8c9a,NA,2015-2019,188,33.25,1.68,29.96,36.53,39.71,1.21,37.34,42.08,46.18,1.47,43.31,49.05,0.9,0.48
126975,Dicentrarchus labrax,Combined,Stock,bss.27.4bc7ad-h,NA,2015-2019,611,23.64,1.83,20.05,27.24,27.33,1.29,24.81,29.86,31.02,0.84,29.38,32.67,0.89,0.22
126438,Merlangius merlangus,Combined,Stock,whg.27.7b-ce-k,NA,2020-2024,2692,16.91,0.4,16.13,17.68,22.14,0.28,21.6,22.68,27.37,0.28,26.81,27.92,0.87,0.42
126438,Merlangius merlangus,Combined,Stock,whg.27.89a,NA,2020-2024,630,17.56,0.56,16.47,18.65,22,0.41,21.2,22.81,26.45,0.53,25.42,27.48,0.85,0.38
126436,Gadus morhua,Combined,Stock,cod.27.7e-k,NA,2020-2024,89,28.87,7.91,13.38,44.37,45.77,4.52,36.91,54.64,62.67,4.47,53.9,71.44,0.77,0.19
126437,Melanogrammus aeglefinus,Combined,Stock,had.27.7b-k,NA,2020-2024,1799,11.21,1.36,8.55,13.87,20.94,0.86,19.25,22.63,30.66,0.63,29.44,31.89,0.82,0.27
127259,Chelidonichthys cuculus,Combined,Stock,gur.27.3-8,NA,2020-2024,1137,19.68,0.41,18.88,20.47,23.35,0.28,22.8,23.91,27.03,0.31,26.43,27.64,0.87,0.42
127146,Lepidorhombus whiffiagonis,Combined,Stock,meg.27.7b-k8abd,NA,2020-2024,413,17.47,0.42,16.65,18.29,19.66,0.51,18.66,20.66,21.84,0.72,20.43,23.25,0.98,0.79
126975,Dicentrarchus labrax,Combined,Stock,bss.27.4bc7ad-h,NA,2020-2024,1585,25.55,0.71,24.16,26.94,29.02,0.49,28.05,29.98,32.48,0.36,31.77,33.2,0.91,0.32
126484,Merluccius merluccius,Combined,Stock,hke.27.8c9a,NA,2020-2024,8729,24.31,0.21,23.9,24.73,32.37,0.23,31.92,32.82,40.42,0.38,39.68,41.16,0.83,0.27
127160,Solea solea,Combined,Stock,sol.27.7fg,NA,2020-2024,99,20.37,1.44,17.56,23.18,23.07,0.93,21.24,24.89,25.76,0.82,24.16,27.37,0.88,0.37
126554,Lophius budegassa,Combined,Stock,ank.27.8c9a,NA,2020-2024,208,32.49,1.34,29.87,35.12,39.15,1.13,36.94,41.37,45.81,1.61,42.66,48.96,0.87,0.4
126555,Lophius piscatorius,Combined,Stock,mon.27.8c9a,NA,2020-2024,216,45.94,1.52,42.95,48.92,53.74,1.7,50.41,57.07,61.54,2.44,56.76,66.32,0.92,0.56
126438,Merlangius merlangus,Combined,Stock,whg.27.47d,NA,2005-2009,21808,15.95,0.1,15.77,16.14,19.55,0.07,19.42,19.69,23.15,0.07,23.01,23.29,0.9,0.47
127143,Pleuronectes platessa,Combined,Stock,ple.27.7d,NA,2005-2009,569,14.89,1.41,12.13,17.65,19.53,0.89,17.79,21.28,24.18,0.55,23.1,25.26,0.81,0.15
126822,Trachurus trachurus,Combined,Stock,hom.27.4bc7d,NA,2005-2009,245,11.94,1.57,8.86,15.01,14.63,1.17,12.33,16.93,17.32,0.89,15.58,19.06,0.84,0.45
127143,Pleuronectes platessa,Combined,Stock,ple.27.7d,NA,2010-2014,1877,12.54,0.79,10.99,14.1,16.98,0.53,15.94,18.01,21.41,0.35,20.73,22.09,0.84,0.2
126975,Dicentrarchus labrax,Combined,Stock,bss.27.4bc7ad-h,NA,2010-2014,505,21.44,2.24,17.06,25.83,25.26,1.56,22.2,28.33,29.09,0.98,27.16,31.01,0.85,0.15
126438,Merlangius merlangus,Combined,Stock,whg.27.47d,NA,2010-2014,20913,15.39,0.09,15.22,15.57,18.17,0.07,18.04,18.29,20.94,0.07,20.8,21.07,0.94,0.55
127259,Chelidonichthys cuculus,Combined,Stock,gur.27.3-8,NA,2010-2014,208,16.67,1.03,14.65,18.69,19.58,0.68,18.24,20.91,22.48,0.56,21.38,23.59,0.86,0.35
126438,Merlangius merlangus,Combined,Stock,whg.27.47d,NA,2015-2019,21303,15.26,0.1,15.08,15.45,18.43,0.07,18.3,18.57,21.6,0.07,21.46,21.74,0.92,0.5
127143,Pleuronectes platessa,Combined,Stock,ple.27.7d,NA,2015-2019,2347,13.65,0.55,12.58,14.73,17.31,0.36,16.6,18.02,20.97,0.26,20.46,21.47,0.88,0.26
126438,Merlangius merlangus,Combined,Stock,whg.27.47d,NA,2020-2024,19172,13.55,0.15,13.25,13.84,17.85,0.1,17.65,18.06,22.16,0.09,21.98,22.34,0.88,0.41
127143,Pleuronectes platessa,Combined,Stock,ple.27.7d,NA,2020-2024,1816,13.01,0.61,11.82,14.2,17.32,0.38,16.58,18.05,21.62,0.27,21.1,22.15,0.82,0.22
127143,Pleuronectes platessa,Combined,Stock,ple.27.7e,NA,2020-2024,64,22.28,1.01,20.29,24.26,24.24,0.72,22.82,25.65,26.2,0.77,24.68,27.72,0.93,0.53
105820,Galeorhinus galeus,Combined,Stock,gag.27.nea,NA,2020-2024,41,85.72,3.02,79.8,91.63,90.88,3.1,84.79,96.97,96.04,4.18,87.84,104.24,0.96,0.73
105891,Raja undulata,Combined,Stock,rju.27.7de,NA,2020-2024,208,64.47,1.24,62.03,66.91,68.83,1.06,66.74,70.92,73.19,1.25,70.74,75.63,0.97,0.74
105815,Scyliorhinus stellaris,Combined,Stock,syt.27.67,NA,2020-2024,171,72.11,3.11,66.01,78.21,83.96,2.48,79.1,88.81,95.81,2.81,90.29,101.32,0.91,0.57
105923,Squalus acanthias,Combined,Stock,dgs.27.nea,NA,2020-2024,57,53.36,3.82,45.88,60.85,61,3.04,55.04,66.96,68.64,3.3,62.17,75.11,0.92,0.65
126438,Merlangius merlangus,Combined,Stock,whg.27.7a,NA,2005-2009,4194,13.88,0.36,13.17,14.59,20.72,0.21,20.3,21.13,27.55,0.33,26.91,28.19,0.75,0.18
126436,Gadus morhua,Combined,Stock,cod.27.7a,NA,2005-2009,333,29.51,1.22,27.11,31.9,33.67,0.96,31.78,35.56,37.84,0.93,36.01,39.66,0.96,0.76
126437,Melanogrammus aeglefinus,Combined,Stock,had.27.7a,NA,2005-2009,1576,17.64,0.28,17.09,18.19,20.29,0.22,19.86,20.73,22.95,0.25,22.46,23.43,0.95,0.58
126438,Merlangius merlangus,Combined,Stock,whg.27.7a,NA,2010-2014,11980,18.3,0.18,17.94,18.65,25.9,0.16,25.58,26.21,33.5,0.29,32.93,34.07,0.75,0.17
126436,Gadus morhua,Combined,Stock,cod.27.7a,NA,2010-2014,1551,32.09,0.51,31.08,33.09,36.79,0.42,35.97,37.61,41.49,0.45,40.61,42.36,0.96,0.73
126437,Melanogrammus aeglefinus,Combined,Stock,had.27.7a,NA,2010-2014,3747,18.86,0.21,18.45,19.27,22.8,0.17,22.47,23.12,26.73,0.21,26.33,27.14,0.9,0.5
127143,Pleuronectes platessa,Combined,Stock,ple.27.7a,NA,2010-2014,2635,16.47,0.23,16.02,16.93,19.47,0.16,19.15,19.79,22.46,0.17,22.12,22.8,0.9,0.46
126438,Merlangius merlangus,Combined,Stock,whg.27.7a,NA,2015-2019,11013,20.23,0.18,19.88,20.59,27.87,0.18,27.51,28.22,35.5,0.32,34.88,36.12,0.76,0.18
126436,Gadus morhua,Combined,Stock,cod.27.7a,NA,2015-2019,1484,25.46,0.65,24.18,26.74,31.89,0.5,30.91,32.88,38.33,0.53,37.28,39.37,0.92,0.56
126437,Melanogrammus aeglefinus,Combined,Stock,had.27.7a,NA,2015-2019,4756,19.51,0.17,19.18,19.83,21.98,0.14,21.71,22.24,24.45,0.15,24.15,24.75,0.97,0.69
127143,Pleuronectes platessa,Combined,Stock,ple.27.7a,NA,2015-2019,1603,15.96,0.41,15.16,16.77,20.23,0.27,19.71,20.76,24.5,0.29,23.94,25.06,0.84,0.33
126438,Merlangius merlangus,Combined,Stock,whg.27.7a,NA,2020-2024,9105,17.38,0.19,17.01,17.74,23.72,0.14,23.44,23.99,30.06,0.23,29.62,30.5,0.79,0.23
126436,Gadus morhua,Combined,Stock,cod.27.7a,NA,2020-2024,610,28.87,0.66,27.59,30.16,33.54,0.6,32.37,34.71,38.2,0.72,36.79,39.61,0.95,0.67
126437,Melanogrammus aeglefinus,Combined,Stock,had.27.7a,NA,2020-2024,4194,17.78,0.2,17.39,18.17,20.63,0.15,20.32,20.93,23.47,0.16,23.15,23.8,0.95,0.6
126438,Merlangius merlangus,Combined,Stock,whg.27.47d,NA,2000-2004,32044,17.64,0.08,17.48,17.8,21.77,0.06,21.65,21.88,25.89,0.06,25.77,26.02,0.86,0.4
126444,Trisopterus esmarkii,Combined,Stock,nop.27.3a4,NA,2000-2004,3200,10.82,0.09,10.64,11,12.29,0.07,12.16,12.42,13.76,0.08,13.61,13.92,0.88,0.4
126437,Melanogrammus aeglefinus,Combined,Stock,had.27.46a20,NA,2000-2004,25329,19.95,0.07,19.81,20.08,22.61,0.05,22.5,22.71,25.26,0.06,25.15,25.38,0.94,0.61
126425,Sprattus sprattus,Combined,Stock,spr.27.3a4,NA,2000-2004,4976,7.3,0.1,7.11,7.49,8.76,0.06,8.63,8.88,10.21,0.05,10.11,10.31,0.82,0.28
126417,Clupea harengus,Combined,Stock,her.27.1-24a514a,NA,2000-2004,10315,20.23,0.07,20.09,20.37,21.86,0.05,21.75,21.96,23.48,0.05,23.38,23.58,0.94,0.57
126417,Clupea harengus,Combined,Stock,her.27.3a47d,NA,2000-2004,15121,19.98,0.05,19.88,20.09,22.13,0.05,22.03,22.22,24.28,0.06,24.15,24.4,0.91,0.51
127023,Scomber scombrus,Combined,Stock,mac.27.nea,NA,2000-2004,1773,23.45,0.25,22.96,23.94,25.61,0.17,25.27,25.95,27.77,0.15,27.47,28.07,0.91,0.47
126441,Pollachius virens,Combined,Stock,pok.27.3a46,NA,2000-2004,2756,39.38,0.33,38.73,40.04,44.25,0.23,43.79,44.7,49.11,0.29,48.54,49.68,0.88,0.41
126444,Trisopterus esmarkii,Combined,Stock,nop.27.3a4,NA,2005-2009,4047,9.84,0.11,9.63,10.05,11.49,0.07,11.35,11.63,13.15,0.07,13,13.29,0.87,0.35
126437,Melanogrammus aeglefinus,Combined,Stock,had.27.46a20,NA,2005-2009,21550,19.46,0.09,19.29,19.64,22.29,0.07,22.16,22.42,25.12,0.07,24.98,25.25,0.94,0.6
126425,Sprattus sprattus,Combined,Stock,spr.27.3a4,NA,2005-2009,6839,7.6,0.07,7.47,7.74,9.04,0.04,8.95,9.13,10.48,0.05,10.39,10.57,0.84,0.35
126417,Clupea harengus,Combined,Stock,her.27.1-24a514a,NA,2005-2009,8776,21.7,0.07,21.57,21.84,22.74,0.05,22.64,22.84,23.78,0.05,23.68,23.87,0.97,0.67
126417,Clupea harengus,Combined,Stock,her.27.3a47d,NA,2005-2009,10853,20.18,0.06,20.06,20.31,22.07,0.06,21.96,22.19,23.97,0.07,23.83,24.11,0.95,0.64
127023,Scomber scombrus,Combined,Stock,mac.27.nea,NA,2005-2009,9061,24.11,0.08,23.96,24.26,26.01,0.06,25.89,26.12,27.9,0.06,27.78,28.03,0.93,0.57
126441,Pollachius virens,Combined,Stock,pok.27.3a46,NA,2005-2009,2938,38.78,0.4,37.98,39.57,44.05,0.27,43.53,44.57,49.32,0.28,48.77,49.88,0.88,0.39
126822,Trachurus trachurus,Combined,Stock,hom.27.2a3a4a5b6a7a-ce-k8,NA,2005-2009,520,21.48,0.35,20.79,22.17,23.39,0.28,22.84,23.94,25.3,0.3,24.71,25.89,0.95,0.64
126986,Mullus surmuletus,Combined,Stock,mur.27.3a47d,NA,2005-2009,55,14.38,0.77,12.87,15.9,15.78,0.6,14.6,16.95,17.18,0.61,15.98,18.37,0.94,0.59
126444,Trisopterus esmarkii,Combined,Stock,nop.27.3a4,NA,2010-2014,5016,9.63,0.11,9.41,9.85,11.51,0.07,11.37,11.66,13.4,0.07,13.25,13.54,0.86,0.33
126425,Sprattus sprattus,Combined,Stock,spr.27.3a4,NA,2010-2014,9889,6.3,0.11,6.08,6.52,8.51,0.07,8.38,8.64,10.72,0.05,10.62,10.83,0.76,0.21
126986,Mullus surmuletus,Combined,Stock,mur.27.3a47d,NA,2010-2014,68,13.53,0.5,12.55,14.52,15.09,0.66,13.8,16.37,16.64,1.03,14.62,18.67,0.87,0.51
126417,Clupea harengus,Combined,Stock,her.27.3a47d,NA,2010-2014,14199,20.23,0.05,20.13,20.33,21.92,0.05,21.83,22.01,23.61,0.06,23.5,23.72,0.95,0.66
126417,Clupea harengus,Combined,Stock,her.27.1-24a514a,NA,2010-2014,11054,21.51,0.06,21.39,21.64,22.77,0.05,22.67,22.86,24.03,0.05,23.93,24.12,0.96,0.66
150637,Eutrigla gurnardus,Combined,Stock,gug.27.3a47d,NA,2010-2014,1373,14.26,0.55,13.18,15.34,16.55,0.38,15.8,17.31,18.85,0.27,18.31,19.38,0.91,0.32
127023,Scomber scombrus,Combined,Stock,mac.27.nea,NA,2010-2014,6485,23.8,0.1,23.61,23.99,25.93,0.07,25.79,26.08,28.07,0.09,27.9,28.24,0.93,0.56
126439,Micromesistius poutassou,Combined,Stock,whb.27.1-91214,NA,2010-2014,2957,18.44,0.08,18.28,18.6,19.68,0.07,19.55,19.82,20.93,0.08,20.76,21.09,0.94,0.64
126444,Trisopterus esmarkii,Combined,Stock,nop.27.3a4,NA,2015-2019,6008,10.76,0.06,10.64,10.88,12.07,0.05,11.98,12.16,13.38,0.06,13.27,13.49,0.92,0.52
126425,Sprattus sprattus,Combined,Stock,spr.27.3a4,NA,2015-2019,11555,7.29,0.08,7.14,7.44,9.42,0.04,9.34,9.51,11.56,0.05,11.45,11.66,0.76,0.2
126986,Mullus surmuletus,Combined,Stock,mur.27.3a47d,NA,2015-2019,85,11.55,0.72,10.13,12.96,13.1,0.42,12.28,13.92,14.65,0.46,13.76,15.55,0.79,0.24
105865,Amblyraja radiata,Combined,Stock,rjr.27.23a4,NA,2015-2019,160,28.67,1.87,25,32.34,33.16,1.27,30.67,35.66,37.66,1,35.7,39.62,0.9,0.47
126417,Clupea harengus,Combined,Stock,her.27.3a47d,NA,2015-2019,14475,20.17,0.05,20.07,20.26,21.71,0.04,21.63,21.8,23.26,0.05,23.15,23.36,0.96,0.67
126417,Clupea harengus,Combined,Stock,her.27.1-24a514a,NA,2015-2019,10612,21.52,0.06,21.39,21.64,22.79,0.05,22.69,22.88,24.06,0.05,23.97,24.15,0.96,0.65
126555,Lophius piscatorius,Combined,Stock,anf.27.3a46,NA,2015-2019,72,37.51,2.08,33.43,41.59,41.67,1.78,38.18,45.16,45.83,2.12,41.66,49.99,0.97,0.75
126439,Micromesistius poutassou,Combined,Stock,whb.27.1-91214,NA,2015-2019,2409,17.56,0.11,17.35,17.77,19.49,0.09,19.31,19.66,21.41,0.14,21.15,21.68,0.84,0.34
150637,Eutrigla gurnardus,Combined,Stock,gug.27.3a47d,NA,2015-2019,2174,12.52,0.38,11.77,13.28,15.02,0.26,14.5,15.53,17.51,0.2,17.13,17.9,0.9,0.34
126437,Melanogrammus aeglefinus,Combined,Stock,had.27.46a20,NA,2020-2024,24859,19.53,0.1,19.34,19.72,23,0.07,22.85,23.14,26.46,0.07,26.32,26.6,0.92,0.54
150637,Eutrigla gurnardus,Combined,Stock,gug.27.3a47d,NA,2020-2024,1453,12.27,0.46,11.36,13.18,15.19,0.31,14.58,15.79,18.1,0.23,17.64,18.56,0.86,0.34
126555,Lophius piscatorius,Combined,Stock,anf.27.3a46,NA,2020-2024,54,33.1,2.39,28.42,37.79,38.12,1.9,34.39,41.84,43.13,2.37,38.49,47.77,0.91,0.55
126439,Micromesistius poutassou,Combined,Stock,whb.27.1-91214,NA,2020-2024,1654,17.43,0.39,16.66,18.2,20.89,0.23,20.45,21.33,24.35,0.21,23.94,24.76,0.76,0.21
126425,Sprattus sprattus,Combined,Stock,spr.27.3a4,NA,2020-2024,11885,7.62,0.06,7.51,7.73,9.28,0.04,9.21,9.35,10.94,0.04,10.86,11.02,0.81,0.29
126417,Clupea harengus,Combined,Stock,her.27.1-24a514a,NA,2020-2024,9476,21.61,0.07,21.48,21.74,22.9,0.05,22.8,22.99,24.18,0.05,24.09,24.28,0.96,0.64
126417,Clupea harengus,Combined,Stock,her.27.3a47d,NA,2020-2024,15926,19.28,0.05,19.18,19.39,21.25,0.05,21.16,21.34,23.22,0.06,23.1,23.34,0.94,0.6
126417,Clupea harengus,Combined,Stock,her.27.20-24,NA,2020-2024,13044,21.46,0.06,21.35,21.57,23.06,0.06,22.95,23.17,24.65,0.08,24.51,24.8,0.96,0.61
126986,Mullus surmuletus,Combined,Stock,mur.27.3a47d,NA,2020-2024,208,12.23,0.39,11.47,12.99,13.73,0.27,13.2,14.25,15.22,0.31,14.62,15.82,0.87,0.39
105865,Amblyraja radiata,Combined,Stock,rjr.27.23a4,NA,2020-2024,123,33.21,0.83,31.59,34.83,36,0.63,34.77,37.22,38.79,0.79,37.24,40.33,0.89,0.46
126822,Trachurus trachurus,Combined,Stock,hom.27.9a,NA,2000-2004,1037,18.59,0.16,18.28,18.9,19.45,0.12,19.21,19.7,20.32,0.13,20.06,20.58,0.99,0.82
126484,Merluccius merluccius,Combined,Stock,hke.27.8c9a,NA,2000-2004,6432,30.16,0.21,29.75,30.56,36.57,0.26,36.06,37.08,42.98,0.41,42.18,43.78,0.84,0.27
126439,Micromesistius poutassou,Combined,Stock,whb.27.1-91214,NA,2000-2004,714,17.51,0.11,17.29,17.73,18.15,0.09,17.96,18.33,18.78,0.11,18.56,19,0.98,0.74
126822,Trachurus trachurus,Combined,Stock,hom.27.9a,NA,2005-2009,3031,18.05,0.12,17.82,18.27,19.77,0.09,19.59,19.94,21.49,0.11,21.28,21.7,0.93,0.58
126484,Merluccius merluccius,Combined,Stock,hke.27.8c9a,NA,2005-2009,18237,27.21,0.15,26.91,27.5,35.72,0.18,35.37,36.06,44.22,0.3,43.64,44.8,0.79,0.21
126439,Micromesistius poutassou,Combined,Stock,whb.27.1-91214,NA,2005-2009,2703,19.87,0.11,19.65,20.09,21.73,0.09,21.55,21.92,23.59,0.12,23.36,23.83,0.91,0.52
126822,Trachurus trachurus,Combined,Stock,hom.27.9a,NA,2010-2014,3020,19.07,0.11,18.86,19.28,20.47,0.08,20.31,20.63,21.87,0.09,21.69,22.05,0.95,0.62
126484,Merluccius merluccius,Combined,Stock,hke.27.8c9a,NA,2010-2014,16203,24.48,0.19,24.12,24.85,34.15,0.19,33.78,34.52,43.82,0.33,43.17,44.46,0.79,0.21
126822,Trachurus trachurus,Combined,Stock,hom.27.9a,NA,2015-2019,2015,17.35,0.13,17.1,17.6,19.02,0.12,18.79,19.25,20.69,0.16,20.38,21,0.95,0.65
126822,Trachurus trachurus,Combined,Stock,hom.27.9a,NA,2020-2024,1615,16.66,0.16,16.35,16.96,18.2,0.13,17.94,18.46,19.74,0.15,19.45,20.03,0.97,0.75
126438,Merlangius merlangus,Combined,Stock,whg.27.6a,NA,2010-2014,4280,16.96,0.17,16.63,17.29,19.36,0.13,19.11,19.61,21.76,0.14,21.49,22.03,0.95,0.59
126444,Trisopterus esmarkii,Combined,Stock,nop.27.6a,NA,2010-2014,1518,9.35,0.21,8.94,9.75,11.06,0.13,10.8,11.32,12.77,0.12,12.53,13.02,0.86,0.31
126438,Merlangius merlangus,Combined,Stock,whg.27.6a,NA,2015-2019,4903,16.86,0.17,16.53,17.19,19.27,0.12,19.03,19.51,21.67,0.13,21.43,21.92,0.95,0.55
126444,Trisopterus esmarkii,Combined,Stock,nop.27.6a,NA,2015-2019,1607,9.2,0.18,8.84,9.56,10.74,0.12,10.5,10.97,12.27,0.11,12.06,12.48,0.87,0.31
126438,Merlangius merlangus,Combined,Stock,whg.27.6a,NA,2020-2024,4254,16.81,0.17,16.48,17.14,19.01,0.12,18.76,19.25,21.2,0.13,20.95,21.45,0.95,0.56
126444,Trisopterus esmarkii,Combined,Stock,nop.27.6a,NA,2020-2024,1522,9.55,0.15,9.25,9.84,10.75,0.1,10.55,10.94,11.95,0.09,11.77,12.13,0.89,0.36
126554,Lophius budegassa,Combined,Stock,ank.27.8c9a,NA,2005-2009,339,26.92,2.81,21.42,32.42,47.5,2.85,41.92,53.09,68.09,5.48,57.35,78.83,0.71,0.14
126555,Lophius piscatorius,Combined,Stock,mon.27.8c9a,NA,2000-2004,611,51.83,1.69,48.52,55.13,63.52,2.19,59.22,67.82,75.21,3.09,69.15,81.28,0.93,0.31
127145,Lepidorhombus boscii,Combined,Stock,ldb.27.8c9a,NA,2000-2004,804,18.34,0.14,18.06,18.62,18.98,0.12,18.74,19.22,19.62,0.14,19.35,19.9,0.99,0.87
126822,Trachurus trachurus,Combined,Stock,hom.27.2a3a4a5b6a7a-ce-k8,NA,2000-2004,119,21.81,0.63,20.58,23.04,22.9,0.5,21.92,23.88,23.98,0.5,23.01,24.96,0.99,0.8
126555,Lophius piscatorius,Combined,Stock,mon.27.8c9a,NA,2005-2009,874,46.89,1.07,44.8,48.98,55.95,1.21,53.58,58.31,65.01,1.62,61.83,68.18,0.95,0.56
126555,Lophius piscatorius,Combined,Stock,mon.27.78abd,NA,2005-2009,37,44.77,6.13,32.76,56.78,55.56,3.88,47.96,63.17,66.36,5.22,56.12,76.6,0.78,0.28
126554,Lophius budegassa,Combined,Stock,ank.27.78abd,NA,2005-2009,162,35.75,2.06,31.71,39.79,43.54,1.52,40.57,46.52,51.33,1.89,47.64,55.03,0.89,0.46
127145,Lepidorhombus boscii,Combined,Stock,ldb.27.8c9a,NA,2005-2009,1027,18.1,0.14,17.83,18.37,18.78,0.12,18.56,19.01,19.47,0.13,19.21,19.73,0.99,0.86
126822,Trachurus trachurus,Combined,Stock,hom.27.2a3a4a5b6a7a-ce-k8,NA,2010-2014,1115,17.63,0.37,16.91,18.35,19.87,0.28,19.32,20.42,22.11,0.3,21.52,22.7,0.97,0.59
126555,Lophius piscatorius,Combined,Stock,mon.27.8c9a,NA,2010-2014,768,44.56,0.87,42.86,46.26,48.88,0.87,47.18,50.58,53.2,1.14,50.96,55.45,0.99,0.79
126554,Lophius budegassa,Combined,Stock,ank.27.8c9a,NA,2010-2014,382,35.1,0.89,33.36,36.83,40.52,0.84,38.87,42.17,45.95,1.13,43.72,48.17,0.93,0.55
127145,Lepidorhombus boscii,Combined,Stock,ldb.27.8c9a,NA,2010-2014,2205,18.29,0.1,18.1,18.48,19.03,0.08,18.87,19.19,19.77,0.1,19.58,19.96,0.99,0.86
126822,Trachurus trachurus,Combined,Stock,hom.27.2a3a4a5b6a7a-ce-k8,NA,2015-2019,1259,18.52,0.22,18.08,18.95,20.33,0.18,19.98,20.68,22.14,0.19,21.76,22.53,0.96,0.67
126555,Lophius piscatorius,Combined,Stock,mon.27.8c9a,NA,2015-2019,143,42.79,1.59,39.68,45.9,48.15,1.45,45.31,50.99,53.51,1.84,49.91,57.11,0.96,0.68
127145,Lepidorhombus boscii,Combined,Stock,ldb.27.8c9a,NA,2015-2019,2161,17.79,0.11,17.58,18,18.61,0.09,18.43,18.78,19.42,0.11,19.22,19.63,0.99,0.86
126822,Trachurus trachurus,Combined,Stock,hom.27.2a3a4a5b6a7a-ce-k8,NA,2020-2024,581,13.91,0.61,12.72,15.1,17.75,0.43,16.92,18.59,21.6,0.54,20.54,22.66,0.87,0.4
127145,Lepidorhombus boscii,Combined,Stock,ldb.27.8c9a,NA,2020-2024,1739,18.12,0.29,17.55,18.69,21.86,0.22,21.43,22.29,25.59,0.26,25.08,26.11,0.88,0.44
126554,Lophius budegassa,Combined,Stock,ank.27.78abd,NA,2000-2004,103,40.53,3.34,33.98,47.07,54.15,3.5,47.28,61.02,67.77,6.07,55.88,79.65,0.79,0.21
126438,Merlangius merlangus,Combined,Stock,whg.27.7b-ce-k,NA,2005-2009,148,18.05,1.16,15.77,20.32,20.1,0.85,18.43,21.77,22.15,0.7,20.79,23.52,0.93,0.58
127146,Lepidorhombus whiffiagonis,Combined,Stock,meg.27.7b-k8abd,NA,2005-2009,528,19.61,0.44,18.75,20.48,21.49,0.37,20.76,22.22,23.36,0.41,22.56,24.16,0.99,0.79
126438,Merlangius merlangus,Combined,Stock,whg.27.7a,NA,2000-2004,2320,16.5,0.14,16.23,16.77,18.25,0.11,18.03,18.48,20.01,0.14,19.74,20.27,0.95,0.64
126438,Merlangius merlangus,Combined,Stock,whg.27.6a,NA,2000-2004,7471,17.92,0.09,17.74,18.11,19.74,0.07,19.59,19.88,21.55,0.08,21.39,21.71,0.96,0.67
126444,Trisopterus esmarkii,Combined,Stock,nop.27.6a,NA,2000-2004,2858,11.22,0.11,11.01,11.44,13,0.08,12.85,13.16,14.78,0.1,14.59,14.97,0.85,0.38
126436,Gadus morhua,Combined,Stock,cod.27.7a,NA,2000-2004,463,34.8,1.04,32.76,36.85,39.75,0.76,38.27,41.24,44.7,0.78,43.17,46.24,0.94,0.62
126437,Melanogrammus aeglefinus,Combined,Stock,had.27.7a,NA,2000-2004,1188,19.69,0.27,19.15,20.22,22.07,0.24,21.6,22.55,24.46,0.3,23.87,25.05,0.96,0.7
126438,Merlangius merlangus,Combined,Stock,whg.27.7b-ce-k,NA,2000-2004,454,18.82,0.41,18.01,19.63,20.1,0.31,19.49,20.7,21.37,0.3,20.78,21.96,0.98,0.66
126437,Melanogrammus aeglefinus,Combined,Stock,had.27.7b-k,NA,2000-2004,586,20.31,0.35,19.63,21,22.08,0.28,21.53,22.62,23.84,0.3,23.25,24.43,0.97,0.71
126438,Merlangius merlangus,Combined,Stock,whg.27.6a,NA,2005-2009,4362,16.67,0.15,16.37,16.96,18.72,0.12,18.49,18.95,20.77,0.12,20.53,21.01,0.96,0.63
126444,Trisopterus esmarkii,Combined,Stock,nop.27.6a,NA,2005-2009,1887,11.51,0.12,11.28,11.74,13.07,0.09,12.89,13.25,14.63,0.11,14.41,14.85,0.88,0.45
126437,Melanogrammus aeglefinus,Combined,Stock,had.27.7b-k,NA,2005-2009,401,22.99,0.45,22.11,23.88,24.49,0.36,23.79,25.19,25.98,0.37,25.27,26.7,0.98,0.8
126436,Gadus morhua,M,Stock,cod.27.24-32,NA,2000-2004,10732,20.46,0.25,19.98,20.95,27.45,0.16,27.13,27.78,34.44,0.19,34.08,34.81,0.85,0.34
126436,Gadus morhua,F,Stock,cod.27.24-32,NA,2000-2004,11690,26,0.23,25.56,26.45,33.66,0.17,33.33,33.99,41.32,0.21,40.9,41.73,0.87,0.43
126436,Gadus morhua,F,Stock,cod.27.22-24,NA,2000-2004,2507,19.68,0.55,18.6,20.76,27.35,0.38,26.6,28.1,35.02,0.44,34.15,35.89,0.87,0.4
126436,Gadus morhua,M,Stock,cod.27.22-24,NA,2000-2004,3277,19.58,0.41,18.77,20.39,25.75,0.29,25.18,26.32,31.92,0.31,31.31,32.53,0.89,0.46
126436,Gadus morhua,M,Stock,cod.27.46a7d20,NA,2000-2004,6077,35.03,0.32,34.41,35.65,44.16,0.33,43.51,44.81,53.28,0.49,52.33,54.23,0.89,0.45
126436,Gadus morhua,F,Stock,cod.27.46a7d20,NA,2000-2004,6126,38.56,0.34,37.89,39.23,48.13,0.37,47.41,48.86,57.71,0.53,56.67,58.75,0.9,0.48
126436,Gadus morhua,M,Stock,cod.27.21,NA,2000-2004,2027,23.13,0.49,22.17,24.09,30.74,0.4,29.94,31.53,38.34,0.57,37.22,39.46,0.87,0.4
126436,Gadus morhua,F,Stock,cod.27.21,NA,2000-2004,1914,28.6,0.45,27.72,29.49,35.59,0.45,34.7,36.48,42.57,0.64,41.31,43.83,0.91,0.5
127141,Platichthys flesus,M,Stock,bzq.27.2425,NA,2000-2004,1495,14.74,0.29,14.18,15.3,15.42,0.22,15,15.85,16.11,0.18,15.75,16.47,0.99,0.65
127141,Platichthys flesus,F,Stock,bzq.27.2425,NA,2000-2004,1705,12.96,0.65,11.69,14.23,14.84,0.47,13.92,15.76,16.71,0.38,15.97,17.45,0.96,0.42
127141,Platichthys flesus,M,Stock,bzq.27.2628,NA,2000-2004,519,9.82,1.63,6.63,13.01,12.2,1.2,9.85,14.56,14.59,0.83,12.96,16.22,0.88,0.16
127141,Platichthys flesus,F,Stock,bzq.27.2628,NA,2000-2004,478,15.89,0.69,14.54,17.25,17.45,0.51,16.46,18.45,19.01,0.43,18.17,19.85,0.98,0.53
126417,Clupea harengus,F,Stock,her.27.20-24,NA,2000-2004,4210,21.49,0.1,21.29,21.68,23.56,0.1,23.36,23.76,25.63,0.14,25.35,25.91,0.91,0.46
126417,Clupea harengus,M,Stock,her.27.20-24,NA,2000-2004,3296,20.65,0.12,20.42,20.88,23.01,0.11,22.8,23.23,25.37,0.16,25.06,25.68,0.88,0.41
127143,Pleuronectes platessa,M,Stock,ple.27.21-32,NA,2000-2004,2206,9.77,0.61,8.58,10.97,13.35,0.4,12.56,14.13,16.92,0.25,16.43,17.41,0.8,0.19
127143,Pleuronectes platessa,F,Stock,ple.27.21-32,NA,2000-2004,2724,16.22,0.31,15.61,16.84,19.57,0.21,19.16,19.99,22.92,0.18,22.56,23.28,0.88,0.38
126417,Clupea harengus,F,Stock,her.27.25-2932,NA,2000-2004,1804,9.15,1.02,7.14,11.16,15.88,0.47,14.95,16.81,22.61,0.42,21.79,23.42,0.67,0.07
126425,Sprattus sprattus,F,Stock,spr.27.22-32,NA,2000-2004,338,9.05,0.4,8.27,9.82,10.43,0.26,9.93,10.93,11.81,0.2,11.42,12.2,0.83,0.27
127139,Limanda limanda,F,Stock,dab.27.22-32,NA,2000-2004,136,13.7,0.86,12.02,15.38,15.47,0.66,14.19,16.76,17.24,0.67,15.93,18.55,0.96,0.64
127139,Limanda limanda,M,Stock,dab.27.22-32,NA,2000-2004,123,13.92,0.29,13.35,14.49,14.29,0.24,13.83,14.75,14.66,0.26,14.16,15.17,1,0.9
126436,Gadus morhua,M,Stock,cod.27.22-24,NA,2005-2009,3553,16.11,0.66,14.82,17.4,25.5,0.43,24.66,26.34,34.89,0.42,34.06,35.71,0.84,0.33
126436,Gadus morhua,F,Stock,cod.27.22-24,NA,2005-2009,2688,17.79,0.76,16.3,19.27,28.13,0.51,27.13,29.14,38.48,0.57,37.36,39.61,0.87,0.36
126436,Gadus morhua,M,Stock,cod.27.24-32,NA,2005-2009,19349,15.55,0.24,15.08,16.01,21.8,0.15,21.5,22.09,28.05,0.12,27.81,28.28,0.85,0.28
126436,Gadus morhua,F,Stock,cod.27.24-32,NA,2005-2009,19393,20.81,0.21,20.41,21.22,27.87,0.14,27.59,28.14,34.92,0.14,34.64,35.19,0.88,0.39
126436,Gadus morhua,M,Stock,cod.27.21,NA,2005-2009,1625,25.38,0.58,24.25,26.51,34,0.52,32.98,35.02,42.62,0.77,41.1,44.14,0.86,0.37
126436,Gadus morhua,F,Stock,cod.27.21,NA,2005-2009,1445,33.99,0.7,32.61,35.36,44.19,0.85,42.53,45.85,54.39,1.27,51.9,56.88,0.86,0.37
126436,Gadus morhua,M,Stock,cod.27.46a7d20,NA,2005-2009,5337,37.14,0.37,36.42,37.86,46.92,0.36,46.21,47.63,56.71,0.52,55.69,57.73,0.88,0.43
126436,Gadus morhua,F,Stock,cod.27.46a7d20,NA,2005-2009,5639,37.78,0.41,36.98,38.59,49.31,0.41,48.51,50.1,60.83,0.59,59.67,61.99,0.87,0.4
126425,Sprattus sprattus,F,Stock,spr.27.22-32,NA,2005-2009,763,6.81,0.41,6,7.62,8.09,0.29,7.52,8.65,9.36,0.19,8.98,9.74,0.85,0.22
126425,Sprattus sprattus,M,Stock,spr.27.22-32,NA,2005-2009,647,6.82,0.36,6.11,7.53,7.83,0.25,7.34,8.33,8.85,0.17,8.51,9.19,0.87,0.22
127141,Platichthys flesus,F,Stock,bzq.27.2425,NA,2005-2009,2406,11.1,0.79,9.56,12.64,14.06,0.58,12.92,15.2,17.02,0.43,16.19,17.86,0.95,0.25
127141,Platichthys flesus,M,Stock,bzq.27.2425,NA,2005-2009,1339,11.96,0.69,10.61,13.31,13.91,0.51,12.91,14.9,15.85,0.36,15.15,16.56,0.91,0.24
127141,Platichthys flesus,F,Stock,bzq.27.2628,NA,2005-2009,2425,9.2,1.1,7.05,11.36,12.84,0.84,11.19,14.49,16.47,0.62,15.25,17.69,0.93,0.17
126417,Clupea harengus,F,Stock,her.27.25-2932,NA,2005-2009,4696,10.2,0.3,9.62,10.79,12.53,0.2,12.13,12.94,14.86,0.14,14.6,15.13,0.85,0.23
126417,Clupea harengus,M,Stock,her.27.25-2932,NA,2005-2009,3845,10.28,0.3,9.69,10.88,12.47,0.21,12.06,12.88,14.66,0.14,14.38,14.94,0.85,0.25
127143,Pleuronectes platessa,M,Stock,ple.27.21-32,NA,2005-2009,3674,9.7,0.6,8.52,10.87,15.5,0.35,14.82,16.18,21.3,0.22,20.86,21.74,0.73,0.14
127143,Pleuronectes platessa,F,Stock,ple.27.21-32,NA,2005-2009,4845,16.09,0.33,15.45,16.73,20.93,0.21,20.51,21.34,25.77,0.18,25.41,26.12,0.83,0.3
126417,Clupea harengus,F,Stock,her.27.20-24,NA,2005-2009,5033,21.64,0.1,21.46,21.83,23.85,0.1,23.65,24.05,26.06,0.15,25.77,26.34,0.91,0.44
126417,Clupea harengus,M,Stock,her.27.20-24,NA,2005-2009,3917,21.29,0.1,21.1,21.48,23.35,0.1,23.16,23.54,25.42,0.14,25.15,25.69,0.9,0.45
127139,Limanda limanda,F,Stock,dab.27.22-32,NA,2005-2009,861,11.46,0.36,10.76,12.16,12.52,0.27,12,13.04,13.58,0.24,13.11,14.05,0.99,0.65
127139,Limanda limanda,M,Stock,dab.27.22-32,NA,2005-2009,563,10.12,0.4,9.35,10.9,11.02,0.31,10.41,11.62,11.91,0.29,11.34,12.48,0.99,0.72
127143,Pleuronectes platessa,F,Stock,ple.27.420,NA,2005-2009,7980,22.73,0.14,22.46,22.99,26.5,0.11,26.28,26.72,30.27,0.14,29.99,30.55,0.91,0.52
127143,Pleuronectes platessa,M,Stock,ple.27.420,NA,2005-2009,5765,19.02,0.17,18.69,19.36,23.69,0.14,23.41,23.97,28.35,0.21,27.95,28.76,0.84,0.33
126436,Gadus morhua,M,Stock,cod.27.22-24,NA,2010-2014,3313,18.57,0.5,17.6,19.55,25.7,0.34,25.04,26.36,32.82,0.35,32.14,33.51,0.87,0.38
126436,Gadus morhua,F,Stock,cod.27.22-24,NA,2010-2014,2321,23.32,0.55,22.24,24.41,31.95,0.44,31.1,32.81,40.58,0.57,39.47,41.69,0.88,0.43
126436,Gadus morhua,M,Stock,cod.27.24-32,NA,2010-2014,12764,16.39,0.24,15.91,16.86,20.97,0.16,20.65,21.29,25.55,0.13,25.31,25.8,0.88,0.34
126436,Gadus morhua,F,Stock,cod.27.24-32,NA,2010-2014,12312,25.3,0.17,24.98,25.63,29.39,0.12,29.15,29.63,33.47,0.12,33.23,33.71,0.94,0.57
126436,Gadus morhua,F,Stock,cod.27.21,NA,2010-2014,1544,25.38,1.01,23.4,27.36,41.89,1.08,39.78,44,58.4,1.91,54.66,62.14,0.76,0.18
126436,Gadus morhua,M,Stock,cod.27.21,NA,2010-2014,1682,15.97,1.17,13.68,18.27,30.8,0.72,29.38,32.21,45.63,1.3,43.09,48.16,0.74,0.16
126436,Gadus morhua,M,Stock,cod.27.46a7d20,NA,2010-2014,5576,38.67,0.39,37.91,39.42,48.91,0.35,48.22,49.59,59.14,0.49,58.18,60.11,0.88,0.42
126436,Gadus morhua,F,Stock,cod.27.46a7d20,NA,2010-2014,5728,42.85,0.37,42.13,43.58,52.52,0.35,51.83,53.2,62.18,0.48,61.23,63.12,0.9,0.49
126425,Sprattus sprattus,M,Stock,spr.27.22-32,NA,2010-2014,1198,3.93,0.9,2.17,5.69,6.14,0.62,4.93,7.35,8.34,0.36,7.65,9.04,0.66,0.08
127143,Pleuronectes platessa,F,Stock,ple.27.21-32,NA,2010-2014,7969,17,0.23,16.55,17.45,20.58,0.16,20.27,20.89,24.16,0.13,23.91,24.41,0.9,0.38
127143,Pleuronectes platessa,M,Stock,ple.27.21-32,NA,2010-2014,6716,4.57,0.8,3.01,6.14,11.23,0.5,10.25,12.2,17.88,0.25,17.39,18.37,0.7,0.08
127139,Limanda limanda,F,Stock,dab.27.22-32,NA,2010-2014,2098,13.61,0.29,13.03,14.18,15.22,0.23,14.76,15.67,16.83,0.22,16.39,17.26,0.99,0.7
127139,Limanda limanda,M,Stock,dab.27.22-32,NA,2010-2014,1254,10.08,0.35,9.39,10.76,11.37,0.26,10.87,11.88,12.66,0.22,12.23,13.1,0.97,0.53
127141,Platichthys flesus,M,Stock,bzq.27.2425,NA,2010-2014,2054,14.51,0.27,13.98,15.03,15.68,0.2,15.3,16.06,16.85,0.16,16.55,17.16,0.97,0.58
127141,Platichthys flesus,F,Stock,bzq.27.2425,NA,2010-2014,3217,17.04,0.29,16.46,17.61,18.25,0.24,17.78,18.72,19.46,0.23,19.01,19.91,1,0.82
127141,Platichthys flesus,M,Stock,bzq.27.2628,NA,2010-2014,4674,11.64,0.47,10.72,12.56,13.28,0.35,12.59,13.98,14.92,0.26,14.41,15.43,0.94,0.25
127141,Platichthys flesus,F,Stock,bzq.27.2628,NA,2010-2014,5475,14.88,0.35,14.19,15.56,17.01,0.27,16.49,17.53,19.15,0.21,18.74,19.55,0.94,0.43
127141,Platichthys flesus,M,Stock,bwp.27.2729-32,NA,2010-2014,696,13.66,0.72,12.26,15.07,14.84,0.52,13.81,15.86,16.01,0.37,15.29,16.73,0.95,0.3
127141,Platichthys flesus,F,Stock,bwp.27.2729-32,NA,2010-2014,586,16.64,0.43,15.8,17.48,17.66,0.3,17.06,18.25,18.68,0.27,18.14,19.22,0.98,0.52
127160,Solea solea,F,Stock,sol.27.20-24,NA,2010-2014,116,19.11,1.57,16.04,22.18,21.46,1.06,19.39,23.53,23.81,0.8,22.25,25.37,0.92,0.46
126417,Clupea harengus,F,Stock,her.27.25-2932,NA,2010-2014,7455,13.91,0.09,13.74,14.09,15.17,0.07,15.04,15.3,16.43,0.06,16.31,16.55,0.96,0.61
126417,Clupea harengus,M,Stock,her.27.25-2932,NA,2010-2014,5938,13.74,0.09,13.55,13.92,15.07,0.07,14.93,15.2,16.4,0.07,16.27,16.53,0.95,0.6
126417,Clupea harengus,M,Stock,her.27.20-24,NA,2010-2014,3505,21.8,0.11,21.57,22.02,24.16,0.1,23.96,24.37,26.53,0.15,26.23,26.82,0.87,0.42
126417,Clupea harengus,F,Stock,her.27.20-24,NA,2010-2014,5627,22.46,0.09,22.29,22.63,24.41,0.09,24.24,24.59,26.36,0.12,26.12,26.6,0.93,0.51
127150,Scophthalmus rhombus,F,Stock,bll.27.3a47de,NA,2010-2014,166,17.03,1.86,13.39,20.66,22.46,1.19,20.13,24.79,27.9,1.11,25.73,30.07,0.83,0.31
127150,Scophthalmus rhombus,M,Stock,bll.27.3a47de,NA,2010-2014,142,16.54,1.16,14.28,18.81,20.31,0.88,18.58,22.04,24.07,0.94,22.24,25.91,0.9,0.55
127143,Pleuronectes platessa,F,Stock,ple.27.420,NA,2010-2014,8097,20.34,0.18,19.98,20.69,25.18,0.13,24.92,25.43,30.02,0.15,29.72,30.32,0.86,0.41
127143,Pleuronectes platessa,M,Stock,ple.27.420,NA,2010-2014,7120,13.9,0.25,13.41,14.39,19.38,0.16,19.07,19.69,24.86,0.17,24.53,25.19,0.8,0.29
126438,Merlangius merlangus,F,Stock,whg.27.3a,NA,2010-2014,917,22.94,0.39,22.16,23.71,27.3,0.36,26.6,27.99,31.65,0.52,30.63,32.68,0.86,0.36
126438,Merlangius merlangus,M,Stock,whg.27.3a,NA,2010-2014,604,20.33,0.5,19.34,21.32,25.44,0.57,24.33,26.55,30.54,0.95,28.68,32.41,0.79,0.21
127136,Glyptocephalus cynoglossus,F,Stock,wit.27.3a47d,NA,2010-2014,888,29.49,0.7,28.12,30.86,38.56,0.98,36.64,40.48,47.64,1.81,44.09,51.18,0.71,0.12
126441,Pollachius virens,M,Stock,pok.27.3a46,NA,2010-2014,2393,42.84,0.45,41.95,43.73,50.64,0.4,49.85,51.42,58.43,0.59,57.28,59.59,0.87,0.43
126484,Merluccius merluccius,F,Stock,hke.27.3a46-8abd,NA,2010-2014,1300,43.55,0.72,42.14,44.96,52.07,0.75,50.59,53.55,60.58,1.01,58.61,62.56,0.92,0.58
126484,Merluccius merluccius,M,Stock,hke.27.3a46-8abd,NA,2010-2014,1188,31.4,0.42,30.58,32.23,36.1,0.39,35.33,36.87,40.8,0.54,39.74,41.85,0.93,0.56
126441,Pollachius virens,F,Stock,pok.27.3a46,NA,2010-2014,2062,45.6,0.42,44.77,46.43,52.07,0.39,51.31,52.83,58.54,0.55,57.47,59.61,0.91,0.52
126437,Melanogrammus aeglefinus,F,Stock,had.27.46a20,NA,2010-2014,10925,23.5,0.14,23.22,23.77,26.49,0.11,26.28,26.69,29.48,0.1,29.27,29.68,0.95,0.63
126437,Melanogrammus aeglefinus,M,Stock,had.27.46a20,NA,2010-2014,9274,19.16,0.14,18.89,19.42,22.17,0.1,21.97,22.37,25.18,0.11,24.97,25.39,0.94,0.56
127136,Glyptocephalus cynoglossus,M,Stock,wit.27.3a47d,NA,2010-2014,605,22.35,0.63,21.12,23.58,27.78,0.47,26.86,28.69,33.21,0.76,31.72,34.69,0.77,0.22
126436,Gadus morhua,F,Stock,cod.27.24-32,NA,2015-2019,8280,20.92,0.18,20.56,21.28,23.81,0.14,23.53,24.09,26.69,0.14,26.42,26.97,0.97,0.65
126436,Gadus morhua,M,Stock,cod.27.24-32,NA,2015-2019,10086,14.53,0.26,14.01,15.04,17.95,0.18,17.59,18.31,21.38,0.14,21.11,21.65,0.91,0.4
126436,Gadus morhua,M,Stock,cod.27.22-24,NA,2015-2019,3082,11.66,1.01,9.68,13.65,23.4,0.6,22.22,24.59,35.15,0.53,34.11,36.18,0.81,0.25
126436,Gadus morhua,F,Stock,cod.27.22-24,NA,2015-2019,1993,15.44,1.31,12.86,18.02,33.04,0.83,31.41,34.66,50.64,1.17,48.34,52.93,0.81,0.24
126436,Gadus morhua,M,Stock,cod.27.21,NA,2015-2019,1609,17.67,1.02,15.67,19.67,29.69,0.7,28.31,31.06,41.7,0.87,40.01,43.4,0.86,0.34
126436,Gadus morhua,F,Stock,cod.27.21,NA,2015-2019,1329,29.9,0.87,28.18,31.61,40.92,0.79,39.38,42.46,51.95,1.04,49.92,53.98,0.9,0.48
126436,Gadus morhua,F,Stock,cod.27.46a7d20,NA,2015-2019,6069,40.35,0.48,39.41,41.29,53.99,0.42,53.16,54.82,67.63,0.61,66.43,68.83,0.85,0.37
126436,Gadus morhua,M,Stock,cod.27.46a7d20,NA,2015-2019,5899,36.7,0.42,35.87,37.52,48.14,0.36,47.44,48.84,59.59,0.5,58.6,60.57,0.86,0.39
127136,Glyptocephalus cynoglossus,F,Stock,wit.27.3a47d,NA,2015-2019,507,30.02,1.17,27.72,32.32,40,1.19,37.67,42.33,49.98,2.5,45.08,54.87,0.67,0.09
126484,Merluccius merluccius,M,Stock,hke.27.3a46-8abd,NA,2015-2019,1905,28.54,0.37,27.82,29.26,33.5,0.31,32.9,34.1,38.46,0.41,37.65,39.27,0.92,0.54
126484,Merluccius merluccius,F,Stock,hke.27.3a46-8abd,NA,2015-2019,1942,34.16,0.71,32.76,35.56,45.65,0.64,44.39,46.91,57.14,0.93,55.32,58.96,0.86,0.41
127143,Pleuronectes platessa,M,Stock,ple.27.21-32,NA,2015-2019,8237,5.03,0.63,3.8,6.25,10.76,0.4,9.97,11.54,16.48,0.22,16.06,16.91,0.72,0.11
127143,Pleuronectes platessa,F,Stock,ple.27.21-32,NA,2015-2019,10804,13.36,0.27,12.84,13.88,17.34,0.18,16.98,17.7,21.33,0.13,21.06,21.59,0.88,0.31
127143,Pleuronectes platessa,M,Stock,ple.27.420,NA,2015-2019,5806,14.12,0.22,13.69,14.56,18.75,0.15,18.46,19.04,23.37,0.16,23.06,23.69,0.83,0.36
127143,Pleuronectes platessa,F,Stock,ple.27.420,NA,2015-2019,7538,19.01,0.18,18.66,19.37,23.53,0.13,23.27,23.79,28.05,0.15,27.75,28.34,0.88,0.46
127139,Limanda limanda,M,Stock,dab.27.22-32,NA,2015-2019,1532,9.41,0.33,8.75,10.06,11.18,0.24,10.71,11.64,12.95,0.2,12.56,13.33,0.95,0.43
127139,Limanda limanda,F,Stock,dab.27.22-32,NA,2015-2019,2505,12.46,0.23,12.01,12.91,14.31,0.17,13.98,14.65,16.17,0.17,15.84,16.5,0.97,0.57
127139,Limanda limanda,M,Stock,dab.27.3a4,NA,2015-2019,500,7.69,1.23,5.28,10.1,11.56,0.73,10.12,13,15.42,0.42,14.59,16.25,0.72,0.13
127139,Limanda limanda,F,Stock,dab.27.3a4,NA,2015-2019,775,7.33,1.32,4.73,9.92,10.96,0.91,9.17,12.75,14.59,0.57,13.47,15.72,0.8,0.16
127141,Platichthys flesus,M,Stock,bzq.27.2425,NA,2015-2019,1955,15.05,0.28,14.49,15.61,16.05,0.21,15.64,16.47,17.06,0.16,16.74,17.38,0.97,0.52
127141,Platichthys flesus,F,Stock,bzq.27.2425,NA,2015-2019,3312,13.32,0.47,12.41,14.24,15.09,0.35,14.39,15.78,16.85,0.29,16.29,17.42,0.98,0.45
127141,Platichthys flesus,M,Stock,bzq.27.2628,NA,2015-2019,2626,9.83,0.55,8.75,10.91,12.11,0.41,11.3,12.91,14.38,0.3,13.79,14.97,0.93,0.3
127141,Platichthys flesus,F,Stock,bzq.27.2628,NA,2015-2019,3208,10.07,0.61,8.87,11.27,13.23,0.45,12.34,14.12,16.39,0.33,15.74,17.03,0.93,0.25
127160,Solea solea,F,Stock,sol.27.20-24,NA,2015-2019,262,18.85,0.83,17.23,20.47,20.89,0.61,19.7,22.08,22.93,0.52,21.91,23.96,0.96,0.62
127160,Solea solea,M,Stock,sol.27.20-24,NA,2015-2019,247,13.99,2.06,9.94,18.03,21.55,0.98,19.63,23.47,29.11,1.56,26.05,32.18,0.68,0.11
126417,Clupea harengus,F,Stock,her.27.25-2932,NA,2015-2019,5390,13.31,0.1,13.12,13.51,14.66,0.07,14.52,14.8,16.01,0.07,15.88,16.15,0.94,0.59
126417,Clupea harengus,M,Stock,her.27.25-2932,NA,2015-2019,5131,13.14,0.11,12.93,13.34,14.68,0.08,14.53,14.83,16.23,0.07,16.08,16.37,0.93,0.57
127150,Scophthalmus rhombus,F,Stock,bll.27.3a47de,NA,2015-2019,278,21.89,1.04,19.86,23.92,24.88,0.73,23.45,26.3,27.86,0.63,26.62,29.1,0.94,0.54
127150,Scophthalmus rhombus,M,Stock,bll.27.3a47de,NA,2015-2019,234,13.33,1.83,9.74,16.91,18.34,1.19,16,20.68,23.36,0.88,21.64,25.08,0.8,0.29
126417,Clupea harengus,F,Stock,her.27.20-24,NA,2015-2019,6444,21.1,0.09,20.94,21.27,23.31,0.09,23.14,23.49,25.52,0.12,25.28,25.76,0.91,0.49
126417,Clupea harengus,M,Stock,her.27.20-24,NA,2015-2019,4094,20.71,0.1,20.51,20.91,23.05,0.09,22.86,23.24,25.39,0.14,25.12,25.66,0.87,0.42
127023,Scomber scombrus,M,Stock,mac.27.nea,NA,2015-2019,3444,25.83,0.13,25.58,26.09,27.82,0.11,27.62,28.03,29.81,0.12,29.57,30.05,0.95,0.66
127023,Scomber scombrus,F,Stock,mac.27.nea,NA,2015-2019,3234,24.77,0.13,24.51,25.03,26.9,0.11,26.68,27.11,29.02,0.14,28.76,29.29,0.94,0.63
126438,Merlangius merlangus,M,Stock,whg.27.3a,NA,2015-2019,2540,17.45,0.26,16.93,17.96,22.29,0.21,21.87,22.71,27.14,0.35,26.45,27.82,0.79,0.24
126438,Merlangius merlangus,F,Stock,whg.27.3a,NA,2015-2019,3109,20.63,0.18,20.28,20.99,23.92,0.15,23.62,24.22,27.21,0.2,26.81,27.6,0.9,0.49
127136,Glyptocephalus cynoglossus,M,Stock,wit.27.3a47d,NA,2015-2019,299,21.41,2.2,17.1,25.73,31.68,1.16,29.41,33.95,41.94,2.64,36.76,47.13,0.66,0.08
126441,Pollachius virens,M,Stock,pok.27.3a46,NA,2015-2019,2169,45.84,0.45,44.95,46.72,53.54,0.39,52.77,54.31,61.24,0.61,60.05,62.44,0.83,0.35
126437,Melanogrammus aeglefinus,M,Stock,had.27.46a20,NA,2015-2019,10155,18.33,0.13,18.07,18.58,21.49,0.1,21.29,21.69,24.66,0.11,24.44,24.87,0.94,0.57
126437,Melanogrammus aeglefinus,F,Stock,had.27.46a20,NA,2015-2019,11340,22.36,0.15,22.07,22.64,25.92,0.11,25.7,26.14,29.49,0.11,29.27,29.71,0.94,0.6
126441,Pollachius virens,F,Stock,pok.27.3a46,NA,2015-2019,2095,47.26,0.44,46.41,48.12,54.43,0.38,53.69,55.17,61.59,0.56,60.49,62.69,0.85,0.39
126438,Merlangius merlangus,F,Stock,whg.27.3a,NA,2020-2024,3252,18.41,0.24,17.94,18.88,22.71,0.18,22.36,23.06,27.01,0.23,26.56,27.45,0.87,0.41
126438,Merlangius merlangus,M,Stock,whg.27.3a,NA,2020-2024,2389,15.79,0.31,15.18,16.41,20.75,0.21,20.33,21.16,25.71,0.33,25.07,26.34,0.79,0.24
126444,Trisopterus esmarkii,F,Stock,nop.27.3a4,NA,2020-2024,3569,11.61,0.08,11.46,11.76,12.66,0.06,12.54,12.78,13.7,0.07,13.57,13.83,0.96,0.66
126444,Trisopterus esmarkii,M,Stock,nop.27.3a4,NA,2020-2024,2124,9.92,0.12,9.68,10.15,11.41,0.09,11.24,11.58,12.91,0.1,12.72,13.1,0.89,0.44
126436,Gadus morhua,F,Stock,cod.27.46a7d20,NA,2020-2024,4319,41.25,0.49,40.29,42.2,53.29,0.52,52.28,54.31,65.34,0.76,63.86,66.82,0.87,0.41
126436,Gadus morhua,M,Stock,cod.27.46a7d20,NA,2020-2024,4100,36.92,0.5,35.94,37.9,49.56,0.51,48.56,50.56,62.2,0.79,60.65,63.75,0.83,0.32
126436,Gadus morhua,M,Stock,cod.27.21,NA,2020-2024,1068,21.58,0.35,20.89,22.27,25.35,0.34,24.69,26.01,29.12,0.47,28.19,30.04,0.93,0.57
126436,Gadus morhua,F,Stock,cod.27.21,NA,2020-2024,806,26.44,0.51,25.44,27.45,31.17,0.65,29.9,32.43,35.89,0.94,34.05,37.73,0.94,0.55
126436,Gadus morhua,F,Stock,cod.27.22-24,NA,2020-2024,1907,20.6,0.44,19.75,21.46,27.48,0.42,26.66,28.29,34.35,0.62,33.13,35.57,0.91,0.47
126436,Gadus morhua,M,Stock,cod.27.22-24,NA,2020-2024,2264,18.57,0.36,17.87,19.28,23.89,0.28,23.34,24.43,29.2,0.37,28.47,29.93,0.91,0.48
126436,Gadus morhua,M,Stock,cod.27.24-32,NA,2020-2024,10778,14.11,0.25,13.61,14.61,17.88,0.17,17.54,18.22,21.65,0.12,21.41,21.89,0.87,0.31
126436,Gadus morhua,F,Stock,cod.27.24-32,NA,2020-2024,8417,17.71,0.2,17.32,18.1,21.41,0.14,21.14,21.68,25.1,0.13,24.84,25.36,0.92,0.45
127136,Glyptocephalus cynoglossus,M,Stock,wit.27.3a47d,NA,2020-2024,607,15.14,1.21,12.76,17.51,21.94,0.65,20.66,23.21,28.73,0.71,27.33,30.13,0.73,0.16
127136,Glyptocephalus cynoglossus,F,Stock,wit.27.3a47d,NA,2020-2024,761,22.96,0.58,21.83,24.1,27.85,0.4,27.07,28.64,32.75,0.5,31.76,33.73,0.83,0.33
127143,Pleuronectes platessa,F,Stock,ple.27.21-32,NA,2020-2024,11516,10.74,0.23,10.29,11.19,14.83,0.16,14.52,15.14,18.92,0.12,18.68,19.16,0.88,0.37
127143,Pleuronectes platessa,M,Stock,ple.27.21-32,NA,2020-2024,10726,8.48,0.23,8.03,8.94,11.9,0.15,11.6,12.2,15.31,0.1,15.1,15.51,0.83,0.26
127143,Pleuronectes platessa,M,Stock,ple.27.420,NA,2020-2024,7036,14.59,0.15,14.3,14.87,17.67,0.1,17.47,17.86,20.75,0.1,20.55,20.94,0.86,0.39
127143,Pleuronectes platessa,F,Stock,ple.27.420,NA,2020-2024,11914,17.39,0.12,17.15,17.62,20.62,0.09,20.45,20.79,23.85,0.09,23.68,24.03,0.91,0.5
127139,Limanda limanda,F,Stock,dab.27.22-32,NA,2020-2024,2518,11,0.23,10.56,11.44,12.69,0.17,12.35,13.02,14.37,0.17,14.03,14.71,0.98,0.62
127139,Limanda limanda,M,Stock,dab.27.22-32,NA,2020-2024,1829,9.75,0.25,9.26,10.23,11.16,0.18,10.81,11.51,12.58,0.16,12.27,12.88,0.96,0.48
127139,Limanda limanda,F,Stock,dab.27.3a4,NA,2020-2024,3440,12,0.21,11.58,12.42,14.66,0.15,14.37,14.95,17.32,0.14,17.05,17.59,0.89,0.41
127139,Limanda limanda,M,Stock,dab.27.3a4,NA,2020-2024,1890,12.12,0.18,11.77,12.47,14.13,0.12,13.89,14.37,16.14,0.13,15.89,16.39,0.87,0.39
127141,Platichthys flesus,M,Stock,bzq.27.2628,NA,2020-2024,3192,3.73,1.16,1.45,6.01,7.18,0.87,5.47,8.89,10.63,0.61,9.44,11.81,0.86,0.08
127141,Platichthys flesus,F,Stock,bzq.27.2425,NA,2020-2024,3223,9.42,0.91,7.63,11.21,12.9,0.68,11.57,14.23,16.38,0.48,15.44,17.32,0.9,0.15
127141,Platichthys flesus,M,Stock,bzq.27.2425,NA,2020-2024,2223,7.47,1.42,4.68,10.26,10.46,1.08,8.35,12.58,13.45,0.76,11.97,14.94,0.82,0.07
127160,Solea solea,F,Stock,sol.27.20-24,NA,2020-2024,212,18.86,0.73,17.43,20.29,20.48,0.53,19.45,21.51,22.1,0.47,21.17,23.03,0.97,0.62
127160,Solea solea,M,Stock,sol.27.20-24,NA,2020-2024,241,12.94,1.23,10.54,15.35,15.85,0.82,14.25,17.45,18.76,0.55,17.67,19.84,0.8,0.26
126417,Clupea harengus,M,Stock,her.27.25-2932,NA,2020-2024,4351,13.53,0.1,13.33,13.73,14.95,0.07,14.81,15.1,16.38,0.07,16.23,16.52,0.93,0.57
126417,Clupea harengus,F,Stock,her.27.25-2932,NA,2020-2024,4676,13.63,0.09,13.45,13.81,14.81,0.07,14.68,14.95,16,0.07,15.87,16.13,0.95,0.61
127023,Scomber scombrus,M,Stock,mac.27.nea,NA,2020-2024,3803,27.39,0.12,27.15,27.62,29.14,0.09,28.95,29.32,30.88,0.1,30.68,31.09,0.96,0.69
126441,Pollachius virens,M,Stock,pok.27.3a46,NA,2020-2024,1077,43.47,0.88,41.75,45.19,52.69,0.64,51.44,53.95,61.91,0.9,60.16,63.67,0.83,0.35
126441,Pollachius virens,F,Stock,pok.27.3a46,NA,2020-2024,1066,45.06,0.71,43.67,46.45,52.27,0.54,51.2,53.33,59.48,0.72,58.06,60.89,0.88,0.44
127023,Scomber scombrus,F,Stock,mac.27.nea,NA,2020-2024,3782,26.5,0.12,26.26,26.74,28.42,0.1,28.22,28.61,30.34,0.12,30.11,30.56,0.96,0.67
127160,Solea solea,M,Stock,sol.27.8ab,NA,2005-2009,602,19.75,0.28,19.21,20.29,20.87,0.22,20.44,21.3,22,0.23,21.55,22.44,0.99,0.77
127160,Solea solea,F,Stock,sol.27.8ab,NA,2005-2009,1040,21.96,0.25,21.48,22.44,23.51,0.2,23.12,23.91,25.07,0.23,24.62,25.52,0.98,0.8
127160,Solea solea,F,Stock,sol.27.8ab,NA,2015-2019,1883,21.92,0.22,21.49,22.35,24.43,0.16,24.12,24.74,26.94,0.18,26.59,27.28,0.91,0.53
127160,Solea solea,M,Stock,sol.27.8ab,NA,2015-2019,1622,12.55,0.92,10.75,14.36,18.46,0.52,17.44,19.47,24.36,0.33,23.7,25.01,0.7,0.14
126986,Mullus surmuletus,M,Stock,mur.27.67a-ce-k89a,NA,2015-2019,127,13.73,0.78,12.19,15.27,16.61,0.59,15.45,17.77,19.49,0.84,17.86,21.13,0.86,0.37
126555,Lophius piscatorius,M,Stock,mon.27.78abd,NA,2015-2019,141,35.34,1.57,32.26,38.42,38.46,1.42,35.67,41.25,41.58,1.65,38.35,44.8,0.99,0.87
126555,Lophius piscatorius,F,Stock,mon.27.78abd,NA,2015-2019,138,24.59,4.6,15.57,33.6,39,3.03,33.07,44.93,53.42,3.46,46.64,60.21,0.85,0.33
126554,Lophius budegassa,M,Stock,ank.27.78abd,NA,2015-2019,255,25.47,0.8,23.91,27.03,28.87,0.65,27.6,30.15,32.28,0.77,30.76,33.79,0.94,0.59
126554,Lophius budegassa,F,Stock,ank.27.78abd,NA,2015-2019,237,31.01,1.65,27.78,34.25,38.56,1.32,35.96,41.15,46.1,1.6,42.97,49.23,0.92,0.52
126438,Merlangius merlangus,F,Stock,whg.27.89a,NA,2015-2019,140,23.91,1.56,20.84,26.97,31.17,1.5,28.22,34.12,38.44,2.4,33.72,43.15,0.82,0.28
126438,Merlangius merlangus,M,Stock,whg.27.89a,NA,2015-2019,120,17.65,1.01,15.67,19.63,21.01,0.76,19.52,22.49,24.36,0.97,22.45,26.27,0.91,0.48
127160,Solea solea,F,Stock,sol.27.8ab,NA,2020-2024,1213,22.78,0.29,22.22,23.34,25.52,0.21,25.11,25.93,28.26,0.24,27.79,28.73,0.91,0.51
127160,Solea solea,M,Stock,sol.27.8ab,NA,2020-2024,1073,18.68,0.36,17.98,19.38,21.25,0.25,20.76,21.74,23.82,0.23,23.38,24.26,0.9,0.5
126986,Mullus surmuletus,F,Stock,mur.27.67a-ce-k89a,NA,2020-2024,439,15.54,0.47,14.62,16.46,19.35,0.45,18.47,20.22,23.16,0.69,21.81,24.51,0.84,0.35
126986,Mullus surmuletus,M,Stock,mur.27.67a-ce-k89a,NA,2020-2024,298,14.34,0.43,13.49,15.19,16.93,0.36,16.22,17.64,19.53,0.5,18.54,20.51,0.88,0.43
126555,Lophius piscatorius,F,Stock,mon.27.78abd,NA,2020-2024,349,31.07,1.84,27.46,34.67,42.79,1.51,39.84,45.74,54.51,2.07,50.46,58.57,0.87,0.42
126555,Lophius piscatorius,M,Stock,mon.27.78abd,NA,2020-2024,364,33.3,1.05,31.24,35.37,38.32,0.92,36.51,40.13,43.34,1.09,41.21,45.47,0.97,0.72
126554,Lophius budegassa,M,Stock,ank.27.78abd,NA,2020-2024,618,25.16,0.55,24.08,26.24,28.9,0.43,28.05,29.75,32.64,0.51,31.63,33.65,0.93,0.57
126554,Lophius budegassa,F,Stock,ank.27.78abd,NA,2020-2024,631,37.14,0.9,35.38,38.9,45.02,0.89,43.28,46.75,52.9,1.23,50.48,55.32,0.9,0.48
126975,Dicentrarchus labrax,F,Stock,bss.27.8ab,NA,2020-2024,142,31.19,1.84,27.58,34.79,34.51,1.26,32.04,36.98,37.84,1,35.87,39.81,0.91,0.4
126975,Dicentrarchus labrax,M,Stock,bss.27.8ab,NA,2020-2024,140,32.19,0.92,30.38,34,34.31,0.66,33.01,35.61,36.43,0.67,35.13,37.74,0.94,0.48
127136,Glyptocephalus cynoglossus,M,Stock,wit.27.3a47d,NA,2005-2009,156,18.84,1.45,16,21.67,23.29,0.94,21.45,25.12,27.73,0.91,25.95,29.52,0.81,0.35
126484,Merluccius merluccius,M,Stock,hke.27.3a46-8abd,NA,2005-2009,619,32.16,0.76,30.68,33.65,38.77,0.72,37.35,40.19,45.38,0.99,43.43,47.33,0.91,0.49
127140,Microstomus kitt,F,Stock,lem.27.3a47d,NA,2005-2009,1571,8.96,1.16,6.68,11.24,13.69,0.78,12.16,15.22,18.42,0.46,17.51,19.33,0.78,0.15
127140,Microstomus kitt,M,Stock,lem.27.3a47d,NA,2005-2009,1219,10,1.08,7.88,12.11,13.49,0.72,12.07,14.9,16.98,0.42,16.15,17.8,0.8,0.12
127136,Glyptocephalus cynoglossus,F,Stock,wit.27.3a47d,NA,2005-2009,150,21.25,1.47,18.36,24.14,26.46,1.03,24.43,28.48,31.66,1.16,29.38,33.93,0.84,0.4
126484,Merluccius merluccius,F,Stock,hke.27.3a46-8abd,NA,2005-2009,857,47.74,1.09,45.6,49.87,59.86,1.16,57.58,62.13,71.98,1.78,68.49,75.47,0.84,0.31
127139,Limanda limanda,F,Stock,dab.27.3a4,NA,2005-2009,567,14.37,0.37,13.65,15.09,16.58,0.27,16.05,17.1,18.78,0.29,18.22,19.34,0.91,0.51
127139,Limanda limanda,M,Stock,dab.27.3a4,NA,2005-2009,141,14.6,0.51,13.61,15.6,16.54,0.43,15.7,17.38,18.47,0.57,17.36,19.58,0.91,0.51
127160,Solea solea,F,Stock,sol.27.4,NA,2005-2009,206,17.04,0.77,15.53,18.55,19.67,0.62,18.46,20.88,22.3,0.66,21.01,23.59,0.96,0.68
127160,Solea solea,M,Stock,sol.27.4,NA,2005-2009,134,18.64,0.69,17.29,19.99,20.19,0.58,19.06,21.33,21.75,0.64,20.49,23,0.99,0.79
127160,Solea solea,F,Stock,sol.27.4,NA,2010-2014,640,16.95,0.41,16.15,17.76,18.79,0.31,18.19,19.4,20.63,0.3,20.05,21.22,0.97,0.63
127160,Solea solea,M,Stock,sol.27.4,NA,2010-2014,427,13.76,0.46,12.85,14.67,15.45,0.35,14.77,16.13,17.14,0.31,16.53,17.75,0.94,0.66
127140,Microstomus kitt,F,Stock,lem.27.3a47d,NA,2010-2014,1733,7.23,1.55,4.19,10.27,11.52,1.11,9.35,13.69,15.81,0.7,14.43,17.18,0.79,0.09
127140,Microstomus kitt,M,Stock,lem.27.3a47d,NA,2010-2014,1409,7.11,1.5,4.16,10.06,10.25,1.1,8.1,12.4,13.4,0.72,11.99,14.81,0.81,0.1
127160,Solea solea,F,Stock,sol.27.4,NA,2015-2019,1393,17.4,0.28,16.85,17.96,19.31,0.21,18.89,19.72,21.22,0.21,20.81,21.63,0.96,0.6
127160,Solea solea,M,Stock,sol.27.4,NA,2015-2019,1051,13.8,0.37,13.07,14.53,16.05,0.26,15.55,16.56,18.31,0.21,17.9,18.72,0.89,0.41
127140,Microstomus kitt,F,Stock,lem.27.3a47d,NA,2015-2019,2798,10.87,0.53,9.83,11.9,14.13,0.36,13.42,14.84,17.39,0.24,16.93,17.86,0.84,0.22
127140,Microstomus kitt,M,Stock,lem.27.3a47d,NA,2015-2019,1962,10.26,0.5,9.29,11.24,12.62,0.35,11.93,13.31,14.98,0.24,14.5,15.45,0.88,0.31
127149,Scophthalmus maximus,F,Stock,tur.27.4,NA,2015-2019,301,22.52,0.69,21.17,23.88,25.23,0.53,24.19,26.27,27.94,0.54,26.88,28.99,0.94,0.6
127149,Scophthalmus maximus,M,Stock,tur.27.4,NA,2015-2019,365,15.05,0.94,13.21,16.9,17.26,0.65,15.98,18.53,19.46,0.49,18.5,20.42,0.93,0.32
126484,Merluccius merluccius,M,Stock,hke.27.3a46-8abd,NA,2020-2024,1683,28.89,0.34,28.23,29.54,32.98,0.28,32.43,33.54,37.08,0.37,36.36,37.81,0.94,0.59
126484,Merluccius merluccius,F,Stock,hke.27.3a46-8abd,NA,2020-2024,1806,33.75,0.68,32.42,35.08,43.91,0.61,42.71,45.11,54.08,0.86,52.4,55.76,0.9,0.47
127160,Solea solea,M,Stock,sol.27.4,NA,2020-2024,1419,11.63,0.64,10.37,12.88,15.2,0.41,14.4,15.99,18.77,0.26,18.27,19.27,0.77,0.19
127160,Solea solea,F,Stock,sol.27.4,NA,2020-2024,1883,14.7,0.49,13.74,15.65,18.13,0.33,17.48,18.79,21.57,0.25,21.07,22.06,0.88,0.36
127140,Microstomus kitt,F,Stock,lem.27.3a47d,NA,2020-2024,2739,12.64,0.29,12.06,13.22,15.82,0.19,15.44,16.2,18.99,0.17,18.67,19.32,0.85,0.34
127140,Microstomus kitt,M,Stock,lem.27.3a47d,NA,2020-2024,2068,11.42,0.35,10.73,12.11,13.74,0.23,13.29,14.19,16.06,0.16,15.74,16.38,0.87,0.28
127149,Scophthalmus maximus,M,Stock,tur.27.4,NA,2020-2024,530,17.51,0.49,16.56,18.46,19.25,0.34,18.59,19.91,21,0.29,20.42,21.57,0.93,0.44
127149,Scophthalmus maximus,F,Stock,tur.27.4,NA,2020-2024,396,18.35,0.8,16.78,19.92,21.4,0.57,20.28,22.53,24.46,0.58,23.32,25.6,0.94,0.49
127143,Pleuronectes platessa,M,Stock,ple.27.420,NA,2000-2004,2404,14.81,0.41,14,15.62,19.71,0.25,19.22,20.19,24.61,0.25,24.11,25.1,0.78,0.24
127143,Pleuronectes platessa,F,Stock,ple.27.420,NA,2000-2004,3068,19.02,0.3,18.43,19.6,23.66,0.19,23.28,24.04,28.29,0.23,27.85,28.74,0.82,0.31
127259,Chelidonichthys cuculus,F,Stock,gur.27.3-8,NA,2015-2019,565,15.54,0.7,14.16,16.92,18.48,0.49,17.51,19.45,21.42,0.43,20.58,22.26,0.93,0.41
127259,Chelidonichthys cuculus,M,Stock,gur.27.3-8,NA,2015-2019,255,16.2,0.98,14.29,18.12,19.88,0.61,18.68,21.08,23.56,0.6,22.39,24.73,0.82,0.28
126438,Merlangius merlangus,M,Stock,whg.27.7b-ce-k,NA,2015-2019,588,14.09,1.13,11.88,16.3,20.54,0.69,19.2,21.89,26.99,0.67,25.68,28.3,0.79,0.24
126438,Merlangius merlangus,F,Stock,whg.27.7b-ce-k,NA,2015-2019,890,18.16,0.89,16.42,19.91,24.6,0.58,23.46,25.74,31.03,0.56,29.94,32.12,0.83,0.32
126437,Melanogrammus aeglefinus,M,Stock,had.27.7b-k,NA,2015-2019,453,15.26,1.61,12.11,18.42,21.21,1.05,19.15,23.26,27.15,0.91,25.36,28.94,0.91,0.39
126437,Melanogrammus aeglefinus,F,Stock,had.27.7b-k,NA,2015-2019,677,21.47,0.9,19.71,23.22,25.99,0.69,24.63,27.35,30.51,0.74,29.06,31.96,0.96,0.61
126421,Sardina pilchardus,M,Stock,pil.27.8abd,NA,2015-2019,41,13.69,0.68,12.36,15.02,14.95,0.54,13.89,16,16.21,0.61,15.01,17.4,0.9,0.54
126421,Sardina pilchardus,F,Stock,pil.27.8abd,NA,2015-2019,59,14.23,0.76,12.74,15.73,15.4,0.56,14.3,16.49,16.56,0.48,15.62,17.5,0.91,0.6
126484,Merluccius merluccius,F,Stock,hke.27.8c9a,NA,2015-2019,7486,36.24,0.18,35.89,36.59,41.29,0.21,40.88,41.71,46.34,0.31,45.74,46.94,0.91,0.42
126484,Merluccius merluccius,M,Stock,hke.27.8c9a,NA,2015-2019,7532,21.61,0.11,21.4,21.82,24.52,0.08,24.36,24.68,27.43,0.11,27.22,27.64,0.88,0.41
126554,Lophius budegassa,M,Stock,ank.27.8c9a,NA,2015-2019,78,27.93,2.12,23.77,32.08,31.88,1.58,28.77,34.98,35.83,1.51,32.86,38.79,0.95,0.63
126438,Merlangius merlangus,M,Stock,whg.27.7b-ce-k,NA,2020-2024,1020,13.12,0.87,11.42,14.82,19.8,0.53,18.77,20.83,26.48,0.53,25.44,27.52,0.8,0.26
126438,Merlangius merlangus,F,Stock,whg.27.7b-ce-k,NA,2020-2024,1633,19.94,0.44,19.07,20.81,24.07,0.32,23.43,24.71,28.2,0.32,27.57,28.82,0.91,0.53
126438,Merlangius merlangus,F,Stock,whg.27.89a,NA,2020-2024,312,19.33,0.68,18.01,20.66,23.27,0.56,22.17,24.37,27.21,0.72,25.79,28.62,0.89,0.48
126438,Merlangius merlangus,M,Stock,whg.27.89a,NA,2020-2024,308,15.35,1.06,13.28,17.43,20.52,0.67,19.21,21.83,25.69,0.79,24.13,27.24,0.8,0.27
126437,Melanogrammus aeglefinus,M,Stock,had.27.7b-k,NA,2020-2024,748,16.82,0.92,15.01,18.64,21.35,0.62,20.13,22.56,25.87,0.54,24.81,26.93,0.91,0.41
126437,Melanogrammus aeglefinus,F,Stock,had.27.7b-k,NA,2020-2024,1041,12.19,2.04,8.19,16.19,23.51,1.3,20.95,26.06,34.83,0.94,33,36.66,0.8,0.25
127259,Chelidonichthys cuculus,M,Stock,gur.27.3-8,NA,2020-2024,321,21.32,0.57,20.21,22.43,24.74,0.43,23.9,25.59,28.17,0.62,26.95,29.38,0.84,0.34
127259,Chelidonichthys cuculus,F,Stock,gur.27.3-8,NA,2020-2024,792,18.28,0.63,17.05,19.51,22.29,0.42,21.46,23.12,26.3,0.39,25.53,27.06,0.86,0.37
127146,Lepidorhombus whiffiagonis,F,Stock,meg.27.7b-k8abd,NA,2020-2024,315,17.46,0.59,16.3,18.61,20.1,0.66,18.8,21.4,22.74,0.9,20.97,24.51,0.98,0.78
126975,Dicentrarchus labrax,F,Stock,bss.27.4bc7ad-h,NA,2020-2024,780,26.48,0.92,24.69,28.28,28.99,0.64,27.73,30.25,31.5,0.49,30.54,32.45,0.96,0.34
126484,Merluccius merluccius,M,Stock,hke.27.8c9a,NA,2020-2024,3397,20.71,0.18,20.37,21.06,23.78,0.12,23.54,24.02,26.84,0.16,26.52,27.17,0.86,0.37
126484,Merluccius merluccius,F,Stock,hke.27.8c9a,NA,2020-2024,3847,34.95,0.29,34.37,35.52,41.23,0.35,40.54,41.92,47.51,0.5,46.52,48.5,0.91,0.44
126554,Lophius budegassa,F,Stock,ank.27.8c9a,NA,2020-2024,108,43.39,1.36,40.72,46.05,47.35,1.52,44.37,50.33,51.32,2.14,47.13,55.52,0.95,0.65
126975,Dicentrarchus labrax,M,Stock,bss.27.4bc7ad-h,NA,2020-2024,805,25.32,0.98,23.4,27.25,29.29,0.67,27.97,30.6,33.26,0.49,32.29,34.22,0.88,0.31
126554,Lophius budegassa,M,Stock,ank.27.8c9a,NA,2020-2024,100,28.55,1.11,26.38,30.72,31.22,0.89,29.47,32.97,33.89,1.01,31.91,35.88,0.96,0.7
126555,Lophius piscatorius,F,Stock,mon.27.8c9a,NA,2020-2024,124,50.22,2.39,45.54,54.89,58.87,2.53,53.9,63.83,67.52,3.45,60.76,74.27,0.93,0.64
127146,Lepidorhombus whiffiagonis,M,Stock,meg.27.7b-k8abd,NA,2020-2024,98,17.34,0.42,16.51,18.17,18.28,0.47,17.35,19.2,19.21,0.63,17.99,20.44,0.98,0.8
126438,Merlangius merlangus,M,Stock,whg.27.47d,NA,2005-2009,10497,14.66,0.15,14.36,14.96,18.71,0.11,18.51,18.92,22.77,0.11,22.56,22.98,0.86,0.39
126438,Merlangius merlangus,F,Stock,whg.27.47d,NA,2005-2009,11110,17.35,0.12,17.11,17.59,20.45,0.09,20.27,20.63,23.54,0.1,23.36,23.73,0.93,0.54
127143,Pleuronectes platessa,F,Stock,ple.27.7d,NA,2005-2009,370,17.32,1.56,14.27,20.38,21.17,1.03,19.16,23.18,25.02,0.65,23.74,26.29,0.83,0.19
127143,Pleuronectes platessa,M,Stock,ple.27.7d,NA,2005-2009,199,12.75,2.73,7.4,18.09,18.16,1.59,15.04,21.27,23.57,0.91,21.79,25.35,0.73,0.1
127143,Pleuronectes platessa,M,Stock,ple.27.7d,NA,2010-2014,643,11.3,1.35,8.66,13.94,15.47,0.88,13.75,17.18,19.63,0.53,18.59,20.67,0.8,0.17
127143,Pleuronectes platessa,F,Stock,ple.27.7d,NA,2010-2014,1233,15.3,0.82,13.7,16.91,19.22,0.56,18.12,20.32,23.14,0.4,22.36,23.92,0.89,0.25
126438,Merlangius merlangus,F,Stock,whg.27.47d,NA,2010-2014,11378,17.46,0.11,17.24,17.68,19.94,0.09,19.77,20.11,22.42,0.09,22.23,22.6,0.96,0.66
126438,Merlangius merlangus,M,Stock,whg.27.47d,NA,2010-2014,9419,13.93,0.14,13.67,14.2,16.73,0.1,16.54,16.92,19.52,0.09,19.34,19.7,0.92,0.47
127259,Chelidonichthys cuculus,F,Stock,gur.27.3-8,NA,2010-2014,112,17.25,1.23,14.83,19.66,19.62,0.89,17.89,21.36,21.99,0.78,20.47,23.52,0.92,0.5
127259,Chelidonichthys cuculus,M,Stock,gur.27.3-8,NA,2010-2014,96,15.7,1.92,11.94,19.46,19.33,1.15,17.08,21.57,22.95,0.89,21.21,24.7,0.79,0.21
126438,Merlangius merlangus,F,Stock,whg.27.47d,NA,2015-2019,11914,16.59,0.12,16.36,16.83,19.37,0.09,19.18,19.55,22.14,0.1,21.95,22.32,0.95,0.59
126438,Merlangius merlangus,M,Stock,whg.27.47d,NA,2015-2019,9123,13.89,0.16,13.57,14.21,17.47,0.11,17.26,17.68,21.05,0.11,20.84,21.26,0.88,0.38
127143,Pleuronectes platessa,F,Stock,ple.27.7d,NA,2015-2019,1569,14.73,0.7,13.36,16.09,18.15,0.48,17.2,19.1,21.57,0.36,20.87,22.26,0.92,0.29
127143,Pleuronectes platessa,M,Stock,ple.27.7d,NA,2015-2019,771,12.44,0.98,10.51,14.37,16.41,0.61,15.21,17.62,20.38,0.39,19.63,21.14,0.78,0.18
126438,Merlangius merlangus,M,Stock,whg.27.47d,NA,2020-2024,7501,12.84,0.22,12.41,13.26,16.54,0.15,16.25,16.82,20.23,0.13,19.98,20.48,0.88,0.36
126438,Merlangius merlangus,F,Stock,whg.27.47d,NA,2020-2024,11389,14.65,0.21,14.24,15.07,19.13,0.15,18.84,19.42,23.6,0.13,23.35,23.86,0.88,0.42
127143,Pleuronectes platessa,F,Stock,ple.27.7d,NA,2020-2024,1222,16.75,0.48,15.8,17.7,20.02,0.32,19.39,20.65,23.29,0.27,22.75,23.83,0.88,0.35
126438,Merlangius merlangus,M,Stock,whg.27.7a,NA,2005-2009,1672,11.21,0.64,9.95,12.48,17.81,0.33,17.18,18.45,24.42,0.51,23.41,25.42,0.71,0.13
126438,Merlangius merlangus,F,Stock,whg.27.7a,NA,2005-2009,2522,17.57,0.34,16.9,18.24,22.96,0.23,22.51,23.41,28.35,0.32,27.73,28.97,0.79,0.27
126436,Gadus morhua,M,Stock,cod.27.7a,NA,2005-2009,188,28.55,1.37,25.86,31.24,31.27,1.2,28.92,33.62,33.99,1.24,31.56,36.43,0.99,0.88
126436,Gadus morhua,F,Stock,cod.27.7a,NA,2005-2009,145,31.5,1.95,27.68,35.32,36.5,1.46,33.63,39.37,41.51,1.46,38.65,44.36,0.95,0.69
126437,Melanogrammus aeglefinus,M,Stock,had.27.7a,NA,2005-2009,704,15.67,0.4,14.88,16.45,18.3,0.3,17.72,18.89,20.93,0.35,20.25,21.61,0.93,0.51
126437,Melanogrammus aeglefinus,F,Stock,had.27.7a,NA,2005-2009,872,21.44,0.29,20.87,22.02,22.97,0.24,22.5,23.43,24.49,0.25,23.99,24.98,0.98,0.78
126438,Merlangius merlangus,F,Stock,whg.27.7a,NA,2010-2014,6813,20.61,0.21,20.2,21.02,26.95,0.17,26.61,27.29,33.29,0.28,32.74,33.85,0.78,0.23
126438,Merlangius merlangus,M,Stock,whg.27.7a,NA,2010-2014,5165,16.21,0.29,15.65,16.77,24.14,0.28,23.6,24.68,32.07,0.56,30.98,33.16,0.71,0.11
126436,Gadus morhua,F,Stock,cod.27.7a,NA,2010-2014,536,35.79,0.98,33.86,37.72,42.84,0.94,40.99,44.68,49.88,1.23,47.47,52.29,0.94,0.59
126436,Gadus morhua,M,Stock,cod.27.7a,NA,2010-2014,1015,31.55,0.59,30.39,32.72,34.76,0.49,33.8,35.72,37.97,0.49,37.02,38.93,0.98,0.83
126437,Melanogrammus aeglefinus,F,Stock,had.27.7a,NA,2010-2014,2085,22.22,0.24,21.76,22.69,25.09,0.19,24.71,25.46,27.95,0.22,27.52,28.38,0.95,0.65
126437,Melanogrammus aeglefinus,M,Stock,had.27.7a,NA,2010-2014,1662,16.61,0.3,16.02,17.21,20.59,0.23,20.14,21.05,24.58,0.32,23.96,25.2,0.88,0.41
127143,Pleuronectes platessa,F,Stock,ple.27.7a,NA,2010-2014,1579,18.93,0.24,18.46,19.4,21.18,0.18,20.83,21.54,23.43,0.2,23.05,23.82,0.94,0.6
127143,Pleuronectes platessa,M,Stock,ple.27.7a,NA,2010-2014,1056,14.4,0.4,13.61,15.19,17.73,0.27,17.2,18.25,21.05,0.27,20.52,21.59,0.85,0.35
126438,Merlangius merlangus,F,Stock,whg.27.7a,NA,2015-2019,6164,22.41,0.22,21.99,22.84,28.97,0.2,28.59,29.35,35.53,0.32,34.9,36.16,0.79,0.23
126438,Merlangius merlangus,M,Stock,whg.27.7a,NA,2015-2019,4837,18.31,0.25,17.82,18.8,25.62,0.29,25.05,26.18,32.93,0.54,31.87,33.98,0.74,0.14
126436,Gadus morhua,M,Stock,cod.27.7a,NA,2015-2019,916,27.4,0.71,26.01,28.79,31.39,0.56,30.3,32.48,35.38,0.53,34.34,36.42,0.96,0.73
126436,Gadus morhua,F,Stock,cod.27.7a,NA,2015-2019,568,25.31,1.32,22.73,27.89,35.46,1.04,33.42,37.5,45.6,1.33,42.99,48.21,0.88,0.43
126437,Melanogrammus aeglefinus,M,Stock,had.27.7a,NA,2015-2019,2145,18.86,0.19,18.48,19.24,20.95,0.16,20.63,21.27,23.04,0.2,22.65,23.43,0.97,0.7
126437,Melanogrammus aeglefinus,F,Stock,had.27.7a,NA,2015-2019,2611,20.78,0.25,20.28,21.27,23.21,0.2,22.83,23.6,25.65,0.21,25.25,26.06,0.97,0.7
127143,Pleuronectes platessa,M,Stock,ple.27.7a,NA,2015-2019,679,12.09,1.01,10.1,14.07,18.08,0.55,17.01,19.15,24.07,0.59,22.92,25.23,0.73,0.16
127143,Pleuronectes platessa,F,Stock,ple.27.7a,NA,2015-2019,924,19.48,0.37,18.75,20.2,22.26,0.27,21.73,22.79,25.05,0.29,24.49,25.61,0.92,0.53
126438,Merlangius merlangus,M,Stock,whg.27.7a,NA,2020-2024,3673,15.34,0.33,14.69,15.99,22.31,0.25,21.83,22.8,29.29,0.48,28.35,30.22,0.73,0.14
126438,Merlangius merlangus,F,Stock,whg.27.7a,NA,2020-2024,5167,19.09,0.24,18.63,19.55,24.64,0.17,24.32,24.97,30.2,0.23,29.74,30.66,0.8,0.28
126436,Gadus morhua,F,Stock,cod.27.7a,NA,2020-2024,235,35.06,1.13,32.85,37.28,39.58,1.03,37.55,41.6,44.09,1.24,41.67,46.51,0.96,0.69
126436,Gadus morhua,M,Stock,cod.27.7a,NA,2020-2024,368,26.08,0.79,24.53,27.63,30.09,0.7,28.71,31.47,34.1,0.84,32.45,35.75,0.96,0.69
126437,Melanogrammus aeglefinus,F,Stock,had.27.7a,NA,2020-2024,2250,19.22,0.3,18.62,19.81,22.12,0.23,21.67,22.56,25.01,0.23,24.57,25.45,0.94,0.6
126437,Melanogrammus aeglefinus,M,Stock,had.27.7a,NA,2020-2024,1862,16.91,0.24,16.44,17.39,19.19,0.19,18.82,19.56,21.47,0.21,21.05,21.89,0.96,0.6
126438,Merlangius merlangus,F,Stock,whg.27.47d,NA,2000-2004,16374,19.01,0.11,18.79,19.22,22.82,0.08,22.66,22.97,26.62,0.08,26.46,26.79,0.88,0.43
126438,Merlangius merlangus,M,Stock,whg.27.47d,NA,2000-2004,14508,16.35,0.13,16.1,16.6,20.75,0.08,20.58,20.91,25.15,0.1,24.95,25.34,0.82,0.31
126444,Trisopterus esmarkii,F,Stock,nop.27.3a4,NA,2000-2004,1899,12.07,0.09,11.9,12.25,13.18,0.07,13.04,13.32,14.29,0.09,14.11,14.46,0.93,0.57
126444,Trisopterus esmarkii,M,Stock,nop.27.3a4,NA,2000-2004,1285,9.62,0.18,9.26,9.97,11.18,0.11,10.96,11.4,12.75,0.12,12.52,12.98,0.83,0.29
126437,Melanogrammus aeglefinus,M,Stock,had.27.46a20,NA,2000-2004,11709,18.75,0.09,18.57,18.93,21.26,0.07,21.12,21.4,23.76,0.08,23.61,23.92,0.94,0.59
126437,Melanogrammus aeglefinus,F,Stock,had.27.46a20,NA,2000-2004,13594,21.81,0.09,21.64,21.99,24.21,0.07,24.07,24.35,26.6,0.08,26.45,26.75,0.96,0.67
126425,Sprattus sprattus,M,Stock,spr.27.3a4,NA,2000-2004,2163,6.47,0.21,6.06,6.88,8.08,0.13,7.82,8.33,9.68,0.09,9.51,9.85,0.79,0.18
126425,Sprattus sprattus,F,Stock,spr.27.3a4,NA,2000-2004,2477,7.27,0.16,6.97,7.58,8.66,0.1,8.46,8.86,10.06,0.08,9.91,10.21,0.83,0.26
126417,Clupea harengus,F,Stock,her.27.1-24a514a,NA,2000-2004,5245,20.24,0.11,20.04,20.45,21.9,0.08,21.75,22.06,23.56,0.07,23.42,23.71,0.94,0.56
126417,Clupea harengus,M,Stock,her.27.1-24a514a,NA,2000-2004,4937,20.23,0.1,20.03,20.43,21.8,0.07,21.65,21.94,23.36,0.07,23.22,23.5,0.94,0.57
126417,Clupea harengus,M,Stock,her.27.3a47d,NA,2000-2004,6411,19.78,0.08,19.62,19.94,21.85,0.07,21.72,21.99,23.92,0.09,23.74,24.09,0.91,0.51
126417,Clupea harengus,F,Stock,her.27.3a47d,NA,2000-2004,6800,19.76,0.08,19.6,19.92,22.05,0.07,21.91,22.19,24.34,0.1,24.15,24.53,0.89,0.47
127023,Scomber scombrus,F,Stock,mac.27.nea,NA,2000-2004,866,23.51,0.34,22.85,24.16,25.4,0.23,24.94,25.86,27.3,0.2,26.9,27.7,0.92,0.46
127023,Scomber scombrus,M,Stock,mac.27.nea,NA,2000-2004,844,23.26,0.42,22.44,24.08,25.73,0.28,25.19,26.27,28.2,0.23,27.74,28.66,0.87,0.36
126441,Pollachius virens,M,Stock,pok.27.3a46,NA,2000-2004,1461,38.56,0.47,37.64,39.48,43.4,0.32,42.76,44.03,48.23,0.39,47.46,49.01,0.88,0.4
126441,Pollachius virens,F,Stock,pok.27.3a46,NA,2000-2004,1295,40.46,0.46,39.56,41.37,45.21,0.33,44.56,45.85,49.95,0.42,49.12,50.78,0.88,0.42
126444,Trisopterus esmarkii,M,Stock,nop.27.3a4,NA,2005-2009,1682,8.4,0.23,7.94,8.85,10.2,0.14,9.93,10.48,12.01,0.11,11.79,12.23,0.82,0.23
126444,Trisopterus esmarkii,F,Stock,nop.27.3a4,NA,2005-2009,2343,11.33,0.1,11.14,11.52,12.55,0.07,12.41,12.7,13.78,0.09,13.61,13.95,0.92,0.52
126437,Melanogrammus aeglefinus,F,Stock,had.27.46a20,NA,2005-2009,11351,21.44,0.12,21.21,21.67,24.03,0.09,23.85,24.21,26.63,0.09,26.45,26.81,0.95,0.66
126437,Melanogrammus aeglefinus,M,Stock,had.27.46a20,NA,2005-2009,10179,18.27,0.12,18.04,18.5,20.9,0.09,20.72,21.07,23.53,0.09,23.34,23.71,0.94,0.59
126425,Sprattus sprattus,F,Stock,spr.27.3a4,NA,2005-2009,3390,7.77,0.09,7.59,7.95,9.03,0.06,8.91,9.15,10.29,0.06,10.18,10.41,0.87,0.37
126425,Sprattus sprattus,M,Stock,spr.27.3a4,NA,2005-2009,2654,7.09,0.12,6.86,7.32,8.31,0.08,8.16,8.46,9.53,0.06,9.41,9.66,0.85,0.3
126417,Clupea harengus,F,Stock,her.27.1-24a514a,NA,2005-2009,4461,21.67,0.1,21.48,21.86,22.71,0.07,22.56,22.85,23.74,0.07,23.61,23.88,0.97,0.67
126417,Clupea harengus,M,Stock,her.27.1-24a514a,NA,2005-2009,4290,21.71,0.1,21.52,21.91,22.75,0.07,22.61,22.9,23.79,0.07,23.66,23.92,0.96,0.66
126417,Clupea harengus,M,Stock,her.27.3a47d,NA,2005-2009,4299,20,0.1,19.8,20.2,21.98,0.09,21.81,22.15,23.95,0.11,23.75,24.16,0.93,0.6
126417,Clupea harengus,F,Stock,her.27.3a47d,NA,2005-2009,4542,19.83,0.1,19.64,20.03,21.79,0.08,21.63,21.96,23.75,0.1,23.55,23.95,0.93,0.6
127023,Scomber scombrus,M,Stock,mac.27.nea,NA,2005-2009,4478,24.37,0.11,24.15,24.59,26.34,0.08,26.18,26.5,28.31,0.09,28.13,28.5,0.92,0.55
127023,Scomber scombrus,F,Stock,mac.27.nea,NA,2005-2009,4523,23.87,0.1,23.66,24.07,25.63,0.08,25.47,25.79,27.39,0.09,27.22,27.56,0.94,0.59
126441,Pollachius virens,F,Stock,pok.27.3a46,NA,2005-2009,1318,38.8,0.61,37.6,40,44.24,0.4,43.45,45.02,49.67,0.43,48.82,50.51,0.87,0.36
126441,Pollachius virens,M,Stock,pok.27.3a46,NA,2005-2009,1620,38.74,0.54,37.68,39.8,43.89,0.36,43.19,44.6,49.04,0.37,48.31,49.78,0.89,0.41
126822,Trachurus trachurus,M,Stock,hom.27.2a3a4a5b6a7a-ce-k8,NA,2005-2009,284,21.1,0.46,20.19,22,22.9,0.37,22.18,23.62,24.7,0.4,23.92,25.48,0.96,0.65
126444,Trisopterus esmarkii,M,Stock,nop.27.3a4,NA,2010-2014,2072,8.24,0.24,7.77,8.72,10.36,0.14,10.08,10.64,12.48,0.12,12.25,12.71,0.8,0.22
126444,Trisopterus esmarkii,F,Stock,nop.27.3a4,NA,2010-2014,2889,10.89,0.11,10.67,11.11,12.44,0.08,12.28,12.61,14,0.09,13.82,14.18,0.91,0.46
126425,Sprattus sprattus,F,Stock,spr.27.3a4,NA,2010-2014,5241,5.54,0.22,5.11,5.97,8.2,0.13,7.95,8.45,10.86,0.08,10.69,11.03,0.72,0.16
126425,Sprattus sprattus,M,Stock,spr.27.3a4,NA,2010-2014,4055,5.8,0.2,5.41,6.19,7.79,0.12,7.55,8.03,9.78,0.08,9.63,9.93,0.76,0.17
126417,Clupea harengus,F,Stock,her.27.3a47d,NA,2010-2014,5755,19.63,0.08,19.47,19.79,21.45,0.07,21.32,21.59,23.27,0.08,23.1,23.44,0.93,0.6
126417,Clupea harengus,M,Stock,her.27.3a47d,NA,2010-2014,5353,20.22,0.08,20.06,20.38,21.92,0.07,21.79,22.06,23.63,0.08,23.47,23.8,0.94,0.63
126417,Clupea harengus,M,Stock,her.27.1-24a514a,NA,2010-2014,5547,21.68,0.09,21.51,21.85,22.87,0.07,22.74,22.99,24.05,0.06,23.93,24.17,0.96,0.67
126417,Clupea harengus,F,Stock,her.27.1-24a514a,NA,2010-2014,5352,21.33,0.1,21.14,21.52,22.66,0.07,22.53,22.8,24,0.07,23.86,24.13,0.96,0.63
150637,Eutrigla gurnardus,M,Stock,gug.27.3a47d,NA,2010-2014,598,13.16,0.88,11.44,14.88,16,0.59,14.84,17.16,18.84,0.4,18.05,19.64,0.85,0.28
150637,Eutrigla gurnardus,F,Stock,gug.27.3a47d,NA,2010-2014,775,16.12,0.56,15.01,17.22,17.55,0.4,16.78,18.33,18.99,0.31,18.39,19.59,0.96,0.39
127023,Scomber scombrus,M,Stock,mac.27.nea,NA,2010-2014,3206,24.24,0.13,23.97,24.5,26.31,0.1,26.1,26.51,28.38,0.12,28.15,28.62,0.93,0.58
127023,Scomber scombrus,F,Stock,mac.27.nea,NA,2010-2014,3184,23.34,0.14,23.07,23.62,25.54,0.11,25.33,25.75,27.73,0.12,27.49,27.98,0.92,0.53
126439,Micromesistius poutassou,M,Stock,whb.27.1-91214,NA,2010-2014,1322,18.42,0.11,18.2,18.64,19.59,0.1,19.4,19.78,20.77,0.12,20.54,20.99,0.94,0.63
126439,Micromesistius poutassou,F,Stock,whb.27.1-91214,NA,2010-2014,1573,18.41,0.12,18.17,18.64,19.74,0.1,19.54,19.94,21.07,0.12,20.84,21.31,0.94,0.63
126444,Trisopterus esmarkii,M,Stock,nop.27.3a4,NA,2015-2019,2315,9.69,0.12,9.46,9.92,11.26,0.08,11.1,11.42,12.82,0.09,12.64,13.01,0.86,0.37
126444,Trisopterus esmarkii,F,Stock,nop.27.3a4,NA,2015-2019,3604,11.69,0.07,11.56,11.82,12.7,0.06,12.59,12.81,13.71,0.07,13.58,13.83,0.95,0.65
126425,Sprattus sprattus,M,Stock,spr.27.3a4,NA,2015-2019,4764,7.02,0.12,6.79,7.26,8.9,0.07,8.77,9.03,10.78,0.07,10.64,10.91,0.75,0.19
126425,Sprattus sprattus,F,Stock,spr.27.3a4,NA,2015-2019,6364,7.23,0.13,6.98,7.48,9.65,0.07,9.52,9.79,12.07,0.08,11.91,12.23,0.73,0.17
126417,Clupea harengus,F,Stock,her.27.3a47d,NA,2015-2019,5525,19.63,0.08,19.48,19.78,21.35,0.07,21.23,21.48,23.08,0.08,22.92,23.24,0.93,0.59
126417,Clupea harengus,M,Stock,her.27.3a47d,NA,2015-2019,4886,20.05,0.08,19.89,20.2,21.55,0.07,21.42,21.68,23.05,0.08,22.9,23.2,0.95,0.65
126417,Clupea harengus,F,Stock,her.27.1-24a514a,NA,2015-2019,5231,21.36,0.09,21.18,21.55,22.66,0.07,22.52,22.8,23.96,0.07,23.83,24.09,0.96,0.64
126417,Clupea harengus,M,Stock,her.27.1-24a514a,NA,2015-2019,5122,21.55,0.09,21.37,21.73,22.82,0.07,22.69,22.95,24.08,0.06,23.96,24.21,0.95,0.62
126439,Micromesistius poutassou,M,Stock,whb.27.1-91214,NA,2015-2019,1135,17.88,0.15,17.58,18.17,19.86,0.14,19.58,20.14,21.84,0.22,21.41,22.27,0.83,0.31
126439,Micromesistius poutassou,F,Stock,whb.27.1-91214,NA,2015-2019,1251,17.25,0.15,16.95,17.55,19.12,0.12,18.88,19.35,20.98,0.17,20.65,21.31,0.84,0.35
150637,Eutrigla gurnardus,F,Stock,gug.27.3a47d,NA,2015-2019,1228,12.76,0.55,11.69,13.83,15.16,0.38,14.42,15.9,17.56,0.28,17.01,18.11,0.91,0.34
150637,Eutrigla gurnardus,M,Stock,gug.27.3a47d,NA,2015-2019,912,12.26,0.62,11.05,13.47,14.82,0.41,14,15.63,17.37,0.29,16.8,17.93,0.87,0.25
126437,Melanogrammus aeglefinus,F,Stock,had.27.46a20,NA,2020-2024,14129,21.27,0.13,21.01,21.53,24.54,0.1,24.35,24.74,27.82,0.09,27.64,28,0.93,0.56
126437,Melanogrammus aeglefinus,M,Stock,had.27.46a20,NA,2020-2024,10515,18.26,0.13,17.99,18.52,21.49,0.1,21.29,21.68,24.72,0.1,24.51,24.92,0.93,0.53
150637,Eutrigla gurnardus,M,Stock,gug.27.3a47d,NA,2020-2024,647,9.81,1.12,7.61,12.01,14.19,0.68,12.86,15.52,18.57,0.44,17.71,19.42,0.77,0.19
150637,Eutrigla gurnardus,F,Stock,gug.27.3a47d,NA,2020-2024,785,13.58,0.52,12.56,14.61,15.55,0.37,14.82,16.27,17.51,0.29,16.94,18.08,0.92,0.45
126439,Micromesistius poutassou,F,Stock,whb.27.1-91214,NA,2020-2024,993,21.01,0.3,20.42,21.6,23.64,0.19,23.26,24.02,26.26,0.23,25.81,26.71,0.83,0.31
126425,Sprattus sprattus,F,Stock,spr.27.3a4,NA,2020-2024,6407,7.64,0.09,7.46,7.81,9.49,0.05,9.38,9.59,11.34,0.06,11.22,11.45,0.78,0.24
126425,Sprattus sprattus,M,Stock,spr.27.3a4,NA,2020-2024,4742,7.03,0.11,6.83,7.24,8.69,0.06,8.56,8.81,10.34,0.06,10.22,10.45,0.78,0.21
126417,Clupea harengus,F,Stock,her.27.1-24a514a,NA,2020-2024,4744,21.61,0.09,21.43,21.79,22.82,0.07,22.68,22.95,24.03,0.07,23.89,24.16,0.96,0.64
126417,Clupea harengus,M,Stock,her.27.1-24a514a,NA,2020-2024,4635,21.61,0.1,21.41,21.8,22.97,0.07,22.82,23.11,24.32,0.07,24.19,24.46,0.95,0.62
126417,Clupea harengus,M,Stock,her.27.3a47d,NA,2020-2024,5813,18.89,0.09,18.72,19.07,21,0.07,20.86,21.14,23.1,0.09,22.92,23.28,0.91,0.51
126417,Clupea harengus,F,Stock,her.27.3a47d,NA,2020-2024,5581,18.92,0.09,18.75,19.1,21.08,0.07,20.93,21.22,23.23,0.1,23.04,23.42,0.9,0.51
126417,Clupea harengus,F,Stock,her.27.20-24,NA,2020-2024,5834,21.56,0.08,21.41,21.72,23.23,0.08,23.07,23.39,24.9,0.11,24.69,25.12,0.95,0.58
126417,Clupea harengus,M,Stock,her.27.20-24,NA,2020-2024,4343,21.3,0.08,21.14,21.45,22.86,0.08,22.7,23.01,24.41,0.11,24.2,24.62,0.94,0.58
126439,Micromesistius poutassou,M,Stock,whb.27.1-91214,NA,2020-2024,660,17.48,0.34,16.81,18.14,19.05,0.24,18.59,19.52,20.63,0.19,20.26,21,0.91,0.47
126986,Mullus surmuletus,F,Stock,mur.27.3a47d,NA,2020-2024,108,11.95,0.65,10.67,13.23,13.68,0.41,12.87,14.48,15.41,0.47,14.49,16.32,0.83,0.31
126986,Mullus surmuletus,M,Stock,mur.27.3a47d,NA,2020-2024,92,12.05,0.61,10.87,13.24,13.46,0.42,12.64,14.28,14.87,0.45,13.99,15.74,0.89,0.4
126822,Trachurus trachurus,M,Stock,hom.27.9a,NA,2000-2004,434,18.4,0.23,17.96,18.85,19.21,0.18,18.86,19.56,20.02,0.19,19.65,20.38,0.98,0.73
126822,Trachurus trachurus,F,Stock,hom.27.9a,NA,2000-2004,433,18.77,0.22,18.33,19.2,19.67,0.17,19.33,20.01,20.57,0.19,20.21,20.94,0.97,0.66
126484,Merluccius merluccius,M,Stock,hke.27.8c9a,NA,2000-2004,2765,26.15,0.23,25.7,26.61,30.68,0.21,30.27,31.08,35.2,0.31,34.6,35.8,0.85,0.34
126484,Merluccius merluccius,F,Stock,hke.27.8c9a,NA,2000-2004,2700,37.46,0.37,36.74,38.18,43.38,0.51,42.37,44.38,49.29,0.75,47.83,50.76,0.86,0.3
126439,Micromesistius poutassou,M,Stock,whb.27.1-91214,NA,2000-2004,330,17.41,0.17,17.08,17.75,18.16,0.14,17.88,18.43,18.9,0.17,18.57,19.23,0.96,0.69
126439,Micromesistius poutassou,F,Stock,whb.27.1-91214,NA,2000-2004,384,17.63,0.15,17.35,17.92,18.14,0.12,17.9,18.38,18.65,0.14,18.37,18.93,0.99,0.79
126822,Trachurus trachurus,M,Stock,hom.27.9a,NA,2005-2009,1265,18.09,0.16,17.77,18.41,19.63,0.12,19.39,19.87,21.18,0.15,20.89,21.46,0.92,0.5
126822,Trachurus trachurus,F,Stock,hom.27.9a,NA,2005-2009,1329,17.79,0.2,17.39,18.18,19.78,0.14,19.51,20.06,21.78,0.16,21.46,22.1,0.88,0.42
126484,Merluccius merluccius,M,Stock,hke.27.8c9a,NA,2005-2009,8154,21.97,0.16,21.67,22.28,26.6,0.11,26.38,26.82,31.22,0.16,30.91,31.53,0.82,0.31
126484,Merluccius merluccius,F,Stock,hke.27.8c9a,NA,2005-2009,7906,39.45,0.16,39.14,39.77,43.31,0.19,42.95,43.67,47.17,0.26,46.66,47.67,0.95,0.51
126439,Micromesistius poutassou,M,Stock,whb.27.1-91214,NA,2005-2009,1299,19.82,0.13,19.56,20.07,21.14,0.11,20.92,21.35,22.46,0.13,22.2,22.72,0.95,0.64
126439,Micromesistius poutassou,F,Stock,whb.27.1-91214,NA,2005-2009,1399,20.08,0.18,19.72,20.43,22.33,0.15,22.04,22.62,24.58,0.2,24.2,24.97,0.89,0.45
126822,Trachurus trachurus,F,Stock,hom.27.9a,NA,2010-2014,1459,19.11,0.15,18.82,19.4,20.4,0.11,20.18,20.61,21.68,0.12,21.44,21.92,0.95,0.61
126822,Trachurus trachurus,M,Stock,hom.27.9a,NA,2010-2014,1432,19,0.15,18.7,19.3,20.51,0.12,20.28,20.74,22.01,0.14,21.75,22.28,0.94,0.57
126484,Merluccius merluccius,M,Stock,hke.27.8c9a,NA,2010-2014,7165,20.87,0.14,20.59,21.14,24.29,0.1,24.1,24.49,27.72,0.12,27.48,27.96,0.86,0.37
126484,Merluccius merluccius,F,Stock,hke.27.8c9a,NA,2010-2014,6902,39.17,0.21,38.75,39.59,44.82,0.26,44.31,45.33,50.46,0.37,49.73,51.2,0.91,0.39
126822,Trachurus trachurus,M,Stock,hom.27.9a,NA,2015-2019,777,17.67,0.19,17.3,18.03,19.22,0.17,18.88,19.56,20.77,0.22,20.33,21.21,0.94,0.64
126822,Trachurus trachurus,F,Stock,hom.27.9a,NA,2015-2019,938,16.9,0.2,16.52,17.28,18.75,0.17,18.42,19.09,20.61,0.23,20.16,21.05,0.92,0.55
126822,Trachurus trachurus,M,Stock,hom.27.9a,NA,2020-2024,735,16.58,0.19,16.21,16.95,17.61,0.16,17.3,17.93,18.65,0.18,18.29,19.01,0.99,0.84
126822,Trachurus trachurus,F,Stock,hom.27.9a,NA,2020-2024,701,17.19,0.18,16.84,17.53,18.09,0.15,17.8,18.38,18.99,0.17,18.66,19.32,0.99,0.82
126438,Merlangius merlangus,M,Stock,whg.27.6a,NA,2010-2014,2026,15.19,0.23,14.74,15.65,17.29,0.17,16.95,17.63,19.39,0.18,19.04,19.74,0.95,0.56
126438,Merlangius merlangus,F,Stock,whg.27.6a,NA,2010-2014,2254,20.13,0.19,19.76,20.5,21.93,0.15,21.62,22.23,23.72,0.18,23.37,24.08,0.98,0.74
126444,Trisopterus esmarkii,M,Stock,nop.27.6a,NA,2010-2014,753,8.88,0.3,8.29,9.46,10.61,0.19,10.25,10.97,12.34,0.17,12.01,12.67,0.84,0.27
126444,Trisopterus esmarkii,F,Stock,nop.27.6a,NA,2010-2014,764,10.2,0.26,9.69,10.7,11.71,0.17,11.38,12.05,13.23,0.17,12.9,13.56,0.89,0.37
126438,Merlangius merlangus,M,Stock,whg.27.6a,NA,2015-2019,2357,15.21,0.23,14.76,15.66,17.18,0.17,16.85,17.5,19.14,0.16,18.83,19.45,0.95,0.53
126438,Merlangius merlangus,F,Stock,whg.27.6a,NA,2015-2019,2546,20.24,0.18,19.89,20.6,22.09,0.15,21.8,22.37,23.93,0.17,23.61,24.25,0.98,0.72
126444,Trisopterus esmarkii,F,Stock,nop.27.6a,NA,2015-2019,847,10.45,0.18,10.1,10.8,11.65,0.12,11.4,11.89,12.85,0.13,12.59,13.11,0.91,0.44
126444,Trisopterus esmarkii,M,Stock,nop.27.6a,NA,2015-2019,754,8.05,0.36,7.34,8.77,9.77,0.23,9.32,10.21,11.48,0.17,11.15,11.81,0.83,0.23
126438,Merlangius merlangus,F,Stock,whg.27.6a,NA,2020-2024,2221,19.03,0.2,18.64,19.42,20.76,0.15,20.46,21.06,22.49,0.17,22.16,22.81,0.98,0.69
126438,Merlangius merlangus,M,Stock,whg.27.6a,NA,2020-2024,2032,15.52,0.24,15.04,16,17.72,0.18,17.38,18.07,19.93,0.17,19.59,20.27,0.94,0.5
126444,Trisopterus esmarkii,M,Stock,nop.27.6a,NA,2020-2024,743,9.35,0.21,8.94,9.76,10.56,0.14,10.29,10.82,11.76,0.13,11.51,12.02,0.87,0.33
126444,Trisopterus esmarkii,F,Stock,nop.27.6a,NA,2020-2024,777,9.85,0.21,9.43,10.26,11,0.14,10.72,11.28,12.16,0.13,11.9,12.42,0.91,0.39
126554,Lophius budegassa,F,Stock,ank.27.8c9a,NA,2005-2009,167,48.73,2.38,44.07,53.39,60.68,3.14,54.52,66.83,72.62,4.9,63.01,82.23,0.84,0.29
126554,Lophius budegassa,M,Stock,ank.27.8c9a,NA,2005-2009,111,15.18,4.43,6.49,23.87,23.79,2.64,18.62,28.95,32.39,1.95,28.57,36.21,0.9,0.24
127145,Lepidorhombus boscii,F,Stock,ldb.27.8c9a,NA,2000-2004,540,19.3,0.25,18.81,19.79,19.95,0.2,19.56,20.33,20.59,0.19,20.21,20.97,1,0.91
126822,Trachurus trachurus,F,Stock,hom.27.2a3a4a5b6a7a-ce-k8,NA,2005-2009,234,22.05,0.53,21.01,23.09,24.02,0.42,23.19,24.84,25.98,0.45,25.1,26.86,0.94,0.64
126555,Lophius piscatorius,M,Stock,mon.27.8c9a,NA,2005-2009,449,42.69,0.83,41.07,44.32,46.41,0.81,44.83,47.99,50.13,1.01,48.15,52.11,0.98,0.78
126555,Lophius piscatorius,F,Stock,mon.27.8c9a,NA,2005-2009,395,61.72,2.4,57.02,66.43,73.27,2.68,68.03,78.52,84.82,3.49,77.99,91.66,0.96,0.51
126554,Lophius budegassa,F,Stock,ank.27.78abd,NA,2005-2009,66,49.56,2.41,44.83,54.29,54.92,1.83,51.34,58.51,60.28,2.14,56.09,64.48,0.92,0.54
127145,Lepidorhombus boscii,F,Stock,ldb.27.8c9a,NA,2005-2009,762,18.17,0.22,17.74,18.6,19.02,0.17,18.67,19.36,19.86,0.19,19.49,20.23,0.99,0.83
127145,Lepidorhombus boscii,M,Stock,ldb.27.8c9a,NA,2005-2009,262,18.13,0.12,17.9,18.37,18.41,0.11,18.18,18.63,18.68,0.13,18.42,18.94,1,0.94
126554,Lophius budegassa,M,Stock,ank.27.78abd,NA,2005-2009,74,36.99,0.9,35.22,38.76,38.7,0.72,37.29,40.1,40.41,0.84,38.76,42.06,0.97,0.7
126822,Trachurus trachurus,F,Stock,hom.27.2a3a4a5b6a7a-ce-k8,NA,2010-2014,561,17.91,0.46,17.01,18.82,20.23,0.36,19.53,20.93,22.55,0.4,21.78,23.33,0.96,0.57
126822,Trachurus trachurus,M,Stock,hom.27.2a3a4a5b6a7a-ce-k8,NA,2010-2014,545,17.27,0.62,16.06,18.49,19.36,0.46,18.46,20.26,21.44,0.47,20.53,22.35,0.97,0.55
126555,Lophius piscatorius,M,Stock,mon.27.8c9a,NA,2010-2014,132,41.3,1.2,38.95,43.65,45.31,1.02,43.32,47.3,49.32,1.32,46.74,51.9,0.94,0.6
126555,Lophius piscatorius,F,Stock,mon.27.8c9a,NA,2010-2014,171,50.31,1.41,47.53,53.08,53.88,1.46,51.01,56.75,57.46,1.87,53.8,61.12,0.99,0.86
126554,Lophius budegassa,F,Stock,ank.27.8c9a,NA,2010-2014,165,45.88,0.9,44.1,47.65,48.22,0.78,46.68,49.76,50.56,1.01,48.58,52.54,0.98,0.78
126554,Lophius budegassa,M,Stock,ank.27.8c9a,NA,2010-2014,140,31,0.66,29.71,32.29,32.94,0.61,31.75,34.14,34.89,0.76,33.4,36.37,0.98,0.75
127145,Lepidorhombus boscii,F,Stock,ldb.27.8c9a,NA,2010-2014,1484,18.66,0.17,18.32,18.99,19.51,0.13,19.25,19.77,20.37,0.14,20.09,20.64,0.99,0.84
127145,Lepidorhombus boscii,M,Stock,ldb.27.8c9a,NA,2010-2014,711,18.24,0.07,18.1,18.39,18.52,0.07,18.39,18.66,18.8,0.08,18.64,18.97,1,0.95
126822,Trachurus trachurus,F,Stock,hom.27.2a3a4a5b6a7a-ce-k8,NA,2015-2019,625,18.24,0.33,17.6,18.89,20.2,0.26,19.68,20.72,22.16,0.28,21.6,22.71,0.95,0.65
126822,Trachurus trachurus,M,Stock,hom.27.2a3a4a5b6a7a-ce-k8,NA,2015-2019,628,18.81,0.3,18.22,19.4,20.47,0.25,19.98,20.95,22.12,0.27,21.6,22.64,0.97,0.69
126555,Lophius piscatorius,F,Stock,mon.27.8c9a,NA,2015-2019,60,51.04,3.1,44.96,57.12,57.07,2.92,51.35,62.78,63.1,3.55,56.13,70.06,0.98,0.74
126555,Lophius piscatorius,M,Stock,mon.27.8c9a,NA,2015-2019,74,41.32,1.3,38.78,43.86,43.8,1.06,41.72,45.88,46.28,1.34,43.64,48.91,0.97,0.73
126554,Lophius budegassa,F,Stock,ank.27.8c9a,NA,2015-2019,99,44.38,1.49,41.47,47.3,48.22,1.38,45.51,50.93,52.06,1.69,48.74,55.37,0.97,0.73
127145,Lepidorhombus boscii,M,Stock,ldb.27.8c9a,NA,2015-2019,660,18.06,0.08,17.91,18.21,18.3,0.07,18.16,18.44,18.54,0.09,18.37,18.71,1,0.95
127145,Lepidorhombus boscii,F,Stock,ldb.27.8c9a,NA,2015-2019,1492,17.96,0.18,17.61,18.3,18.94,0.14,18.66,19.23,19.93,0.16,19.62,20.24,0.99,0.82
126822,Trachurus trachurus,M,Stock,hom.27.2a3a4a5b6a7a-ce-k8,NA,2020-2024,285,15.33,0.73,13.91,16.76,18.9,0.57,17.77,20.02,22.46,0.76,20.96,23.95,0.89,0.47
126822,Trachurus trachurus,F,Stock,hom.27.2a3a4a5b6a7a-ce-k8,NA,2020-2024,289,13.34,0.91,11.55,15.13,16.83,0.57,15.71,17.95,20.31,0.71,18.91,21.71,0.85,0.34
126555,Lophius piscatorius,M,Stock,mon.27.8c9a,NA,2020-2024,92,42.73,1.36,40.06,45.4,46.91,1.43,44.11,49.72,51.09,2.01,47.16,55.02,0.95,0.58
127145,Lepidorhombus boscii,F,Stock,ldb.27.8c9a,NA,2020-2024,1194,14.86,0.64,13.61,16.1,19.75,0.41,18.95,20.54,24.64,0.35,23.95,25.33,0.79,0.31
127145,Lepidorhombus boscii,M,Stock,ldb.27.8c9a,NA,2020-2024,545,20.9,0.37,20.18,21.63,23.89,0.48,22.95,24.83,26.88,0.71,25.48,28.27,0.89,0.33
127146,Lepidorhombus whiffiagonis,F,Stock,meg.27.7b-k8abd,NA,2005-2009,405,22.34,0.41,21.54,23.13,23.29,0.31,22.69,23.9,24.25,0.3,23.66,24.84,0.99,0.82
127146,Lepidorhombus whiffiagonis,M,Stock,meg.27.7b-k8abd,NA,2005-2009,122,17.95,0.35,17.26,18.64,18.9,0.36,18.18,19.61,19.84,0.49,18.89,20.8,0.97,0.77
126438,Merlangius merlangus,F,Stock,whg.27.7a,NA,2000-2004,1239,18.51,0.18,18.17,18.86,19.84,0.15,19.54,20.13,21.16,0.18,20.81,21.5,0.98,0.79
126438,Merlangius merlangus,M,Stock,whg.27.7a,NA,2000-2004,1081,15.3,0.2,14.92,15.69,17.04,0.15,16.74,17.34,18.78,0.18,18.43,19.13,0.93,0.57
126438,Merlangius merlangus,F,Stock,whg.27.6a,NA,2000-2004,3895,19.94,0.12,19.71,20.18,21.44,0.1,21.25,21.64,22.94,0.11,22.73,23.16,0.98,0.76
126438,Merlangius merlangus,M,Stock,whg.27.6a,NA,2000-2004,3576,16.74,0.13,16.49,16.99,18.39,0.1,18.2,18.59,20.04,0.11,19.83,20.25,0.96,0.65
126444,Trisopterus esmarkii,F,Stock,nop.27.6a,NA,2000-2004,1498,12.09,0.12,11.87,12.32,13.42,0.09,13.23,13.6,14.74,0.11,14.52,14.96,0.91,0.53
126444,Trisopterus esmarkii,M,Stock,nop.27.6a,NA,2000-2004,1360,10.3,0.21,9.89,10.71,12.59,0.13,12.33,12.85,14.88,0.18,14.54,15.23,0.79,0.25
126436,Gadus morhua,F,Stock,cod.27.7a,NA,2000-2004,191,38.59,1.38,35.88,41.29,43.4,1.11,41.22,45.57,48.2,1.33,45.59,50.81,0.96,0.67
126436,Gadus morhua,M,Stock,cod.27.7a,NA,2000-2004,272,32.27,1.6,29.14,35.4,37.18,1.13,34.96,39.4,42.09,1.02,40.1,44.08,0.93,0.6
126437,Melanogrammus aeglefinus,M,Stock,had.27.7a,NA,2000-2004,678,18.62,0.33,17.97,19.27,20.91,0.28,20.36,21.47,23.21,0.36,22.51,23.92,0.95,0.64
126437,Melanogrammus aeglefinus,F,Stock,had.27.7a,NA,2000-2004,510,22.71,0.44,21.85,23.57,24.52,0.38,23.76,25.27,26.33,0.43,25.48,27.17,0.99,0.85
126438,Merlangius merlangus,M,Stock,whg.27.7b-ce-k,NA,2000-2004,235,18.02,0.6,16.84,19.2,19.35,0.45,18.47,20.24,20.69,0.41,19.88,21.49,0.97,0.63
126438,Merlangius merlangus,F,Stock,whg.27.7b-ce-k,NA,2000-2004,219,20.05,0.52,19.03,21.08,21.17,0.43,20.33,22.01,22.29,0.5,21.31,23.27,0.99,0.76
126437,Melanogrammus aeglefinus,M,Stock,had.27.7b-k,NA,2000-2004,287,19.1,0.53,18.06,20.14,21.2,0.42,20.38,22.01,23.29,0.45,22.4,24.18,0.95,0.64
126437,Melanogrammus aeglefinus,F,Stock,had.27.7b-k,NA,2000-2004,299,22.09,0.36,21.39,22.8,23.12,0.3,22.52,23.71,24.14,0.35,23.45,24.84,0.99,0.83
126438,Merlangius merlangus,F,Stock,whg.27.6a,NA,2005-2009,2191,18.98,0.18,18.62,19.34,20.63,0.15,20.33,20.93,22.28,0.17,21.95,22.61,0.98,0.76
126438,Merlangius merlangus,M,Stock,whg.27.6a,NA,2005-2009,2171,15.2,0.22,14.77,15.63,17.21,0.17,16.89,17.54,19.23,0.17,18.9,19.55,0.95,0.58
126444,Trisopterus esmarkii,M,Stock,nop.27.6a,NA,2005-2009,932,11.11,0.18,10.76,11.45,12.85,0.14,12.59,13.12,14.6,0.17,14.26,14.94,0.85,0.39
126444,Trisopterus esmarkii,F,Stock,nop.27.6a,NA,2005-2009,955,12.01,0.15,11.72,12.29,13.32,0.12,13.09,13.55,14.63,0.15,14.35,14.92,0.91,0.51
126437,Melanogrammus aeglefinus,M,Stock,had.27.7b-k,NA,2005-2009,194,22.09,0.69,20.75,23.44,23.81,0.56,22.72,24.89,25.52,0.56,24.41,26.62,0.98,0.78
126437,Melanogrammus aeglefinus,F,Stock,had.27.7b-k,NA,2005-2009,207,24,0.54,22.94,25.05,25.15,0.43,24.31,25.99,26.3,0.46,25.41,27.2,0.99,0.84
126436,Gadus morhua,Combined,Area,NA,3.d.25,2000-2004,13444,28.02,0.16,27.71,28.32,33.5,0.12,33.25,33.74,38.97,0.15,38.68,39.27,0.91,0.52
126436,Gadus morhua,Combined,Area,NA,3.d.26,2000-2004,4223,21.09,0.5,20.11,22.07,29.97,0.32,29.34,30.6,38.85,0.37,38.12,39.58,0.82,0.3
126436,Gadus morhua,Combined,Area,NA,3.b.23,2000-2004,907,35.23,0.84,33.59,36.87,44.11,0.72,42.7,45.52,53,1.01,51.02,54.98,0.87,0.41
126436,Gadus morhua,Combined,Area,NA,3.d.24,2000-2004,9284,19.96,0.25,19.47,20.44,26.14,0.18,25.79,26.49,32.32,0.19,31.95,32.69,0.89,0.46
126436,Gadus morhua,Combined,Area,NA,3.a.20,2000-2004,3111,35.4,0.33,34.76,36.03,40.87,0.33,40.23,41.51,46.34,0.44,45.49,47.19,0.94,0.6
126436,Gadus morhua,Combined,Area,NA,3.d.28.2,2000-2004,4235,12.27,0.4,11.48,13.06,20.04,0.29,19.47,20.61,27.81,0.35,27.12,28.49,0.86,0.39
126436,Gadus morhua,Combined,Area,NA,3.c.22,2000-2004,4973,20.67,0.22,20.23,21.11,24.5,0.18,24.16,24.85,28.34,0.2,27.95,28.72,0.95,0.63
126436,Gadus morhua,Combined,Area,NA,3.a.21,2000-2004,3944,25.62,0.33,24.97,26.27,33.05,0.3,32.46,33.64,40.48,0.43,39.63,41.33,0.88,0.44
126436,Gadus morhua,Combined,Area,NA,3.d.27,2000-2004,1470,29.05,0.33,28.4,29.7,32.2,0.28,31.66,32.74,35.35,0.32,34.72,35.99,0.96,0.68
127141,Platichthys flesus,Combined,Area,NA,3.d.28.2,2000-2004,866,12.06,0.84,10.42,13.7,14.28,0.6,13.11,15.46,16.51,0.42,15.69,17.33,0.92,0.24
126417,Clupea harengus,Combined,Area,NA,3.d.24,2000-2004,1310,16.99,0.23,16.54,17.44,19.51,0.18,19.17,19.86,22.04,0.21,21.62,22.45,0.89,0.47
127141,Platichthys flesus,Combined,Area,NA,3.d.29,2000-2004,93,15.11,1,13.15,17.08,17.17,0.66,15.88,18.46,19.23,0.57,18.11,20.36,0.86,0.34
127143,Pleuronectes platessa,Combined,Area,NA,3.d.24,2000-2004,1836,12.44,0.58,11.29,13.58,14.11,0.44,13.25,14.96,15.78,0.32,15.14,16.41,0.96,0.38
126417,Clupea harengus,Combined,Area,NA,3.d.26,2000-2004,1206,9.54,1,7.59,11.5,15.45,0.47,14.53,16.36,21.35,0.45,20.47,22.22,0.68,0.09
126417,Clupea harengus,Combined,Area,NA,3.d.25,2000-2004,2309,14.54,0.3,13.96,15.13,18.94,0.19,18.57,19.32,23.35,0.28,22.81,23.88,0.77,0.22
126417,Clupea harengus,Combined,Area,NA,3.c.22,2000-2004,194,18.19,0.27,17.67,18.72,19.3,0.29,18.74,19.86,20.41,0.4,19.62,21.2,0.94,0.53
127143,Pleuronectes platessa,Combined,Area,NA,3.c.22,2000-2004,416,10.77,1.35,8.13,13.41,14.78,0.87,13.07,16.5,18.8,0.59,17.63,19.96,0.83,0.23
126425,Sprattus sprattus,Combined,Area,NA,3.d.25,2000-2004,313,8.07,0.46,7.18,8.96,9.99,0.28,9.45,10.54,11.92,0.27,11.39,12.45,0.79,0.25
126425,Sprattus sprattus,Combined,Area,NA,3.d.24,2000-2004,164,9.68,0.31,9.08,10.29,10.73,0.23,10.27,11.19,11.78,0.26,11.26,12.29,0.92,0.54
126425,Sprattus sprattus,Combined,Area,NA,3.d.26,2000-2004,177,8.76,0.51,7.75,9.77,10.32,0.3,9.72,10.91,11.88,0.28,11.32,12.43,0.76,0.22
127143,Pleuronectes platessa,Combined,Area,NA,3.a.21,2000-2004,2671,12.38,0.47,11.46,13.3,17.43,0.28,16.88,17.97,22.47,0.24,22.01,22.94,0.78,0.21
127139,Limanda limanda,Combined,Area,NA,3.c.22,2000-2004,259,13.28,0.47,12.36,14.19,14.51,0.35,13.83,15.19,15.74,0.34,15.07,16.41,0.97,0.72
126436,Gadus morhua,Combined,Area,NA,3.c.22,2005-2009,4314,18.61,0.22,18.18,19.05,21.96,0.18,21.61,22.32,25.31,0.22,24.89,25.74,0.96,0.66
126436,Gadus morhua,Combined,Area,NA,3.d.24,2005-2009,9655,17.36,0.24,16.88,17.84,22.35,0.18,22,22.7,27.35,0.18,27,27.69,0.93,0.55
126436,Gadus morhua,Combined,Area,NA,3.d.25,2005-2009,16204,23.78,0.16,23.45,24.1,29.45,0.12,29.21,29.69,35.13,0.14,34.86,35.4,0.91,0.49
126436,Gadus morhua,Combined,Area,NA,3.d.27,2005-2009,1111,23.73,0.43,22.88,24.57,28.04,0.35,27.36,28.72,32.36,0.42,31.53,33.18,0.91,0.52
126436,Gadus morhua,Combined,Area,NA,3.d.28.2,2005-2009,4513,12.61,0.35,11.92,13.3,18.35,0.23,17.89,18.8,24.08,0.24,23.61,24.56,0.87,0.38
126436,Gadus morhua,Combined,Area,NA,3.a.21,2005-2009,3070,28.68,0.45,27.8,29.56,38.38,0.46,37.47,39.29,48.09,0.71,46.69,49.48,0.85,0.35
126436,Gadus morhua,Combined,Area,NA,3.d.26,2005-2009,17773,14.46,0.33,13.81,15.1,21.7,0.21,21.28,22.12,28.95,0.15,28.65,29.24,0.83,0.25
126436,Gadus morhua,Combined,Area,NA,3.b.23,2005-2009,2055,37.64,0.47,36.72,38.57,43.69,0.38,42.94,44.43,49.73,0.45,48.84,50.61,0.93,0.57
126436,Gadus morhua,Combined,Area,NA,3.a.20,2005-2009,3821,47.6,0.43,46.76,48.44,55.87,0.44,55.01,56.73,64.14,0.6,62.96,65.31,0.92,0.51
126425,Sprattus sprattus,Combined,Area,NA,3.d.25,2005-2009,733,8.06,0.2,7.67,8.45,9.07,0.14,8.79,9.34,10.07,0.12,9.83,10.31,0.91,0.41
126425,Sprattus sprattus,Combined,Area,NA,3.d.26,2005-2009,459,6.21,0.54,5.15,7.27,7.57,0.36,6.86,8.29,8.94,0.23,8.49,9.39,0.8,0.17
127141,Platichthys flesus,Combined,Area,NA,3.d.26,2005-2009,3648,12.61,0.75,11.13,14.08,14.95,0.58,13.81,16.08,17.29,0.42,16.45,18.12,0.87,0.27
127141,Platichthys flesus,Combined,Area,NA,3.d.25,2005-2009,1333,15.26,0.52,14.25,16.27,17.4,0.37,16.68,18.12,19.54,0.29,18.98,20.1,0.94,0.42
127141,Platichthys flesus,Combined,Area,NA,3.d.27,2005-2009,273,12.87,1.44,10.04,15.69,15.19,1.02,13.2,17.18,17.51,0.7,16.14,18.88,0.9,0.28
126417,Clupea harengus,Combined,Area,NA,3.d.26,2005-2009,4871,12.7,0.17,12.38,13.03,14.37,0.12,14.14,14.6,16.04,0.09,15.86,16.22,0.88,0.43
126417,Clupea harengus,Combined,Area,NA,3.d.25,2005-2009,3281,13.63,0.14,13.35,13.9,15.29,0.1,15.09,15.5,16.96,0.1,16.77,17.16,0.93,0.55
126436,Gadus morhua,Combined,Area,NA,3.d.29,2005-2009,96,12.31,3.36,5.73,18.9,22.37,2.05,18.36,26.39,32.43,3.69,25.19,39.67,0.74,0.16
126425,Sprattus sprattus,Combined,Area,NA,3.d.29,2005-2009,138,9.07,0.24,8.59,9.54,9.71,0.17,9.38,10.03,10.35,0.16,10.03,10.67,0.9,0.46
127143,Pleuronectes platessa,Combined,Area,NA,3.d.24,2005-2009,3459,12.48,0.43,11.64,13.31,13.43,0.35,12.75,14.12,14.39,0.32,13.77,15.01,1,0.79
126417,Clupea harengus,Combined,Area,NA,3.d.24,2005-2009,279,14.48,0.5,13.5,15.46,16.13,0.39,15.37,16.89,17.78,0.4,17,18.56,0.95,0.66
126417,Clupea harengus,Combined,Area,NA,3.d.29,2005-2009,674,10.53,0.28,9.99,11.08,11.16,0.21,10.75,11.57,11.79,0.17,11.46,12.11,0.98,0.59
126417,Clupea harengus,Combined,Area,NA,3.d.28.2,2005-2009,274,10.31,0.84,8.66,11.95,11.97,0.56,10.87,13.06,13.62,0.34,12.96,14.29,0.77,0.18
126417,Clupea harengus,Combined,Area,NA,3.b.23,2005-2009,176,17.78,0.33,17.14,18.41,19.07,0.29,18.51,19.64,20.37,0.38,19.62,21.12,0.94,0.6
127143,Pleuronectes platessa,Combined,Area,NA,3.a.21,2005-2009,3376,17.22,0.34,16.54,17.89,23.6,0.22,23.16,24.04,29.98,0.36,29.28,30.68,0.75,0.2
127143,Pleuronectes platessa,Combined,Area,NA,3.c.22,2005-2009,1101,8.43,1.13,6.21,10.65,13.35,0.75,11.89,14.81,18.28,0.47,17.36,19.2,0.79,0.18
127139,Limanda limanda,Combined,Area,NA,3.c.22,2005-2009,788,10.47,0.36,9.77,11.18,11.48,0.28,10.93,12.02,12.48,0.27,11.96,13,0.99,0.71
127139,Limanda limanda,Combined,Area,NA,3.d.24,2005-2009,637,11.14,0.43,10.28,11.99,12.21,0.32,11.59,12.83,13.28,0.26,12.77,13.79,0.98,0.59
127143,Pleuronectes platessa,Combined,Area,NA,3.b.23,2005-2009,369,23.03,0.85,21.37,24.7,27.57,0.54,26.52,28.62,32.11,0.64,30.85,33.36,0.8,0.28
127143,Pleuronectes platessa,Combined,Area,NA,3.a.20,2005-2009,4083,25.79,0.21,25.38,26.21,31.27,0.25,30.78,31.76,36.74,0.41,35.94,37.54,0.8,0.24
126417,Clupea harengus,Combined,Area,NA,3.a.21,2005-2009,4595,21.22,0.09,21.05,21.39,23.08,0.09,22.89,23.26,24.93,0.13,24.66,25.19,0.92,0.45
126436,Gadus morhua,Combined,Area,NA,3.c.22,2010-2014,3413,19.33,0.23,18.87,19.78,22.82,0.2,22.44,23.21,26.32,0.24,25.84,26.8,0.96,0.68
126436,Gadus morhua,Combined,Area,NA,3.d.26,2010-2014,14755,20.45,0.21,20.04,20.87,25.4,0.14,25.12,25.67,30.34,0.12,30.11,30.57,0.88,0.34
126436,Gadus morhua,Combined,Area,NA,3.d.25,2010-2014,8191,20.08,0.23,19.63,20.53,24.84,0.17,24.51,25.17,29.6,0.18,29.25,29.94,0.93,0.55
126436,Gadus morhua,Combined,Area,NA,3.d.24,2010-2014,5351,23.25,0.23,22.8,23.71,26.59,0.2,26.2,26.97,29.92,0.21,29.5,30.33,0.98,0.8
126436,Gadus morhua,Combined,Area,NA,3.d.28.2,2010-2014,1928,16.82,0.32,16.2,17.44,19.65,0.23,19.19,20.1,22.47,0.23,22.01,22.93,0.95,0.62
126436,Gadus morhua,Combined,Area,NA,3.a.21,2010-2014,3256,19.99,0.76,18.5,21.48,35.86,0.61,34.66,37.06,51.74,1.14,49.51,53.96,0.75,0.17
126436,Gadus morhua,Combined,Area,NA,3.b.23,2010-2014,2388,29.84,0.45,28.96,30.72,36.51,0.34,35.84,37.18,43.18,0.42,42.35,44.01,0.89,0.46
126436,Gadus morhua,Combined,Area,NA,3.d.27,2010-2014,416,18.96,0.57,17.84,20.08,21.65,0.41,20.85,22.46,24.35,0.44,23.49,25.21,0.92,0.49
126436,Gadus morhua,Combined,Area,NA,3.a.20,2010-2014,3580,49.64,0.44,48.77,50.51,58.18,0.47,57.26,59.11,66.73,0.66,65.43,68.03,0.91,0.47
126425,Sprattus sprattus,Combined,Area,NA,3.d.25,2010-2014,1180,7.59,0.19,7.22,7.96,8.37,0.14,8.1,8.63,9.15,0.11,8.94,9.36,0.93,0.4
126425,Sprattus sprattus,Combined,Area,NA,3.d.26,2010-2014,1228,7.81,0.16,7.5,8.12,8.54,0.12,8.32,8.77,9.28,0.1,9.09,9.46,0.95,0.44
127143,Pleuronectes platessa,Combined,Area,NA,3.d.24,2010-2014,3536,15.04,0.24,14.56,15.52,17.04,0.18,16.69,17.38,19.04,0.16,18.72,19.35,0.97,0.55
127143,Pleuronectes platessa,Combined,Area,NA,3.a.21,2010-2014,4030,13.26,0.49,12.31,14.21,19.99,0.26,19.48,20.49,26.71,0.27,26.18,27.25,0.73,0.15
127143,Pleuronectes platessa,Combined,Area,NA,3.c.22,2010-2014,4865,7.55,0.65,6.26,8.83,11.99,0.45,11.11,12.88,16.43,0.29,15.87,17,0.84,0.16
127139,Limanda limanda,Combined,Area,NA,3.d.24,2010-2014,1517,11.79,0.38,11.06,12.53,13.67,0.28,13.12,14.22,15.55,0.25,15.06,16.04,0.97,0.56
127139,Limanda limanda,Combined,Area,NA,3.c.22,2010-2014,1819,11.16,0.28,10.61,11.72,12.7,0.21,12.28,13.12,14.23,0.2,13.83,14.63,0.98,0.64
127141,Platichthys flesus,Combined,Area,NA,3.d.24,2010-2014,1988,16.08,0.22,15.66,16.51,17.11,0.17,16.77,17.45,18.14,0.18,17.79,18.49,0.99,0.81
127141,Platichthys flesus,Combined,Area,NA,3.d.25,2010-2014,3295,13.82,0.39,13.06,14.59,15.37,0.29,14.81,15.93,16.92,0.21,16.5,17.34,0.96,0.44
127141,Platichthys flesus,Combined,Area,NA,3.d.26,2010-2014,7479,13.63,0.47,12.72,14.54,15.72,0.36,15.02,16.41,17.81,0.26,17.3,18.32,0.89,0.28
127141,Platichthys flesus,Combined,Area,NA,3.d.28.2,2010-2014,2677,12.85,0.34,12.19,13.51,14.33,0.24,13.86,14.79,15.8,0.17,15.47,16.13,0.95,0.32
127141,Platichthys flesus,Combined,Area,NA,3.d.27,2010-2014,1282,14.37,0.47,13.45,15.3,15.7,0.33,15.04,16.35,17.02,0.24,16.55,17.49,0.96,0.31
127160,Solea solea,Combined,Area,NA,3.a.21,2010-2014,80,19.2,1.38,16.5,21.9,22.03,0.81,20.44,23.62,24.86,0.84,23.22,26.5,0.8,0.26
126417,Clupea harengus,Combined,Area,NA,3.d.26,2010-2014,7782,13.94,0.09,13.77,14.11,15.2,0.07,15.07,15.33,16.45,0.06,16.33,16.57,0.96,0.64
126417,Clupea harengus,Combined,Area,NA,3.d.25,2010-2014,5680,14.25,0.09,14.07,14.44,15.77,0.07,15.63,15.91,17.29,0.07,17.15,17.43,0.94,0.62
126417,Clupea harengus,Combined,Area,NA,3.b.23,2010-2014,169,17.82,0.29,17.25,18.38,18.78,0.25,18.29,19.27,19.74,0.32,19.11,20.38,0.97,0.7
127150,Scophthalmus rhombus,Combined,Area,NA,3.c.22,2010-2014,128,11.84,1.43,9.04,14.64,14.45,0.9,12.68,16.21,17.05,0.89,15.3,18.8,0.92,0.36
126436,Gadus morhua,Combined,Area,NA,3.d.29,2010-2014,142,16.98,1,15.02,18.94,20.77,0.67,19.45,22.09,24.55,1.12,22.35,26.76,0.8,0.25
127143,Pleuronectes platessa,Combined,Area,NA,3.a.20,2010-2014,3989,23.43,0.31,22.83,24.03,31.2,0.31,30.59,31.81,38.97,0.58,37.84,40.09,0.73,0.16
127143,Pleuronectes platessa,Combined,Area,NA,3.b.23,2010-2014,644,19.22,0.86,17.54,20.91,23.33,0.54,22.27,24.39,27.44,0.41,26.63,28.24,0.81,0.25
126417,Clupea harengus,Combined,Area,NA,3.d.24,2010-2014,243,14.07,0.52,13.05,15.09,15.75,0.38,15,16.5,17.43,0.41,16.62,18.24,0.95,0.59
126438,Merlangius merlangus,Combined,Area,NA,3.a.21,2010-2014,784,20.27,0.43,19.42,21.11,25.01,0.42,24.17,25.84,29.74,0.67,28.42,31.06,0.82,0.27
126438,Merlangius merlangus,Combined,Area,NA,3.c.22,2010-2014,184,18.35,0.47,17.43,19.26,20.34,0.39,19.57,21.11,22.33,0.5,21.35,23.31,0.92,0.54
126437,Melanogrammus aeglefinus,Combined,Area,NA,3.a.21,2010-2014,493,22.09,0.49,21.12,23.05,25.7,0.48,24.76,26.65,29.32,0.65,28.04,30.6,0.93,0.58
127136,Glyptocephalus cynoglossus,Combined,Area,NA,3.a.21,2010-2014,243,20.62,0.58,19.48,21.75,24.17,0.56,23.08,25.26,27.72,0.93,25.89,29.55,0.8,0.26
126438,Merlangius merlangus,Combined,Area,NA,3.d.25,2010-2014,138,21.53,0.61,20.33,22.74,23.05,0.5,22.07,24.04,24.57,0.55,23.49,25.66,0.97,0.72
126438,Merlangius merlangus,Combined,Area,NA,3.d.24,2010-2014,69,24.49,1.08,22.36,26.61,26.74,0.91,24.96,28.52,29,1.06,26.92,31.07,0.96,0.71
126417,Clupea harengus,Combined,Area,NA,3.a.21,2010-2014,4760,21.82,0.09,21.64,22,23.81,0.1,23.62,24,25.8,0.13,25.54,26.07,0.92,0.48
126438,Merlangius merlangus,Combined,Area,NA,3.a.20,2010-2014,772,23.81,0.42,22.99,24.62,28.04,0.4,27.26,28.83,32.28,0.59,31.13,33.43,0.87,0.38
126437,Melanogrammus aeglefinus,Combined,Area,NA,3.a.20,2010-2014,876,30.51,0.53,29.48,31.55,35.81,0.51,34.81,36.81,41.11,0.71,39.72,42.51,0.9,0.45
126484,Merluccius merluccius,Combined,Area,NA,3.a.20,2010-2014,307,33.88,1.13,31.68,36.09,41.57,1.4,38.83,44.31,49.25,2.19,44.97,53.54,0.84,0.37
126438,Merlangius merlangus,Combined,Area,NA,3.d.25,2015-2019,114,18.56,0.57,17.44,19.68,19.47,0.52,18.45,20.49,20.37,0.61,19.18,21.57,0.99,0.88
126438,Merlangius merlangus,Combined,Area,NA,3.c.22,2015-2019,449,16.95,0.37,16.21,17.68,19.58,0.28,19.02,20.13,22.21,0.38,21.45,22.96,0.85,0.37
126436,Gadus morhua,Combined,Area,NA,3.d.25,2015-2019,7289,17.06,0.21,16.65,17.47,20.22,0.15,19.93,20.52,23.38,0.14,23.1,23.66,0.95,0.57
126436,Gadus morhua,Combined,Area,NA,3.d.28.2,2015-2019,2209,14.59,0.51,13.6,15.58,16.55,0.37,15.82,17.28,18.5,0.28,17.95,19.05,0.97,0.67
126436,Gadus morhua,Combined,Area,NA,3.d.26,2015-2019,8703,19.08,0.22,18.65,19.51,22.33,0.16,22.02,22.64,25.58,0.14,25.31,25.85,0.95,0.52
126436,Gadus morhua,Combined,Area,NA,3.d.24,2015-2019,9239,16.99,0.23,16.55,17.44,21.05,0.17,20.72,21.38,25.11,0.16,24.8,25.43,0.94,0.59
126436,Gadus morhua,Combined,Area,NA,3.c.22,2015-2019,3337,19.09,0.27,18.57,19.62,23.01,0.22,22.58,23.44,26.92,0.27,26.39,27.44,0.96,0.64
126436,Gadus morhua,Combined,Area,NA,3.a.21,2015-2019,2946,22.74,0.66,21.45,24.03,34.61,0.52,33.6,35.62,46.49,0.68,45.15,47.83,0.87,0.39
126436,Gadus morhua,Combined,Area,NA,3.a.20,2015-2019,3463,52.24,0.57,51.13,53.36,63.85,0.63,62.61,65.09,75.46,0.92,73.65,77.26,0.89,0.38
126436,Gadus morhua,Combined,Area,NA,3.b.23,2015-2019,1865,16.65,2.02,12.7,20.61,39.03,1.03,37.01,41.04,61.4,1.71,58.05,64.74,0.72,0.13
126436,Gadus morhua,Combined,Area,NA,3.d.27,2015-2019,356,16.59,1.15,14.33,18.86,18.47,0.84,16.83,20.12,20.35,0.65,19.08,21.63,0.98,0.48
126437,Melanogrammus aeglefinus,Combined,Area,NA,3.a.21,2015-2019,418,22.91,0.64,21.66,24.16,26.81,0.56,25.72,27.9,30.71,0.68,29.39,32.04,0.94,0.6
127136,Glyptocephalus cynoglossus,Combined,Area,NA,3.a.21,2015-2019,119,21.5,1.11,19.33,23.68,25.3,0.8,23.73,26.88,29.11,1.06,27.02,31.19,0.85,0.36
126425,Sprattus sprattus,Combined,Area,NA,3.d.25,2015-2019,1144,7.08,0.26,6.58,7.58,7.57,0.19,7.2,7.94,8.07,0.14,7.79,8.35,0.98,0.4
126425,Sprattus sprattus,Combined,Area,NA,3.d.26,2015-2019,1226,7.11,0.18,6.77,7.46,7.72,0.13,7.47,7.96,8.32,0.1,8.13,8.52,0.95,0.43
126484,Merluccius merluccius,Combined,Area,NA,3.a.21,2015-2019,139,35.57,1.67,32.31,38.84,41.55,2.42,36.8,46.31,47.54,3.56,40.57,54.51,0.89,0.27
127143,Pleuronectes platessa,Combined,Area,NA,3.c.22,2015-2019,5749,10.68,0.32,10.05,11.31,13.68,0.22,13.24,14.11,16.67,0.16,16.35,16.99,0.91,0.34
127143,Pleuronectes platessa,Combined,Area,NA,3.a.21,2015-2019,4170,14.5,0.35,13.81,15.19,19.99,0.22,19.56,20.41,25.47,0.22,25.05,25.89,0.8,0.24
127143,Pleuronectes platessa,Combined,Area,NA,3.a.20,2015-2019,2867,22.28,0.4,21.5,23.06,30.62,0.38,29.88,31.36,38.95,0.71,37.56,40.35,0.72,0.15
127143,Pleuronectes platessa,Combined,Area,NA,3.d.24,2015-2019,5404,12.3,0.3,11.7,12.89,14.33,0.22,13.91,14.75,16.37,0.16,16.06,16.68,0.95,0.42
127143,Pleuronectes platessa,Combined,Area,NA,3.b.23,2015-2019,727,16.43,1.2,14.08,18.79,22.49,0.71,21.11,23.87,28.54,0.53,27.51,29.58,0.76,0.18
127139,Limanda limanda,Combined,Area,NA,3.c.22,2015-2019,2142,10.41,0.26,9.91,10.92,12.26,0.18,11.9,12.62,14.1,0.17,13.76,14.43,0.96,0.49
127139,Limanda limanda,Combined,Area,NA,3.d.24,2015-2019,1818,11.39,0.33,10.75,12.03,13.52,0.23,13.06,13.98,15.65,0.2,15.26,16.04,0.94,0.46
127139,Limanda limanda,Combined,Area,NA,3.a.21,2015-2019,375,7.11,1.32,4.52,9.69,10.9,0.84,9.25,12.54,14.68,0.55,13.6,15.77,0.81,0.22
127141,Platichthys flesus,Combined,Area,NA,3.d.24,2015-2019,2813,14.1,0.3,13.52,14.68,15.6,0.22,15.18,16.02,17.1,0.17,16.76,17.44,0.97,0.49
127141,Platichthys flesus,Combined,Area,NA,3.d.26,2015-2019,4330,14.28,0.3,13.69,14.88,16.12,0.22,15.69,16.55,17.96,0.16,17.64,18.28,0.94,0.44
127141,Platichthys flesus,Combined,Area,NA,3.d.28.2,2015-2019,1504,6.12,1.26,3.66,8.58,8.19,0.96,6.31,10.06,10.26,0.7,8.89,11.63,0.96,0.16
127160,Solea solea,Combined,Area,NA,3.a.21,2015-2019,256,17.89,0.91,16.11,19.68,21.04,0.59,19.89,22.19,24.19,0.52,23.17,25.21,0.85,0.34
127160,Solea solea,Combined,Area,NA,3.a.20,2015-2019,120,22.77,1.16,20.5,25.04,26.64,0.86,24.95,28.33,30.52,1.07,28.43,32.61,0.87,0.43
127160,Solea solea,Combined,Area,NA,3.c.22,2015-2019,122,13.71,1.79,10.2,17.21,17.09,1.23,14.67,19.5,20.47,0.97,18.57,22.36,0.88,0.37
126417,Clupea harengus,Combined,Area,NA,3.d.25,2015-2019,4930,13.22,0.12,12.99,13.44,14.89,0.08,14.73,15.05,16.57,0.08,16.41,16.72,0.92,0.52
126417,Clupea harengus,Combined,Area,NA,3.d.26,2015-2019,5672,12.99,0.1,12.79,13.18,14.45,0.07,14.3,14.59,15.91,0.07,15.77,16.05,0.94,0.61
127150,Scophthalmus rhombus,Combined,Area,NA,3.a.21,2015-2019,159,12.51,2.83,6.97,18.05,17.89,1.89,14.19,21.59,23.27,1.33,20.67,25.88,0.83,0.25
127150,Scophthalmus rhombus,Combined,Area,NA,3.c.22,2015-2019,46,14.88,2.31,10.36,19.4,19.34,1.54,16.33,22.36,23.81,2.06,19.78,27.84,0.8,0.32
126417,Clupea harengus,Combined,Area,NA,3.d.24,2015-2019,859,14.59,0.19,14.22,14.97,15.45,0.15,15.16,15.74,16.3,0.15,16,16.61,0.98,0.73
126438,Merlangius merlangus,Combined,Area,NA,3.a.21,2015-2019,2767,18.39,0.21,17.98,18.79,22.28,0.17,21.95,22.62,26.18,0.25,25.7,26.67,0.84,0.33
126438,Merlangius merlangus,Combined,Area,NA,3.b.23,2015-2019,132,17.83,0.6,16.65,19.01,19.35,0.47,18.43,20.28,20.87,0.53,19.84,21.91,0.96,0.63
126438,Merlangius merlangus,Combined,Area,NA,3.d.24,2015-2019,71,17.38,0.86,15.7,19.06,19.33,0.75,17.87,20.79,21.27,0.98,19.36,23.19,0.95,0.63
126438,Merlangius merlangus,Combined,Area,NA,3.a.20,2015-2019,2906,19.88,0.22,19.46,20.3,23.94,0.18,23.58,24.3,28,0.26,27.49,28.51,0.87,0.41
126441,Pollachius virens,Combined,Area,NA,3.a.20,2015-2019,130,50.02,2.06,45.99,54.06,58.15,2.23,53.77,62.53,66.28,3.37,59.68,72.89,0.88,0.38
126437,Melanogrammus aeglefinus,Combined,Area,NA,3.a.20,2015-2019,659,26.89,0.67,25.59,28.2,32.69,0.65,31.42,33.96,38.49,0.86,36.81,40.17,0.9,0.52
126484,Merluccius merluccius,Combined,Area,NA,3.a.20,2015-2019,938,39.91,0.68,38.58,41.25,46.37,0.73,44.95,47.8,52.83,0.99,50.9,54.77,0.95,0.63
126438,Merlangius merlangus,Combined,Area,NA,3.d.24,2020-2024,225,17.66,0.4,16.87,18.44,18.86,0.35,18.17,19.54,20.06,0.43,19.22,20.89,0.99,0.8
126438,Merlangius merlangus,Combined,Area,NA,3.c.22,2020-2024,749,14.61,0.35,13.93,15.3,17.14,0.23,16.68,17.6,19.67,0.25,19.17,20.17,0.85,0.35
126438,Merlangius merlangus,Combined,Area,NA,3.a.21,2020-2024,2947,17.09,0.16,16.78,17.39,19.77,0.13,19.51,20.02,22.44,0.17,22.11,22.77,0.91,0.5
126438,Merlangius merlangus,Combined,Area,NA,3.a.20,2020-2024,3710,19.44,0.23,18.99,19.9,24.02,0.19,23.66,24.39,28.6,0.24,28.12,29.07,0.89,0.45
126438,Merlangius merlangus,Combined,Area,NA,3.b.23,2020-2024,157,16.4,0.85,14.74,18.05,18.82,0.62,17.6,20.04,21.25,0.65,19.98,22.51,0.93,0.56
126444,Trisopterus esmarkii,Combined,Area,NA,3.a.21,2020-2024,222,10.14,0.34,9.46,10.81,11.72,0.22,11.29,12.16,13.31,0.33,12.66,13.95,0.77,0.23
126444,Trisopterus esmarkii,Combined,Area,NA,3.a.20,2020-2024,796,12.71,0.12,12.48,12.94,13.68,0.11,13.47,13.9,14.66,0.14,14.39,14.93,0.95,0.65
126436,Gadus morhua,Combined,Area,NA,3.a.20,2020-2024,2762,44.96,0.51,43.97,45.95,51.73,0.6,50.55,52.9,58.5,0.81,56.9,60.09,0.94,0.53
126436,Gadus morhua,Combined,Area,NA,3.d.24,2020-2024,8158,18.71,0.17,18.38,19.03,21.99,0.13,21.73,22.24,25.27,0.14,25,25.53,0.95,0.65
126436,Gadus morhua,Combined,Area,NA,3.a.21,2020-2024,1985,23.33,0.28,22.77,23.88,27.58,0.31,26.98,28.19,31.84,0.44,30.98,32.7,0.94,0.57
126436,Gadus morhua,Combined,Area,NA,3.b.23,2020-2024,1538,19.88,0.77,18.38,21.38,28.4,0.52,27.39,29.42,36.92,0.62,35.7,38.14,0.86,0.38
126436,Gadus morhua,Combined,Area,NA,3.d.25,2020-2024,10335,16.49,0.19,16.11,16.87,20.38,0.13,20.12,20.64,24.28,0.12,24.04,24.52,0.91,0.48
126436,Gadus morhua,Combined,Area,NA,3.d.26,2020-2024,6644,17.37,0.21,16.96,17.78,20.17,0.15,19.88,20.46,22.97,0.13,22.72,23.22,0.94,0.48
126436,Gadus morhua,Combined,Area,NA,3.d.27,2020-2024,317,18.59,0.78,17.06,20.12,21.88,0.51,20.87,22.88,25.16,0.52,24.14,26.19,0.87,0.39
126436,Gadus morhua,Combined,Area,NA,3.c.22,2020-2024,2865,19.81,0.16,19.48,20.13,22.49,0.16,22.18,22.8,25.17,0.22,24.75,25.59,0.95,0.64
126436,Gadus morhua,Combined,Area,NA,3.d.28.2,2020-2024,2753,14.5,0.34,13.83,15.17,17.85,0.23,17.39,18.3,21.19,0.2,20.81,21.58,0.9,0.49
127136,Glyptocephalus cynoglossus,Combined,Area,NA,3.a.21,2020-2024,91,15.5,1.32,12.91,18.09,17.99,0.87,16.29,19.7,20.48,0.76,18.99,21.98,0.89,0.44
127136,Glyptocephalus cynoglossus,Combined,Area,NA,3.a.20,2020-2024,827,25.41,0.49,24.46,26.36,30.72,0.44,29.85,31.59,36.03,0.72,34.63,37.44,0.81,0.27
126425,Sprattus sprattus,Combined,Area,NA,3.d.26,2020-2024,1700,5.26,0.5,4.28,6.23,6.34,0.37,5.62,7.06,7.42,0.25,6.93,7.92,0.9,0.09
127143,Pleuronectes platessa,Combined,Area,NA,3.d.25,2020-2024,3656,9.09,1.06,7.01,11.17,11.44,0.81,9.85,13.03,13.8,0.58,12.67,14.93,0.87,0.07
127143,Pleuronectes platessa,Combined,Area,NA,3.d.24,2020-2024,5727,10.73,0.19,10.36,11.11,12.57,0.14,12.29,12.85,14.41,0.13,14.15,14.67,0.97,0.63
127143,Pleuronectes platessa,Combined,Area,NA,3.c.22,2020-2024,7280,11.09,0.13,10.83,11.34,13.08,0.09,12.9,13.27,15.08,0.09,14.9,15.26,0.95,0.54
127143,Pleuronectes platessa,Combined,Area,NA,3.a.20,2020-2024,2205,21.33,0.28,20.78,21.89,26.65,0.29,26.08,27.22,31.96,0.47,31.03,32.89,0.8,0.25
127143,Pleuronectes platessa,Combined,Area,NA,3.a.21,2020-2024,3695,12.14,0.27,11.61,12.68,16.14,0.18,15.8,16.49,20.14,0.18,19.8,20.49,0.84,0.32
127143,Pleuronectes platessa,Combined,Area,NA,3.b.23,2020-2024,1237,6.91,2.18,2.64,11.17,20.29,0.9,18.53,22.05,33.68,1.25,31.24,36.12,0.64,0.07
127139,Limanda limanda,Combined,Area,NA,3.c.22,2020-2024,2335,9.96,0.21,9.54,10.38,11.48,0.16,11.18,11.79,13.01,0.15,12.71,13.31,0.97,0.56
127139,Limanda limanda,Combined,Area,NA,3.d.24,2020-2024,1868,10.72,0.26,10.2,11.23,12.29,0.2,11.9,12.67,13.86,0.19,13.5,14.22,0.97,0.6
127139,Limanda limanda,Combined,Area,NA,3.b.23,2020-2024,143,12.25,0.67,10.93,13.56,13.76,0.5,12.78,14.74,15.27,0.54,14.22,16.32,0.96,0.59
127139,Limanda limanda,Combined,Area,NA,3.a.21,2020-2024,551,9.25,0.48,8.31,10.2,10.86,0.32,10.24,11.49,12.47,0.26,11.96,12.99,0.93,0.37
127139,Limanda limanda,Combined,Area,NA,3.a.20,2020-2024,238,10.53,0.77,9.03,12.04,12.64,0.53,11.6,13.67,14.74,0.47,13.82,15.65,0.92,0.42
127141,Platichthys flesus,Combined,Area,NA,3.d.25,2020-2024,2923,11.47,0.9,9.72,13.23,14.17,0.66,12.88,15.46,16.87,0.44,16,17.74,0.86,0.13
127141,Platichthys flesus,Combined,Area,NA,3.d.28.2,2020-2024,1983,6.35,1.11,4.18,8.51,8.93,0.82,7.32,10.54,11.52,0.57,10.41,12.62,0.89,0.14
127141,Platichthys flesus,Combined,Area,NA,3.d.24,2020-2024,2530,6.39,1.23,3.98,8.81,9.86,0.92,8.06,11.66,13.33,0.63,12.09,14.56,0.87,0.14
127160,Solea solea,Combined,Area,NA,3.a.21,2020-2024,177,11.71,2.51,6.78,16.63,15.33,1.71,11.97,18.69,18.95,1.07,16.85,21.04,0.8,0.18
127160,Solea solea,Combined,Area,NA,3.c.22,2020-2024,228,14.95,0.77,13.44,16.46,16.99,0.55,15.91,18.06,19.02,0.47,18.1,19.94,0.92,0.53
126417,Clupea harengus,Combined,Area,NA,3.d.26,2020-2024,5136,13.27,0.1,13.09,13.46,14.65,0.07,14.51,14.79,16.03,0.07,15.9,16.16,0.93,0.58
126417,Clupea harengus,Combined,Area,NA,3.d.25,2020-2024,3902,13.98,0.1,13.8,14.17,15.19,0.07,15.05,15.34,16.4,0.07,16.26,16.55,0.95,0.62
127150,Scophthalmus rhombus,Combined,Area,NA,3.c.22,2020-2024,63,20.82,0.87,19.11,22.54,22.12,0.95,20.26,23.98,23.42,1.18,21.1,25.73,0.98,0.89
126441,Pollachius virens,Combined,Area,NA,3.a.20,2020-2024,194,46.17,1.8,42.65,49.7,54.82,1.73,51.43,58.21,63.46,2.46,58.65,68.28,0.89,0.47
127160,Solea solea,Combined,Area,NA,8.a,2005-2009,1234,20.84,0.22,20.41,21.28,22.42,0.18,22.07,22.76,23.99,0.19,23.62,24.37,0.97,0.74
127160,Solea solea,Combined,Area,NA,8.b,2005-2009,454,20.57,0.4,19.79,21.35,22.05,0.32,21.43,22.68,23.54,0.35,22.85,24.23,0.99,0.83
127160,Solea solea,Combined,Area,NA,8.a,2010-2014,1480,20.09,0.26,19.58,20.59,21.82,0.18,21.46,22.18,23.55,0.16,23.23,23.87,0.95,0.58
127160,Solea solea,Combined,Area,NA,8.b,2010-2014,1080,18.94,0.34,18.28,19.6,21.09,0.24,20.62,21.56,23.24,0.22,22.81,23.68,0.94,0.55
127160,Solea solea,Combined,Area,NA,8.b,2015-2019,1725,18.55,0.35,17.86,19.23,22.25,0.22,21.81,22.69,25.95,0.23,25.49,26.4,0.82,0.32
127160,Solea solea,Combined,Area,NA,8.a,2015-2019,1781,17.99,0.43,17.15,18.83,22.03,0.27,21.51,22.55,26.07,0.24,25.6,26.55,0.82,0.3
126986,Mullus surmuletus,Combined,Area,NA,8.a,2015-2019,147,13.52,1.06,11.45,15.6,18.16,0.82,16.55,19.77,22.79,1.34,20.16,25.42,0.8,0.26
126555,Lophius piscatorius,Combined,Area,NA,8.a,2015-2019,66,44.08,4.28,35.69,52.47,55.71,4.81,46.27,65.15,67.35,6.66,54.29,80.4,0.92,0.5
126554,Lophius budegassa,Combined,Area,NA,8.a,2015-2019,123,26.64,1.92,22.88,30.41,34.31,1.69,31,37.62,41.99,2.48,37.13,46.84,0.87,0.41
126438,Merlangius merlangus,Combined,Area,NA,8.a,2015-2019,192,20.1,1.18,17.78,22.41,26.4,1.15,24.14,28.66,32.71,1.7,29.38,36.03,0.87,0.38
126484,Merluccius merluccius,Combined,Area,NA,8.a,2015-2019,292,28.57,0.97,26.67,30.46,34.72,1.02,32.73,36.71,40.87,1.58,37.78,43.96,0.89,0.45
126484,Merluccius merluccius,Combined,Area,NA,8.b,2015-2019,561,29.92,0.62,28.71,31.12,34.77,0.5,33.78,35.75,39.62,0.7,38.25,40.98,0.88,0.44
126438,Merlangius merlangus,Combined,Area,NA,8.b,2015-2019,88,16.69,3.54,9.75,23.62,25,1.79,21.5,28.51,33.32,2.86,27.71,38.92,0.65,0.12
127160,Solea solea,Combined,Area,NA,8.a,2020-2024,924,20.18,0.42,19.36,20.99,23.11,0.28,22.57,23.66,26.05,0.27,25.52,26.57,0.88,0.44
127160,Solea solea,Combined,Area,NA,8.b,2020-2024,1363,20.17,0.32,19.54,20.8,23.33,0.22,22.89,23.76,26.49,0.24,26.02,26.96,0.88,0.44
126986,Mullus surmuletus,Combined,Area,NA,8.a,2020-2024,305,14.81,0.4,14.02,15.6,17.48,0.4,16.69,18.27,20.15,0.61,18.95,21.35,0.87,0.44
126986,Mullus surmuletus,Combined,Area,NA,8.b,2020-2024,350,15.33,0.46,14.42,16.23,18.83,0.48,17.88,19.78,22.33,0.79,20.78,23.88,0.82,0.28
126555,Lophius piscatorius,Combined,Area,NA,8.a,2020-2024,250,32.34,1.46,29.47,35.21,40.38,1.57,37.3,43.47,48.43,2.22,44.08,52.77,0.92,0.54
126555,Lophius piscatorius,Combined,Area,NA,8.b,2020-2024,81,41.87,2.43,37.11,46.62,47.52,2.31,42.99,52.04,53.16,2.98,47.32,59.01,0.96,0.64
126554,Lophius budegassa,Combined,Area,NA,8.a,2020-2024,481,26.48,0.91,24.69,28.28,33.94,0.83,32.32,35.57,41.4,1.25,38.95,43.85,0.86,0.36
126975,Dicentrarchus labrax,Combined,Area,NA,8.b,2020-2024,132,30.79,1.41,28.03,33.54,34.33,0.89,32.57,36.08,37.87,0.86,36.18,39.55,0.87,0.34
126554,Lophius budegassa,Combined,Area,NA,8.b,2020-2024,157,26.62,2.05,22.61,30.63,35.25,1.49,32.33,38.18,43.88,2.27,39.43,48.34,0.82,0.29
126436,Gadus morhua,Combined,Area,NA,4.b,2000-2004,4422,34.58,0.35,33.9,35.25,43.08,0.44,42.23,43.93,51.58,0.66,50.3,52.87,0.89,0.43
126436,Gadus morhua,Combined,Area,NA,4.a,2000-2004,3355,42.27,0.51,41.28,43.27,53.24,0.52,52.22,54.26,64.21,0.75,62.73,65.69,0.87,0.43
126436,Gadus morhua,Combined,Area,NA,4.b,2005-2009,3058,32.75,0.42,31.93,33.57,41.33,0.47,40.41,42.25,49.9,0.7,48.53,51.28,0.88,0.44
126436,Gadus morhua,Combined,Area,NA,4.c,2005-2009,925,37.02,1,35.06,38.99,48.02,0.85,46.34,49.69,59.01,1.26,56.55,61.47,0.84,0.36
126484,Merluccius merluccius,Combined,Area,NA,4.b,2005-2009,146,25.42,1.89,21.73,29.12,30.72,1.28,28.2,33.23,36.01,1.37,33.31,38.7,0.91,0.47
127140,Microstomus kitt,Combined,Area,NA,4.a,2005-2009,630,13.73,0.72,12.32,15.15,15.79,0.5,14.81,16.78,17.85,0.36,17.14,18.56,0.92,0.28
127140,Microstomus kitt,Combined,Area,NA,4.b,2005-2009,2091,4.63,1.71,1.27,7.98,10.26,1.16,7.98,12.55,15.9,0.66,14.6,17.2,0.74,0.08
127150,Scophthalmus rhombus,Combined,Area,NA,4.b,2005-2009,66,25.08,1.72,21.7,28.46,28.68,1.26,26.2,31.16,32.28,1.41,29.52,35.03,0.92,0.56
127150,Scophthalmus rhombus,Combined,Area,NA,4.c,2005-2009,86,26.16,2.49,21.28,31.05,28.14,1.82,24.57,31.72,30.13,1.5,27.2,33.06,0.99,0.91
126436,Gadus morhua,Combined,Area,NA,4.a,2005-2009,2217,33.92,0.73,32.49,35.34,46.35,0.63,45.12,47.58,58.79,0.92,56.97,60.6,0.86,0.38
126484,Merluccius merluccius,Combined,Area,NA,4.a,2005-2009,237,24.99,1.35,22.34,27.63,31.83,1.05,29.78,33.88,38.68,1.4,35.93,41.43,0.87,0.4
127143,Pleuronectes platessa,Combined,Area,NA,4.b,2005-2009,6472,18.85,0.15,18.56,19.14,22.07,0.11,21.85,22.3,25.3,0.13,25.04,25.55,0.93,0.58
127139,Limanda limanda,Combined,Area,NA,4.b,2005-2009,203,14.89,0.38,14.14,15.63,15.99,0.3,15.39,16.58,17.09,0.35,16.41,17.77,0.97,0.69
126484,Merluccius merluccius,Combined,Area,NA,4.b,2010-2014,179,24.92,1.75,21.5,28.35,31.19,1.31,28.62,33.76,37.46,1.54,34.46,40.47,0.91,0.51
126484,Merluccius merluccius,Combined,Area,NA,4.a,2010-2014,1591,37.94,0.49,36.98,38.9,44.3,0.51,43.3,45.3,50.67,0.7,49.29,52.04,0.94,0.59
127160,Solea solea,Combined,Area,NA,4.c,2010-2014,394,15.73,0.45,14.85,16.61,17.81,0.35,17.12,18.5,19.89,0.37,19.16,20.62,0.95,0.67
127160,Solea solea,Combined,Area,NA,4.b,2010-2014,675,13.58,0.73,12.15,15.02,15.85,0.5,14.87,16.84,18.12,0.36,17.42,18.82,0.91,0.28
127140,Microstomus kitt,Combined,Area,NA,4.b,2010-2014,2473,6.66,1.16,4.39,8.94,10.91,0.81,9.32,12.5,15.16,0.5,14.19,16.14,0.79,0.1
127150,Scophthalmus rhombus,Combined,Area,NA,4.b,2010-2014,100,18.06,2.17,13.81,22.31,22.53,1.35,19.89,25.17,27,1.2,24.66,29.35,0.82,0.32
127150,Scophthalmus rhombus,Combined,Area,NA,4.c,2010-2014,115,20.92,1.4,18.17,23.66,25.91,1.17,23.62,28.2,30.9,1.55,27.87,33.94,0.88,0.45
126436,Gadus morhua,Combined,Area,NA,4.b,2010-2014,1932,32.37,0.54,31.31,33.44,40.59,0.59,39.43,41.74,48.8,0.84,47.15,50.45,0.92,0.55
127149,Scophthalmus maximus,Combined,Area,NA,4.c,2010-2014,60,22.47,0.98,20.54,24.4,24.92,1,22.95,26.88,27.37,1.34,24.74,29.99,0.93,0.64
126436,Gadus morhua,Combined,Area,NA,4.c,2010-2014,610,37.22,1.24,34.8,39.65,44.36,0.97,42.46,46.25,51.49,1.03,49.48,53.5,0.95,0.65
126436,Gadus morhua,Combined,Area,NA,4.b,2015-2019,1982,29.43,0.36,28.73,30.14,34.3,0.37,33.57,35.02,39.16,0.5,38.18,40.14,0.95,0.64
126484,Merluccius merluccius,Combined,Area,NA,4.b,2015-2019,171,24.22,2.55,19.23,29.21,30.98,1.67,27.7,34.25,37.73,1.54,34.72,40.74,0.89,0.41
126484,Merluccius merluccius,Combined,Area,NA,4.a,2015-2019,650,35.1,1.02,33.11,37.1,44.05,0.93,42.23,45.86,52.99,1.26,50.52,55.45,0.9,0.49
127160,Solea solea,Combined,Area,NA,4.c,2015-2019,994,14.24,0.35,13.56,14.92,16.53,0.26,16.03,17.03,18.83,0.25,18.34,19.31,0.93,0.56
127160,Solea solea,Combined,Area,NA,4.b,2015-2019,1449,15.94,0.32,15.31,16.56,18.06,0.22,17.64,18.49,20.19,0.19,19.82,20.56,0.92,0.37
127140,Microstomus kitt,Combined,Area,NA,4.b,2015-2019,3518,8.5,0.67,7.2,9.81,12.02,0.46,11.12,12.92,15.54,0.28,14.98,16.1,0.81,0.14
127140,Microstomus kitt,Combined,Area,NA,4.a,2015-2019,923,7.2,1.99,3.29,11.1,11.27,1.4,8.52,14.02,15.34,0.86,13.64,17.03,0.79,0.08
127140,Microstomus kitt,Combined,Area,NA,4.c,2015-2019,236,12.61,0.47,11.68,13.53,14.65,0.36,13.95,15.35,16.69,0.42,15.87,17.52,0.91,0.52
127150,Scophthalmus rhombus,Combined,Area,NA,4.c,2015-2019,99,18.62,1.72,15.25,21.98,21.9,1.22,19.51,24.3,25.19,1.04,23.16,27.22,0.9,0.56
127150,Scophthalmus rhombus,Combined,Area,NA,4.b,2015-2019,219,17.53,1.66,14.28,20.78,21.58,1.08,19.45,23.71,25.63,0.83,24,27.26,0.88,0.36
127149,Scophthalmus maximus,Combined,Area,NA,4.b,2015-2019,513,16.88,0.77,15.36,18.4,20.1,0.52,19.08,21.12,23.33,0.45,22.45,24.2,0.9,0.37
127149,Scophthalmus maximus,Combined,Area,NA,4.c,2015-2019,144,12.12,2.91,6.43,17.82,17.55,1.83,13.97,21.13,22.98,1.2,20.61,25.34,0.79,0.18
126436,Gadus morhua,Combined,Area,NA,4.c,2015-2019,274,25.93,2.77,20.49,31.36,33.96,1.79,30.45,37.48,42,1.34,39.37,44.63,0.82,0.31
127143,Pleuronectes platessa,Combined,Area,NA,4.b,2015-2019,8107,16.34,0.14,16.07,16.61,19.32,0.11,19.11,19.53,22.3,0.11,22.08,22.52,0.94,0.63
127139,Limanda limanda,Combined,Area,NA,4.b,2015-2019,663,9.14,1.02,7.14,11.13,12.1,0.68,10.77,13.43,15.07,0.42,14.24,15.89,0.81,0.17
126436,Gadus morhua,Combined,Area,NA,4.a,2015-2019,4652,41.76,0.47,40.85,42.68,53.12,0.4,52.33,53.9,64.47,0.56,63.37,65.57,0.86,0.39
127143,Pleuronectes platessa,Combined,Area,NA,4.c,2015-2019,1963,16.79,0.22,16.37,17.22,19.5,0.18,19.16,19.85,22.22,0.21,21.81,22.63,0.94,0.6
127139,Limanda limanda,Combined,Area,NA,4.c,2015-2019,50,17.52,0.93,15.7,19.34,19.59,0.7,18.21,20.97,21.65,0.88,19.94,23.37,0.87,0.43
126436,Gadus morhua,Combined,Area,NA,4.b,2020-2024,1978,29.07,0.37,28.34,29.8,35.19,0.38,34.45,35.92,41.3,0.57,40.2,42.41,0.89,0.44
126436,Gadus morhua,Combined,Area,NA,4.a,2020-2024,3241,47.68,0.53,46.63,48.72,58.82,0.5,57.83,59.81,69.96,0.72,68.54,71.37,0.86,0.41
126484,Merluccius merluccius,Combined,Area,NA,4.b,2020-2024,172,27.53,1.6,24.4,30.66,32.49,1.11,30.31,34.67,37.45,1.23,35.04,39.86,0.92,0.49
126484,Merluccius merluccius,Combined,Area,NA,4.a,2020-2024,399,33.74,1.12,31.55,35.94,41.7,1,39.74,43.66,49.66,1.43,46.86,52.46,0.89,0.43
127143,Pleuronectes platessa,Combined,Area,NA,4.b,2020-2024,14852,16.11,0.09,15.92,16.29,18.69,0.07,18.56,18.83,21.28,0.07,21.15,21.42,0.93,0.55
127143,Pleuronectes platessa,Combined,Area,NA,4.c,2020-2024,1937,15.47,0.18,15.12,15.82,17.44,0.13,17.18,17.71,19.42,0.15,19.12,19.71,0.93,0.58
127139,Limanda limanda,Combined,Area,NA,4.c,2020-2024,437,17.24,0.35,16.56,17.92,19.43,0.28,18.89,19.98,21.63,0.33,20.97,22.28,0.91,0.53
127139,Limanda limanda,Combined,Area,NA,4.b,2020-2024,4083,12.58,0.14,12.31,12.85,14.63,0.1,14.44,14.82,16.68,0.1,16.48,16.87,0.91,0.47
127160,Solea solea,Combined,Area,NA,4.c,2020-2024,1636,12.33,0.48,11.39,13.27,16.05,0.31,15.44,16.66,19.77,0.25,19.29,20.26,0.84,0.32
127160,Solea solea,Combined,Area,NA,4.b,2020-2024,1659,12.71,0.79,11.16,14.26,16.47,0.51,15.47,17.48,20.24,0.31,19.63,20.84,0.79,0.15
127140,Microstomus kitt,Combined,Area,NA,4.b,2020-2024,3363,10.1,0.42,9.27,10.93,13.47,0.27,12.94,14,16.84,0.17,16.5,17.18,0.81,0.2
127140,Microstomus kitt,Combined,Area,NA,4.c,2020-2024,595,14.54,0.31,13.92,15.16,17.32,0.26,16.81,17.83,20.1,0.39,19.34,20.86,0.83,0.32
127149,Scophthalmus maximus,Combined,Area,NA,4.b,2020-2024,763,16.6,0.7,15.23,17.97,18.94,0.47,18.02,19.86,21.28,0.34,20.61,21.95,0.92,0.32
127149,Scophthalmus maximus,Combined,Area,NA,4.c,2020-2024,151,18.89,0.79,17.34,20.44,21.86,0.62,20.64,23.08,24.82,0.82,23.22,26.42,0.91,0.48
127136,Glyptocephalus cynoglossus,Combined,Area,NA,4.a,2020-2024,230,16.42,0.72,15.01,17.83,17.97,0.57,16.86,19.08,19.52,0.59,18.37,20.68,0.97,0.69
127136,Glyptocephalus cynoglossus,Combined,Area,NA,4.b,2020-2024,277,16.96,1,15.01,18.92,19.84,0.71,18.44,21.23,22.71,0.63,21.48,23.93,0.92,0.52
127143,Pleuronectes platessa,Combined,Area,NA,4.c,2000-2004,370,14.12,0.91,12.34,15.89,20.05,0.66,18.74,21.35,25.98,0.98,24.06,27.89,0.81,0.29
127143,Pleuronectes platessa,Combined,Area,NA,4.b,2000-2004,2677,17.41,0.37,16.69,18.12,22.38,0.23,21.92,22.83,27.35,0.25,26.85,27.85,0.82,0.32
127143,Pleuronectes platessa,Combined,Area,NA,4.c,2005-2009,3099,21.17,0.18,20.83,21.51,24.01,0.18,23.66,24.36,26.85,0.24,26.37,27.32,0.94,0.55
127160,Solea solea,Combined,Area,NA,4.c,2005-2009,243,17.73,0.51,16.73,18.73,19.62,0.44,18.75,20.49,21.51,0.51,20.51,22.51,0.97,0.72
127139,Limanda limanda,Combined,Area,NA,4.c,2005-2009,505,14.41,0.37,13.68,15.14,16.83,0.28,16.28,17.37,19.25,0.33,18.61,19.89,0.89,0.48
127143,Pleuronectes platessa,Combined,Area,NA,4.c,2010-2014,2707,17.91,0.19,17.55,18.27,20.59,0.16,20.28,20.9,23.27,0.19,22.89,23.64,0.95,0.65
127143,Pleuronectes platessa,Combined,Area,NA,4.b,2010-2014,7952,16.02,0.17,15.69,16.36,19.89,0.13,19.64,20.14,23.75,0.13,23.5,24.01,0.91,0.52
127139,Limanda limanda,Combined,Area,NA,4.c,2010-2014,365,9.99,0.96,8.11,11.88,11.62,0.69,10.26,12.97,13.24,0.5,12.26,14.22,0.94,0.29
127259,Chelidonichthys cuculus,Combined,Area,NA,8.b,2015-2019,127,14.83,1.36,12.16,17.51,18.42,0.76,16.93,19.9,22,0.82,20.4,23.6,0.75,0.17
127259,Chelidonichthys cuculus,Combined,Area,NA,8.a,2015-2019,213,15.06,1.01,13.08,17.04,18.23,0.71,16.85,19.62,21.4,0.66,20.1,22.7,0.9,0.44
126438,Merlangius merlangus,Combined,Area,NA,7.g,2015-2019,519,16.48,0.38,15.74,17.22,18.64,0.28,18.08,19.19,20.79,0.36,20.09,21.5,0.93,0.52
126436,Gadus morhua,Combined,Area,NA,7.g,2015-2019,39,25.17,7.69,10.11,40.24,37.16,4.15,29.02,45.29,49.14,5.83,37.7,60.57,0.75,0.19
126437,Melanogrammus aeglefinus,Combined,Area,NA,7.h,2015-2019,440,22.5,0.75,21.03,23.98,25.51,0.71,24.13,26.9,28.52,0.89,26.77,30.28,0.98,0.75
126437,Melanogrammus aeglefinus,Combined,Area,NA,7.j.2,2015-2019,571,17.56,1.27,15.07,20.06,23.87,0.88,22.14,25.6,30.18,0.85,28.51,31.84,0.9,0.45
126437,Melanogrammus aeglefinus,Combined,Area,NA,7.g,2015-2019,140,18.96,1.82,15.39,22.54,21.64,1.13,19.43,23.84,24.32,0.92,22.52,26.11,0.95,0.46
126421,Sardina pilchardus,Combined,Area,NA,8.a,2015-2019,63,13.85,0.52,12.82,14.87,15.11,0.43,14.27,15.95,16.38,0.5,15.39,17.36,0.9,0.55
126484,Merluccius merluccius,Combined,Area,NA,8.c,2015-2019,2188,23.99,0.6,22.8,25.17,33.14,0.41,32.33,33.95,42.3,0.61,41.1,43.49,0.8,0.26
126484,Merluccius merluccius,Combined,Area,NA,7.g,2015-2019,216,22.65,1.25,20.2,25.11,25.22,0.9,23.46,26.98,27.79,0.75,26.31,29.26,0.96,0.59
126484,Merluccius merluccius,Combined,Area,NA,7.j.2,2015-2019,215,24.35,0.75,22.87,25.83,27.31,0.59,26.15,28.48,30.28,0.82,28.68,31.88,0.93,0.54
126484,Merluccius merluccius,Combined,Area,NA,7.h,2015-2019,131,32.24,1.68,28.96,35.52,37.32,1.52,34.33,40.31,42.4,2.04,38.4,46.4,0.97,0.68
126555,Lophius piscatorius,Combined,Area,NA,7.g,2015-2019,76,26.9,2.52,21.96,31.85,33.23,1.84,29.62,36.84,39.56,2.35,34.96,44.16,0.89,0.45
126445,Trisopterus luscus,Combined,Area,NA,8.b,2015-2019,219,14.27,1.29,11.74,16.8,18.11,0.87,16.4,19.82,21.94,0.73,20.51,23.38,0.87,0.32
126445,Trisopterus luscus,Combined,Area,NA,8.a,2015-2019,143,9.55,2.64,4.37,14.73,15.34,1.66,12.09,18.58,21.13,1.31,18.56,23.69,0.84,0.24
126554,Lophius budegassa,Combined,Area,NA,8.c,2015-2019,175,34.22,1.59,31.1,37.35,40.16,1.17,37.87,42.45,46.1,1.43,43.3,48.89,0.91,0.5
126554,Lophius budegassa,Combined,Area,NA,7.j.2,2015-2019,96,24.5,1.28,21.99,27.02,28.25,1.06,26.18,30.32,32.01,1.36,29.33,34.68,0.92,0.54
126438,Merlangius merlangus,Combined,Area,NA,7.h,2015-2019,80,29.78,1.94,25.98,33.58,33.16,1.31,30.58,35.74,36.54,1.17,34.24,38.83,0.91,0.39
126445,Trisopterus luscus,Combined,Area,NA,8.c,2015-2019,294,11.07,2.45,6.28,15.87,17.11,1.49,14.19,20.03,23.15,0.89,21.42,24.89,0.74,0.13
126438,Merlangius merlangus,Combined,Area,NA,7.g,2020-2024,1264,15.26,0.48,14.32,16.2,19.28,0.34,18.61,19.95,23.3,0.36,22.59,24.02,0.91,0.47
126438,Merlangius merlangus,Combined,Area,NA,8.a,2020-2024,411,14.94,0.98,13.02,16.87,20,0.64,18.74,21.26,25.05,0.65,23.78,26.32,0.83,0.32
126438,Merlangius merlangus,Combined,Area,NA,8.b,2020-2024,219,20.55,0.73,19.11,21.99,24.82,0.83,23.2,26.45,29.1,1.26,26.63,31.56,0.87,0.38
126436,Gadus morhua,Combined,Area,NA,7.g,2020-2024,53,28.03,7.96,12.43,43.63,41.9,4.54,33.01,50.8,55.78,5.06,45.87,65.69,0.78,0.2
126437,Melanogrammus aeglefinus,Combined,Area,NA,7.g,2020-2024,258,17.54,0.91,15.75,19.32,19.97,0.7,18.6,21.34,22.41,0.66,21.12,23.69,0.97,0.68
126437,Melanogrammus aeglefinus,Combined,Area,NA,7.h,2020-2024,465,16.22,3.01,10.32,22.11,29.8,1.84,26.2,33.4,43.39,1.55,40.36,46.41,0.79,0.24
126437,Melanogrammus aeglefinus,Combined,Area,NA,8.a,2020-2024,87,25.86,3.04,19.91,31.82,34.29,1.96,30.46,38.13,42.72,2.61,37.61,47.84,0.81,0.28
126437,Melanogrammus aeglefinus,Combined,Area,NA,7.j.2,2020-2024,1056,17,0.97,15.09,18.91,22.75,0.67,21.44,24.06,28.5,0.58,27.37,29.64,0.9,0.41
127259,Chelidonichthys cuculus,Combined,Area,NA,8.b,2020-2024,53,18.33,1.44,15.51,21.16,21.54,1.1,19.38,23.71,24.75,1.29,22.22,27.28,0.88,0.47
127259,Chelidonichthys cuculus,Combined,Area,NA,8.a,2020-2024,386,18.45,0.54,17.39,19.51,21.68,0.41,20.89,22.48,24.92,0.51,23.91,25.92,0.89,0.44
126445,Trisopterus luscus,Combined,Area,NA,8.a,2020-2024,323,14.69,1.55,11.66,17.72,18.31,1.07,16.2,20.41,21.93,0.73,20.49,23.37,0.83,0.35
126445,Trisopterus luscus,Combined,Area,NA,8.b,2020-2024,284,16.03,0.44,15.18,16.89,18.39,0.36,17.69,19.09,20.75,0.5,19.77,21.72,0.9,0.48
126484,Merluccius merluccius,Combined,Area,NA,8.b,2020-2024,482,28.18,0.86,26.5,29.86,34.51,0.65,33.24,35.78,40.84,0.93,39.02,42.67,0.84,0.34
126484,Merluccius merluccius,Combined,Area,NA,8.c,2020-2024,1357,21.9,1.04,19.85,23.94,32.47,0.64,31.21,33.72,43.04,0.79,41.48,44.59,0.8,0.26
126484,Merluccius merluccius,Combined,Area,NA,7.g,2020-2024,458,27.86,0.95,26,29.72,32,0.82,30.38,33.61,36.13,0.92,34.34,37.92,0.98,0.77
126484,Merluccius merluccius,Combined,Area,NA,7.j.2,2020-2024,623,29.15,0.72,27.73,30.57,35.4,0.65,34.13,36.67,41.65,0.98,39.72,43.58,0.9,0.46
126484,Merluccius merluccius,Combined,Area,NA,7.h,2020-2024,229,32.74,2.09,28.65,36.84,38.51,1.57,35.44,41.58,44.28,1.54,41.26,47.3,0.96,0.66
126484,Merluccius merluccius,Combined,Area,NA,8.a,2020-2024,668,32.77,0.64,31.51,34.03,38.42,0.77,36.92,39.93,44.08,1.15,41.82,46.33,0.94,0.57
127160,Solea solea,Combined,Area,NA,7.g,2020-2024,99,20.37,1.44,17.56,23.18,23.07,0.93,21.24,24.89,25.76,0.82,24.16,27.37,0.88,0.37
126555,Lophius piscatorius,Combined,Area,NA,7.g,2020-2024,149,28.32,2.45,23.51,33.13,38.19,1.9,34.47,41.91,48.06,2.54,43.08,53.03,0.86,0.39
126555,Lophius piscatorius,Combined,Area,NA,7.j.2,2020-2024,91,30.66,3.57,23.65,37.66,39.5,2.63,34.35,44.65,48.34,2.77,42.91,53.78,0.9,0.53
126555,Lophius piscatorius,Combined,Area,NA,7.h,2020-2024,74,38.64,5,28.83,48.44,47.05,3.63,39.93,54.17,55.46,3.13,49.32,61.6,0.9,0.58
126554,Lophius budegassa,Combined,Area,NA,8.c,2020-2024,192,32.32,1.4,29.57,35.06,39.02,1.15,36.76,41.27,45.72,1.66,42.47,48.96,0.86,0.38
126554,Lophius budegassa,Combined,Area,NA,7.j.2,2020-2024,311,24.66,1.67,21.38,27.94,34.43,1.21,32.05,36.81,44.21,1.7,40.88,47.54,0.83,0.31
126554,Lophius budegassa,Combined,Area,NA,7.h,2020-2024,51,30.41,4.56,21.48,39.34,38.2,3.41,31.52,44.88,46,3.35,39.42,52.57,0.92,0.53
126555,Lophius piscatorius,Combined,Area,NA,8.c,2020-2024,215,46.03,1.54,43,49.05,53.91,1.73,50.52,57.31,61.79,2.49,56.92,66.67,0.92,0.56
126438,Merlangius merlangus,Combined,Area,NA,7.d,2005-2009,711,13.35,1.26,10.88,15.82,18.5,0.8,16.94,20.07,23.65,0.53,22.62,24.69,0.8,0.18
126438,Merlangius merlangus,Combined,Area,NA,4.c,2005-2009,1924,16.02,0.37,15.29,16.75,20.47,0.25,19.98,20.95,24.92,0.27,24.39,25.44,0.83,0.32
126436,Gadus morhua,Combined,Area,NA,7.d,2005-2009,596,33.22,1.35,30.58,35.86,42.68,0.88,40.96,44.4,52.13,1.09,50,54.27,0.81,0.29
127143,Pleuronectes platessa,Combined,Area,NA,7.d,2005-2009,569,14.89,1.41,12.13,17.65,19.53,0.89,17.79,21.28,24.18,0.55,23.1,25.26,0.81,0.15
126436,Gadus morhua,Combined,Area,NA,7.d,2010-2014,695,42.38,0.88,40.65,44.11,50.16,0.9,48.41,51.92,57.95,1.22,55.55,60.35,0.93,0.55
127143,Pleuronectes platessa,Combined,Area,NA,7.d,2010-2014,1877,12.54,0.79,10.99,14.1,16.98,0.53,15.94,18.01,21.41,0.35,20.73,22.09,0.84,0.2
126438,Merlangius merlangus,Combined,Area,NA,7.d,2010-2014,2171,13.13,0.74,11.69,14.58,18.3,0.47,17.37,19.22,23.46,0.31,22.85,24.07,0.8,0.21
126438,Merlangius merlangus,Combined,Area,NA,4.c,2010-2014,2334,14.73,0.28,14.18,15.27,17.52,0.2,17.13,17.9,20.3,0.19,19.94,20.67,0.92,0.45
127259,Chelidonichthys cuculus,Combined,Area,NA,7.d,2010-2014,201,16.57,1.08,14.44,18.69,19.44,0.72,18.04,20.85,22.32,0.58,21.19,23.45,0.87,0.34
126438,Merlangius merlangus,Combined,Area,NA,7.d,2015-2019,1849,14.87,0.47,13.96,15.78,18.31,0.32,17.69,18.94,21.76,0.25,21.27,22.25,0.88,0.36
126438,Merlangius merlangus,Combined,Area,NA,7.e,2015-2019,699,25.36,0.58,24.23,26.48,29.43,0.39,28.66,30.2,33.5,0.44,32.64,34.37,0.88,0.43
127143,Pleuronectes platessa,Combined,Area,NA,7.d,2015-2019,2347,13.65,0.55,12.58,14.73,17.31,0.36,16.6,18.02,20.97,0.26,20.46,21.47,0.88,0.26
127259,Chelidonichthys cuculus,Combined,Area,NA,7.d,2015-2019,366,17.54,0.79,15.99,19.09,20.28,0.54,19.22,21.34,23.01,0.45,22.12,23.9,0.92,0.39
126445,Trisopterus luscus,Combined,Area,NA,7.d,2015-2019,317,13.32,1.05,11.26,15.38,18.21,0.69,16.86,19.55,23.1,0.72,21.69,24.5,0.82,0.31
126445,Trisopterus luscus,Combined,Area,NA,4.c,2015-2019,210,13.29,1.07,11.2,15.38,16.81,0.67,15.51,18.11,20.33,0.64,19.07,21.58,0.83,0.27
126975,Dicentrarchus labrax,Combined,Area,NA,7.d,2015-2019,504,23.89,2.36,19.27,28.52,27.65,1.66,24.4,30.9,31.41,1.05,29.36,33.47,0.88,0.17
126438,Merlangius merlangus,Combined,Area,NA,4.c,2015-2019,2340,12.98,0.36,12.28,13.69,16.79,0.23,16.33,17.25,20.6,0.22,20.17,21.02,0.86,0.34
126438,Merlangius merlangus,Combined,Area,NA,7.d,2020-2024,1426,17.83,0.37,17.11,18.56,21.21,0.25,20.72,21.7,24.59,0.24,24.11,25.06,0.86,0.38
126438,Merlangius merlangus,Combined,Area,NA,7.e,2020-2024,1200,21.86,0.46,20.96,22.76,26.15,0.33,25.5,26.8,30.45,0.36,29.74,31.15,0.89,0.49
127143,Pleuronectes platessa,Combined,Area,NA,7.d,2020-2024,1816,13.01,0.61,11.82,14.2,17.32,0.38,16.58,18.05,21.62,0.27,21.1,22.15,0.82,0.22
127143,Pleuronectes platessa,Combined,Area,NA,7.e,2020-2024,64,22.28,1.01,20.29,24.26,24.24,0.72,22.82,25.65,26.2,0.77,24.68,27.72,0.93,0.53
127259,Chelidonichthys cuculus,Combined,Area,NA,7.d,2020-2024,495,21.72,0.51,20.71,22.72,24.88,0.35,24.2,25.56,28.04,0.4,27.26,28.81,0.86,0.39
126445,Trisopterus luscus,Combined,Area,NA,7.d,2020-2024,451,14.3,0.58,13.16,15.43,17.7,0.41,16.9,18.51,21.11,0.47,20.19,22.03,0.88,0.41
126975,Dicentrarchus labrax,Combined,Area,NA,7.d,2020-2024,941,26.53,0.72,25.13,27.94,29.86,0.48,28.91,30.81,33.18,0.38,32.45,33.92,0.9,0.33
105891,Raja undulata,Combined,Area,NA,7.d,2020-2024,156,62.75,1.64,59.53,65.98,67.6,1.41,64.84,70.36,72.45,1.61,69.28,75.61,0.97,0.75
105815,Scyliorhinus stellaris,Combined,Area,NA,7.d,2020-2024,139,71.09,3.03,65.14,77.04,79.28,2.57,74.24,84.31,87.46,2.7,82.17,92.76,0.96,0.76
126438,Merlangius merlangus,Combined,Area,NA,4.c,2020-2024,1957,14.29,0.27,13.75,14.82,16.67,0.19,16.3,17.04,19.06,0.18,18.71,19.41,0.92,0.43
105891,Raja undulata,Combined,Area,NA,7.e,2020-2024,52,67.88,1.65,64.64,71.12,70.78,1.49,67.86,73.7,73.68,1.78,70.19,77.17,0.98,0.75
126438,Merlangius merlangus,Combined,Area,NA,7.a,2005-2009,4194,13.88,0.36,13.17,14.59,20.72,0.21,20.3,21.13,27.55,0.33,26.91,28.19,0.75,0.18
126436,Gadus morhua,Combined,Area,NA,7.a,2005-2009,333,29.51,1.22,27.11,31.9,33.67,0.96,31.78,35.56,37.84,0.93,36.01,39.66,0.96,0.76
126437,Melanogrammus aeglefinus,Combined,Area,NA,7.a,2005-2009,1576,17.64,0.28,17.09,18.19,20.29,0.22,19.86,20.73,22.95,0.25,22.46,23.43,0.95,0.58
126438,Merlangius merlangus,Combined,Area,NA,7.a,2010-2014,11980,18.3,0.18,17.94,18.65,25.9,0.16,25.58,26.21,33.5,0.29,32.93,34.07,0.75,0.17
126436,Gadus morhua,Combined,Area,NA,7.a,2010-2014,1551,32.09,0.51,31.08,33.09,36.79,0.42,35.97,37.61,41.49,0.45,40.61,42.36,0.96,0.73
126437,Melanogrammus aeglefinus,Combined,Area,NA,7.a,2010-2014,3747,18.86,0.21,18.45,19.27,22.8,0.17,22.47,23.12,26.73,0.21,26.33,27.14,0.9,0.5
127143,Pleuronectes platessa,Combined,Area,NA,7.a,2010-2014,2635,16.47,0.23,16.02,16.93,19.47,0.16,19.15,19.79,22.46,0.17,22.12,22.8,0.9,0.46
126417,Clupea harengus,Combined,Area,NA,7.a,2010-2014,148,21.18,0.24,20.71,21.64,21.71,0.19,21.34,22.08,22.25,0.2,21.86,22.64,0.98,0.74
126438,Merlangius merlangus,Combined,Area,NA,7.a,2015-2019,11013,20.23,0.18,19.88,20.59,27.87,0.18,27.51,28.22,35.5,0.32,34.88,36.12,0.76,0.18
126436,Gadus morhua,Combined,Area,NA,7.a,2015-2019,1484,25.46,0.65,24.18,26.74,31.89,0.5,30.91,32.88,38.33,0.53,37.28,39.37,0.92,0.56
126437,Melanogrammus aeglefinus,Combined,Area,NA,7.a,2015-2019,4756,19.51,0.17,19.18,19.83,21.98,0.14,21.71,22.24,24.45,0.15,24.15,24.75,0.97,0.69
127143,Pleuronectes platessa,Combined,Area,NA,7.a,2015-2019,1603,15.96,0.41,15.16,16.77,20.23,0.27,19.71,20.76,24.5,0.29,23.94,25.06,0.84,0.33
126484,Merluccius merluccius,Combined,Area,NA,7.a,2015-2019,47,35.27,3.42,28.57,41.97,44.51,3.5,37.66,51.37,53.76,6.78,40.46,67.06,0.72,0.13
126438,Merlangius merlangus,Combined,Area,NA,7.a,2020-2024,9105,17.38,0.19,17.01,17.74,23.72,0.14,23.44,23.99,30.06,0.23,29.62,30.5,0.79,0.23
126436,Gadus morhua,Combined,Area,NA,7.a,2020-2024,610,28.87,0.66,27.59,30.16,33.54,0.6,32.37,34.71,38.2,0.72,36.79,39.61,0.95,0.67
126437,Melanogrammus aeglefinus,Combined,Area,NA,7.a,2020-2024,4194,17.78,0.2,17.39,18.17,20.63,0.15,20.32,20.93,23.47,0.16,23.15,23.8,0.95,0.6
126438,Merlangius merlangus,Combined,Area,NA,4.a,2000-2004,10975,18.22,0.16,17.91,18.54,22.39,0.11,22.17,22.6,26.55,0.11,26.34,26.76,0.87,0.43
126438,Merlangius merlangus,Combined,Area,NA,4.b,2000-2004,17853,17.46,0.1,17.27,17.65,21.34,0.07,21.2,21.47,25.22,0.08,25.05,25.38,0.86,0.39
126438,Merlangius merlangus,Combined,Area,NA,4.c,2000-2004,3216,18.07,0.26,17.56,18.58,22.66,0.18,22.3,23.02,27.26,0.23,26.8,27.71,0.83,0.34
126444,Trisopterus esmarkii,Combined,Area,NA,3.a.20,2000-2004,398,12.12,0.21,11.71,12.52,13.23,0.17,12.91,13.56,14.35,0.19,13.98,14.72,0.94,0.59
126444,Trisopterus esmarkii,Combined,Area,NA,4.a,2000-2004,1363,10.77,0.13,10.53,11.02,11.97,0.09,11.79,12.16,13.17,0.1,12.97,13.38,0.91,0.48
126444,Trisopterus esmarkii,Combined,Area,NA,4.b,2000-2004,1229,10.07,0.21,9.65,10.48,12.02,0.13,11.76,12.27,13.97,0.16,13.66,14.28,0.81,0.27
126444,Trisopterus esmarkii,Combined,Area,NA,3.a.21,2000-2004,210,12.85,0.23,12.4,13.29,13.94,0.23,13.49,14.4,15.04,0.32,14.42,15.67,0.91,0.57
126436,Gadus morhua,Combined,Area,NA,4.c,2000-2004,823,38.57,1.14,36.33,40.81,50.48,1.05,48.42,52.54,62.38,1.48,59.47,65.3,0.87,0.42
126437,Melanogrammus aeglefinus,Combined,Area,NA,4.a,2000-2004,7022,20.57,0.13,20.31,20.82,23.27,0.1,23.07,23.47,25.97,0.11,25.75,26.19,0.94,0.61
126437,Melanogrammus aeglefinus,Combined,Area,NA,3.a.20,2000-2004,846,24.22,0.42,23.41,25.04,28.27,0.4,27.5,29.05,32.32,0.53,31.29,33.35,0.92,0.55
126437,Melanogrammus aeglefinus,Combined,Area,NA,4.b,2000-2004,7665,20.22,0.14,19.95,20.5,23.15,0.11,22.94,23.36,26.08,0.11,25.86,26.29,0.93,0.57
126437,Melanogrammus aeglefinus,Combined,Area,NA,3.a.21,2000-2004,393,20.03,0.41,19.23,20.83,22.81,0.41,22.01,23.61,25.58,0.59,24.42,26.74,0.91,0.55
126425,Sprattus sprattus,Combined,Area,NA,4.b,2000-2004,3159,7.09,0.13,6.84,7.34,8.52,0.08,8.36,8.68,9.95,0.07,9.82,10.08,0.83,0.29
126425,Sprattus sprattus,Combined,Area,NA,4.c,2000-2004,790,5.51,0.45,4.63,6.4,7.24,0.29,6.67,7.81,8.97,0.18,8.62,9.32,0.78,0.16
126425,Sprattus sprattus,Combined,Area,NA,4.a,2000-2004,377,8.09,0.15,7.78,8.39,8.71,0.11,8.49,8.93,9.34,0.11,9.11,9.56,0.94,0.52
127143,Pleuronectes platessa,Combined,Area,NA,3.a.20,2000-2004,2614,17.07,0.33,16.43,17.72,21.69,0.21,21.28,22.09,26.3,0.24,25.83,26.78,0.8,0.27
126417,Clupea harengus,Combined,Area,NA,4.a,2000-2004,10315,20.23,0.07,20.09,20.37,21.86,0.05,21.75,21.96,23.48,0.05,23.38,23.58,0.94,0.57
126417,Clupea harengus,Combined,Area,NA,4.b,2000-2004,13567,19.91,0.06,19.8,20.02,22.09,0.05,21.99,22.19,24.27,0.07,24.13,24.41,0.9,0.5
126417,Clupea harengus,Combined,Area,NA,3.a.21,2000-2004,2896,21.46,0.11,21.25,21.67,23.15,0.11,22.93,23.37,24.84,0.16,24.54,25.15,0.93,0.49
126417,Clupea harengus,Combined,Area,NA,3.a.20,2000-2004,3960,22.98,0.09,22.8,23.16,24.55,0.09,24.37,24.74,26.12,0.13,25.87,26.38,0.95,0.55
126417,Clupea harengus,Combined,Area,NA,4.c,2000-2004,1554,20.86,0.16,20.55,21.17,22.56,0.12,22.32,22.8,24.26,0.15,23.96,24.56,0.93,0.56
127023,Scomber scombrus,Combined,Area,NA,4.a,2000-2004,460,21.38,0.54,20.32,22.44,23.63,0.41,22.83,24.43,25.88,0.38,25.12,26.63,0.94,0.53
126441,Pollachius virens,Combined,Area,NA,4.a,2000-2004,2012,40.27,0.39,39.5,41.04,45.07,0.28,44.52,45.61,49.86,0.33,49.21,50.52,0.89,0.44
127023,Scomber scombrus,Combined,Area,NA,4.b,2000-2004,1116,24.1,0.27,23.57,24.62,25.89,0.18,25.52,26.25,27.68,0.16,27.35,28,0.91,0.48
127023,Scomber scombrus,Combined,Area,NA,4.c,2000-2004,167,25.77,0.67,24.45,27.09,28.25,0.45,27.37,29.12,30.73,0.55,29.65,31.8,0.84,0.34
126425,Sprattus sprattus,Combined,Area,NA,3.a.20,2000-2004,265,10.57,0.13,10.32,10.82,11.14,0.11,10.92,11.36,11.71,0.14,11.44,11.98,0.95,0.67
126425,Sprattus sprattus,Combined,Area,NA,3.a.21,2000-2004,385,10.77,0.15,10.46,11.07,11.55,0.13,11.3,11.8,12.33,0.14,12.05,12.62,0.95,0.68
126425,Sprattus sprattus,Combined,Area,NA,3.c.22,2000-2004,63,10.89,0.33,10.24,11.54,11.49,0.26,10.98,12,12.09,0.27,11.57,12.61,0.96,0.66
126441,Pollachius virens,Combined,Area,NA,3.a.20,2000-2004,197,42.63,0.63,41.39,43.86,45.23,0.48,44.28,46.17,47.83,0.58,46.69,48.96,0.9,0.49
126438,Merlangius merlangus,Combined,Area,NA,4.a,2005-2009,8125,17.85,0.14,17.57,18.13,20.4,0.11,20.19,20.62,22.96,0.11,22.76,23.17,0.96,0.64
126438,Merlangius merlangus,Combined,Area,NA,4.b,2005-2009,11048,15.12,0.14,14.85,15.39,19.1,0.1,18.91,19.28,23.07,0.11,22.86,23.28,0.87,0.4
126444,Trisopterus esmarkii,Combined,Area,NA,4.a,2005-2009,2349,9.63,0.13,9.37,9.88,11.01,0.09,10.84,11.19,12.4,0.09,12.22,12.58,0.9,0.39
126444,Trisopterus esmarkii,Combined,Area,NA,4.b,2005-2009,1128,9.06,0.27,8.52,9.6,10.87,0.16,10.54,11.19,12.67,0.14,12.4,12.95,0.82,0.24
126444,Trisopterus esmarkii,Combined,Area,NA,3.a.20,2005-2009,401,13.71,0.18,13.37,14.05,14.66,0.15,14.36,14.97,15.62,0.19,15.24,15.99,0.96,0.69
126444,Trisopterus esmarkii,Combined,Area,NA,3.a.21,2005-2009,169,12.62,0.22,12.18,13.06,13.72,0.26,13.22,14.22,14.82,0.4,14.04,15.61,0.86,0.35
126437,Melanogrammus aeglefinus,Combined,Area,NA,4.a,2005-2009,8120,19.94,0.14,19.68,20.21,22.66,0.11,22.45,22.87,25.39,0.11,25.16,25.61,0.95,0.64
126437,Melanogrammus aeglefinus,Combined,Area,NA,4.b,2005-2009,5483,19.59,0.14,19.32,19.86,21.92,0.11,21.71,22.14,24.25,0.12,24.01,24.49,0.95,0.63
126437,Melanogrammus aeglefinus,Combined,Area,NA,3.a.20,2005-2009,858,27.43,0.52,26.41,28.46,32.88,0.51,31.87,33.88,38.32,0.72,36.9,39.73,0.88,0.42
126437,Melanogrammus aeglefinus,Combined,Area,NA,3.a.21,2005-2009,477,21.37,0.47,20.45,22.29,24.87,0.49,23.92,25.82,28.37,0.67,27.05,29.69,0.91,0.57
127136,Glyptocephalus cynoglossus,Combined,Area,NA,3.a.20,2005-2009,110,24.68,1.72,21.3,28.05,30.6,1.2,28.25,32.95,36.53,1.78,33.04,40.03,0.77,0.25
126425,Sprattus sprattus,Combined,Area,NA,3.a.21,2005-2009,1557,8.9,0.09,8.72,9.08,9.96,0.07,9.82,10.1,11.02,0.09,10.85,11.18,0.92,0.54
126425,Sprattus sprattus,Combined,Area,NA,3.a.20,2005-2009,876,8.98,0.11,8.76,9.2,10.07,0.1,9.89,10.26,11.16,0.12,10.92,11.4,0.9,0.51
126425,Sprattus sprattus,Combined,Area,NA,4.b,2005-2009,3525,6.93,0.12,6.69,7.16,8.47,0.08,8.31,8.62,10,0.07,9.88,10.13,0.82,0.29
126425,Sprattus sprattus,Combined,Area,NA,4.c,2005-2009,793,3.33,0.96,1.45,5.22,6.69,0.52,5.68,7.71,10.06,0.26,9.54,10.57,0.64,0.08
126425,Sprattus sprattus,Combined,Area,NA,3.c.22,2005-2009,181,8.88,0.39,8.12,9.63,10.17,0.26,9.65,10.69,11.46,0.26,10.95,11.97,0.85,0.41
126417,Clupea harengus,Combined,Area,NA,4.a,2005-2009,8776,21.7,0.07,21.57,21.84,22.74,0.05,22.64,22.84,23.78,0.05,23.68,23.87,0.97,0.67
126417,Clupea harengus,Combined,Area,NA,3.a.20,2005-2009,4295,22.94,0.09,22.75,23.12,24.65,0.09,24.47,24.83,26.36,0.12,26.12,26.61,0.94,0.55
126417,Clupea harengus,Combined,Area,NA,4.b,2005-2009,9751,20.14,0.07,20.01,20.26,21.94,0.06,21.82,22.05,23.74,0.07,23.6,23.88,0.95,0.66
126417,Clupea harengus,Combined,Area,NA,4.c,2005-2009,1022,20.37,0.21,19.96,20.78,22.1,0.18,21.75,22.46,23.84,0.22,23.4,24.28,0.96,0.66
126417,Clupea harengus,Combined,Area,NA,3.c.22,2005-2009,319,20.04,0.3,19.46,20.63,21.47,0.37,20.75,22.2,22.9,0.52,21.88,23.93,0.94,0.45
127023,Scomber scombrus,Combined,Area,NA,4.a,2005-2009,2806,24.77,0.12,24.53,25,26.29,0.09,26.11,26.47,27.82,0.1,27.62,28.01,0.95,0.63
126441,Pollachius virens,Combined,Area,NA,4.a,2005-2009,2273,38.83,0.46,37.92,39.74,43.92,0.3,43.33,44.51,49.02,0.3,48.42,49.61,0.87,0.36
126441,Pollachius virens,Combined,Area,NA,3.a.20,2005-2009,175,44.97,1.29,42.44,47.51,49.65,0.92,47.85,51.45,54.33,1.12,52.13,56.53,0.91,0.51
127023,Scomber scombrus,Combined,Area,NA,4.b,2005-2009,2525,24.01,0.18,23.66,24.36,26.49,0.12,26.26,26.72,28.96,0.14,28.7,29.23,0.84,0.32
126438,Merlangius merlangus,Combined,Area,NA,4.b,2010-2014,8968,15.13,0.1,14.92,15.33,17.43,0.08,17.28,17.59,19.74,0.09,19.57,19.91,0.94,0.56
126438,Merlangius merlangus,Combined,Area,NA,4.a,2010-2014,7440,17.52,0.13,17.26,17.79,19.62,0.11,19.41,19.83,21.72,0.11,21.51,21.94,0.97,0.71
126444,Trisopterus esmarkii,Combined,Area,NA,4.b,2010-2014,1287,8.25,0.37,7.52,8.98,10.77,0.22,10.35,11.19,13.28,0.18,12.94,13.63,0.79,0.19
126444,Trisopterus esmarkii,Combined,Area,NA,4.a,2010-2014,3167,9.44,0.13,9.17,9.7,11.1,0.09,10.92,11.28,12.77,0.09,12.6,12.94,0.89,0.38
126444,Trisopterus esmarkii,Combined,Area,NA,3.a.20,2010-2014,391,13.33,0.2,12.94,13.72,14.47,0.17,14.15,14.79,15.62,0.2,15.22,16.01,0.93,0.6
126444,Trisopterus esmarkii,Combined,Area,NA,3.a.21,2010-2014,166,13.4,0.28,12.84,13.96,14.5,0.34,13.83,15.17,15.6,0.47,14.67,16.52,0.9,0.56
126436,Gadus morhua,Combined,Area,NA,4.a,2010-2014,3886,42,0.44,41.13,42.87,51.87,0.39,51.1,52.64,61.74,0.55,60.66,62.82,0.87,0.42
126437,Melanogrammus aeglefinus,Combined,Area,NA,4.a,2010-2014,9125,21.53,0.15,21.24,21.82,24.76,0.11,24.54,24.98,27.99,0.12,27.76,28.22,0.94,0.59
126437,Melanogrammus aeglefinus,Combined,Area,NA,4.b,2010-2014,5182,20.75,0.17,20.42,21.08,23.42,0.13,23.15,23.68,26.08,0.14,25.8,26.36,0.95,0.63
127136,Glyptocephalus cynoglossus,Combined,Area,NA,3.a.20,2010-2014,1179,27.34,0.61,26.15,28.53,36.06,0.74,34.61,37.52,44.79,1.44,41.96,47.61,0.71,0.11
127136,Glyptocephalus cynoglossus,Combined,Area,NA,4.a,2010-2014,38,26.05,4.11,17.99,34.1,32.89,2.4,28.19,37.58,39.72,3.06,33.72,45.73,0.75,0.21
126425,Sprattus sprattus,Combined,Area,NA,4.b,2010-2014,5710,6.84,0.1,6.65,7.03,8.15,0.06,8.02,8.27,9.46,0.05,9.36,9.56,0.85,0.34
126425,Sprattus sprattus,Combined,Area,NA,3.a.21,2010-2014,1583,10.09,0.19,9.72,10.46,12.42,0.12,12.18,12.66,14.75,0.18,14.39,15.1,0.75,0.21
126425,Sprattus sprattus,Combined,Area,NA,3.c.22,2010-2014,218,10.53,1.51,7.58,13.49,16.7,2.01,12.76,20.63,22.86,5.01,13.04,32.68,0.55,0.02
126425,Sprattus sprattus,Combined,Area,NA,4.c,2010-2014,1162,3.88,0.64,2.63,5.14,6.22,0.41,5.42,7.02,8.56,0.22,8.13,8.99,0.72,0.1
126425,Sprattus sprattus,Combined,Area,NA,3.a.20,2010-2014,783,10.87,0.15,10.58,11.16,12.32,0.18,11.95,12.68,13.76,0.28,13.22,14.31,0.87,0.3
126425,Sprattus sprattus,Combined,Area,NA,4.a,2010-2014,651,7.63,0.15,7.34,7.92,8.17,0.11,7.97,8.38,8.71,0.1,8.52,8.91,0.96,0.5
126986,Mullus surmuletus,Combined,Area,NA,4.b,2010-2014,63,13.56,0.55,12.47,14.65,15.2,0.69,13.84,16.56,16.85,1.08,14.72,18.97,0.87,0.51
126417,Clupea harengus,Combined,Area,NA,4.b,2010-2014,12645,20.47,0.05,20.37,20.57,22.14,0.05,22.04,22.23,23.8,0.06,23.68,23.92,0.95,0.65
126417,Clupea harengus,Combined,Area,NA,4.a,2010-2014,11054,21.51,0.06,21.39,21.64,22.77,0.05,22.67,22.86,24.03,0.05,23.93,24.12,0.96,0.66
126417,Clupea harengus,Combined,Area,NA,7.d,2010-2014,487,16.14,0.43,15.31,16.98,17.22,0.33,16.57,17.86,18.29,0.35,17.6,18.97,0.99,0.72
126417,Clupea harengus,Combined,Area,NA,3.a.20,2010-2014,4876,23.78,0.08,23.62,23.93,25.15,0.07,25.01,25.3,26.53,0.1,26.34,26.72,0.96,0.63
126417,Clupea harengus,Combined,Area,NA,4.c,2010-2014,1067,18.36,0.22,17.92,18.79,20.21,0.19,19.84,20.59,22.07,0.22,21.63,22.51,0.96,0.7
126417,Clupea harengus,Combined,Area,NA,3.c.22,2010-2014,279,20.8,0.5,19.81,21.78,23.38,0.76,21.89,24.88,25.97,1.13,23.75,28.2,0.85,0.19
150637,Eutrigla gurnardus,Combined,Area,NA,4.b,2010-2014,905,14.41,0.58,13.28,15.54,16.42,0.4,15.64,17.2,18.43,0.29,17.86,19,0.92,0.36
127023,Scomber scombrus,Combined,Area,NA,4.a,2010-2014,2766,23.84,0.15,23.55,24.12,26,0.12,25.78,26.23,28.17,0.14,27.91,28.44,0.93,0.56
127023,Scomber scombrus,Combined,Area,NA,4.b,2010-2014,1849,22.43,0.22,21.99,22.86,24.73,0.16,24.43,25.04,27.04,0.16,26.73,27.35,0.89,0.42
126441,Pollachius virens,Combined,Area,NA,4.a,2010-2014,3521,46.12,0.33,45.47,46.76,52.78,0.31,52.17,53.39,59.44,0.43,58.59,60.29,0.9,0.52
126441,Pollachius virens,Combined,Area,NA,3.a.20,2010-2014,249,51.69,1.09,49.56,53.82,56.86,1.35,54.21,59.51,62.04,1.98,58.16,65.91,0.92,0.54
127023,Scomber scombrus,Combined,Area,NA,7.d,2010-2014,111,27.71,0.46,26.8,28.62,29,0.4,28.22,29.78,30.29,0.47,29.36,31.22,0.95,0.65
150637,Eutrigla gurnardus,Combined,Area,NA,4.a,2010-2014,417,16.56,1.03,14.55,18.58,18.59,0.72,17.18,20,20.63,0.5,19.65,21.6,0.92,0.24
126438,Merlangius merlangus,Combined,Area,NA,4.b,2015-2019,8448,14.84,0.11,14.62,15.05,17.39,0.08,17.23,17.55,19.94,0.09,19.76,20.12,0.93,0.52
126438,Merlangius merlangus,Combined,Area,NA,4.a,2015-2019,8666,19.08,0.14,18.8,19.36,21.63,0.11,21.41,21.84,24.17,0.11,23.96,24.39,0.96,0.65
126444,Trisopterus esmarkii,Combined,Area,NA,4.b,2015-2019,1163,9.98,0.18,9.63,10.32,11.6,0.12,11.37,11.83,13.22,0.14,12.95,13.5,0.85,0.34
126444,Trisopterus esmarkii,Combined,Area,NA,4.a,2015-2019,3969,10.56,0.08,10.41,10.7,11.77,0.06,11.66,11.89,12.99,0.07,12.86,13.12,0.93,0.57
126444,Trisopterus esmarkii,Combined,Area,NA,3.a.20,2015-2019,663,12.27,0.14,11.99,12.55,13.41,0.13,13.15,13.66,14.54,0.17,14.21,14.87,0.94,0.61
126444,Trisopterus esmarkii,Combined,Area,NA,3.a.21,2015-2019,213,13.25,0.25,12.76,13.74,14.35,0.35,13.66,15.04,15.45,0.51,14.45,16.46,0.85,0.37
126437,Melanogrammus aeglefinus,Combined,Area,NA,4.a,2015-2019,10567,22.18,0.16,21.87,22.49,25.91,0.12,25.67,26.14,29.64,0.12,29.41,29.87,0.94,0.59
126437,Melanogrammus aeglefinus,Combined,Area,NA,4.b,2015-2019,3371,19.76,0.17,19.44,20.09,22.22,0.14,21.94,22.5,24.68,0.17,24.35,25.01,0.95,0.63
127136,Glyptocephalus cynoglossus,Combined,Area,NA,3.a.20,2015-2019,619,31.94,0.9,30.17,33.7,41.45,1.27,38.96,43.94,50.96,2.51,46.04,55.88,0.68,0.08
126425,Sprattus sprattus,Combined,Area,NA,4.b,2015-2019,6239,7.33,0.08,7.18,7.48,8.62,0.05,8.52,8.71,9.9,0.04,9.82,9.99,0.83,0.31
126425,Sprattus sprattus,Combined,Area,NA,4.c,2015-2019,1413,5.76,0.32,5.14,6.38,7.48,0.2,7.1,7.87,9.2,0.12,8.97,9.44,0.77,0.17
126425,Sprattus sprattus,Combined,Area,NA,3.a.20,2015-2019,1708,11.02,0.12,10.79,11.26,13.04,0.18,12.68,13.4,15.06,0.3,14.46,15.65,0.79,0.15
126425,Sprattus sprattus,Combined,Area,NA,3.a.21,2015-2019,1816,11.11,0.14,10.83,11.39,13.66,0.19,13.29,14.03,16.21,0.32,15.57,16.85,0.77,0.15
126425,Sprattus sprattus,Combined,Area,NA,4.a,2015-2019,379,8.39,0.14,8.12,8.66,8.87,0.1,8.67,9.06,9.34,0.1,9.15,9.54,0.96,0.6
126986,Mullus surmuletus,Combined,Area,NA,4.b,2015-2019,53,11.13,1.13,8.92,13.35,12.98,0.69,11.63,14.33,14.83,0.65,13.56,16.09,0.8,0.24
105865,Amblyraja radiata,Combined,Area,NA,4.a,2015-2019,88,28.69,2.71,23.38,33.99,33.82,1.76,30.36,37.28,38.95,1.41,36.19,41.72,0.91,0.46
126426,Engraulis encrasicolus,Combined,Area,NA,4.b,2015-2019,172,12.63,0.28,12.07,13.19,13.46,0.21,13.05,13.87,14.29,0.23,13.84,14.74,0.96,0.64
126417,Clupea harengus,Combined,Area,NA,4.b,2015-2019,12557,20.45,0.05,20.35,20.55,21.97,0.05,21.87,22.06,23.49,0.06,23.37,23.6,0.96,0.67
126417,Clupea harengus,Combined,Area,NA,4.c,2015-2019,1559,18.49,0.17,18.15,18.83,20.25,0.14,19.97,20.52,22.01,0.16,21.69,22.32,0.96,0.66
126417,Clupea harengus,Combined,Area,NA,4.a,2015-2019,10612,21.52,0.06,21.39,21.64,22.79,0.05,22.69,22.88,24.06,0.05,23.97,24.15,0.96,0.65
126417,Clupea harengus,Combined,Area,NA,3.a.21,2015-2019,5098,21.33,0.1,21.15,21.52,23.28,0.1,23.07,23.48,25.22,0.14,24.94,25.5,0.94,0.51
126417,Clupea harengus,Combined,Area,NA,3.a.20,2015-2019,5981,22.71,0.07,22.58,22.85,24.12,0.07,23.99,24.26,25.54,0.09,25.36,25.71,0.96,0.64
126417,Clupea harengus,Combined,Area,NA,3.c.22,2015-2019,293,19.93,0.33,19.28,20.57,21.63,0.42,20.81,22.45,23.34,0.62,22.13,24.55,0.9,0.32
126555,Lophius piscatorius,Combined,Area,NA,4.a,2015-2019,64,38.88,2.19,34.58,43.18,42.69,1.86,39.05,46.33,46.49,2.11,42.35,50.63,0.98,0.78
127023,Scomber scombrus,Combined,Area,NA,4.a,2015-2019,3775,25.75,0.13,25.5,26,27.71,0.1,27.5,27.91,29.66,0.12,29.44,29.89,0.96,0.67
127023,Scomber scombrus,Combined,Area,NA,4.b,2015-2019,1663,24.01,0.2,23.61,24.41,26.53,0.17,26.19,26.87,29.06,0.21,28.64,29.47,0.93,0.57
126441,Pollachius virens,Combined,Area,NA,4.a,2015-2019,3142,49.48,0.28,48.94,50.02,54.81,0.25,54.31,55.31,60.14,0.35,59.44,60.83,0.9,0.5
127023,Scomber scombrus,Combined,Area,NA,4.c,2015-2019,82,25.28,0.72,23.87,26.68,27.51,0.59,26.35,28.66,29.74,0.85,28.08,31.4,0.86,0.39
150637,Eutrigla gurnardus,Combined,Area,NA,4.b,2015-2019,1640,12.78,0.39,12.01,13.54,15.03,0.27,14.5,15.55,17.28,0.2,16.88,17.68,0.92,0.36
150637,Eutrigla gurnardus,Combined,Area,NA,4.a,2015-2019,534,12.36,1.03,10.34,14.37,15.42,0.7,14.04,16.8,18.48,0.5,17.51,19.46,0.88,0.3
126438,Merlangius merlangus,Combined,Area,NA,4.a,2020-2024,7810,16.97,0.31,16.36,17.58,21.35,0.22,20.92,21.79,25.74,0.17,25.4,26.08,0.85,0.43
126438,Merlangius merlangus,Combined,Area,NA,4.b,2020-2024,7979,14.15,0.14,13.87,14.43,17.12,0.1,16.92,17.33,20.09,0.11,19.89,20.3,0.92,0.5
126444,Trisopterus esmarkii,Combined,Area,NA,4.a,2020-2024,3609,10.72,0.08,10.56,10.88,11.82,0.07,11.68,11.96,12.92,0.08,12.77,13.07,0.96,0.68
126444,Trisopterus esmarkii,Combined,Area,NA,4.b,2020-2024,1247,10.14,0.17,9.81,10.48,11.9,0.12,11.66,12.13,13.65,0.15,13.35,13.94,0.85,0.35
126436,Gadus morhua,Combined,Area,NA,4.c,2020-2024,154,27.53,1.66,24.28,30.78,34.61,1.68,31.32,37.91,41.7,2.23,37.32,46.07,0.91,0.58
126437,Melanogrammus aeglefinus,Combined,Area,NA,4.a,2020-2024,10033,22.11,0.17,21.79,22.44,25.24,0.12,25,25.48,28.37,0.11,28.15,28.58,0.93,0.58
126437,Melanogrammus aeglefinus,Combined,Area,NA,4.b,2020-2024,6645,19.79,0.13,19.53,20.05,22.44,0.1,22.23,22.64,25.09,0.12,24.86,25.32,0.94,0.6
126437,Melanogrammus aeglefinus,Combined,Area,NA,3.a.20,2020-2024,1403,26.17,0.38,25.43,26.92,30.73,0.32,30.12,31.35,35.3,0.4,34.51,36.08,0.9,0.49
126437,Melanogrammus aeglefinus,Combined,Area,NA,4.c,2020-2024,47,22.17,1.25,19.71,24.63,25.17,1.15,22.92,27.42,28.17,1.54,25.15,31.19,0.89,0.49
126437,Melanogrammus aeglefinus,Combined,Area,NA,3.a.21,2020-2024,297,19.6,0.44,18.74,20.46,22.53,0.47,21.6,23.46,25.46,0.73,24.03,26.89,0.85,0.37
150637,Eutrigla gurnardus,Combined,Area,NA,4.b,2020-2024,1033,12.93,0.41,12.12,13.75,15.38,0.28,14.83,15.93,17.82,0.23,17.37,18.27,0.88,0.39
127023,Scomber scombrus,Combined,Area,NA,4.a,2020-2024,4509,27.17,0.13,26.93,27.42,28.91,0.09,28.72,29.09,30.65,0.1,30.46,30.83,0.97,0.72
127023,Scomber scombrus,Combined,Area,NA,4.b,2020-2024,1647,27.44,0.16,27.12,27.76,29.49,0.14,29.22,29.76,31.54,0.18,31.19,31.89,0.92,0.55
127023,Scomber scombrus,Combined,Area,NA,4.c,2020-2024,103,26.29,0.56,25.19,27.38,27.98,0.58,26.84,29.12,29.67,0.8,28.11,31.23,0.92,0.6
126441,Pollachius virens,Combined,Area,NA,4.a,2020-2024,1624,47.45,0.46,46.55,48.34,53.25,0.37,52.53,53.98,59.06,0.5,58.08,60.04,0.89,0.48
126445,Trisopterus luscus,Combined,Area,NA,4.c,2020-2024,124,13.86,0.76,12.38,15.35,15.51,0.52,14.5,16.53,17.16,0.46,16.25,18.07,0.91,0.42
126439,Micromesistius poutassou,Combined,Area,NA,4.a,2020-2024,119,21.84,0.6,20.66,23.01,23.74,0.59,22.58,24.9,25.64,0.75,24.18,27.11,0.93,0.67
126425,Sprattus sprattus,Combined,Area,NA,3.a.20,2020-2024,1865,10.3,0.08,10.14,10.46,11.63,0.09,11.45,11.81,12.96,0.14,12.68,13.24,0.86,0.3
126425,Sprattus sprattus,Combined,Area,NA,4.b,2020-2024,5916,6.88,0.09,6.7,7.05,8.25,0.06,8.14,8.36,9.63,0.05,9.53,9.72,0.83,0.28
126425,Sprattus sprattus,Combined,Area,NA,3.a.21,2020-2024,2536,9.95,0.08,9.78,10.11,11.45,0.07,11.3,11.59,12.95,0.1,12.75,13.15,0.87,0.38
126425,Sprattus sprattus,Combined,Area,NA,4.a,2020-2024,131,7.9,0.36,7.2,8.59,8.63,0.24,8.15,9.11,9.36,0.21,8.94,9.78,0.91,0.42
126425,Sprattus sprattus,Combined,Area,NA,4.c,2020-2024,1437,6.09,0.22,5.66,6.52,7.37,0.15,7.08,7.66,8.65,0.1,8.45,8.86,0.83,0.29
126484,Merluccius merluccius,Combined,Area,NA,3.a.21,2020-2024,178,29.84,0.98,27.92,31.76,33.27,1.23,30.85,35.69,36.7,1.78,33.22,40.18,0.93,0.4
126484,Merluccius merluccius,Combined,Area,NA,3.a.20,2020-2024,342,32.98,1.05,30.93,35.04,38.63,0.99,36.68,40.57,44.27,1.32,41.69,46.85,0.96,0.65
126426,Engraulis encrasicolus,Combined,Area,NA,4.b,2020-2024,97,11.97,0.51,10.97,12.96,13.68,0.43,12.85,14.52,15.4,0.6,14.23,16.57,0.87,0.39
126426,Engraulis encrasicolus,Combined,Area,NA,3.a.20,2020-2024,35,13.62,0.47,12.69,14.55,14.51,0.4,13.72,15.29,15.39,0.52,14.38,16.4,0.91,0.53
126417,Clupea harengus,Combined,Area,NA,4.a,2020-2024,9476,21.61,0.07,21.48,21.74,22.9,0.05,22.8,22.99,24.18,0.05,24.09,24.28,0.96,0.64
126417,Clupea harengus,Combined,Area,NA,4.b,2020-2024,14116,19.46,0.06,19.35,19.57,21.45,0.05,21.35,21.55,23.44,0.07,23.31,23.57,0.93,0.59
126417,Clupea harengus,Combined,Area,NA,3.a.21,2020-2024,5692,20.09,0.09,19.92,20.26,21.59,0.09,21.4,21.77,23.08,0.12,22.84,23.32,0.97,0.67
126417,Clupea harengus,Combined,Area,NA,3.a.20,2020-2024,7089,22.35,0.06,22.23,22.47,23.64,0.06,23.52,23.76,24.94,0.08,24.77,25.1,0.96,0.63
126417,Clupea harengus,Combined,Area,NA,4.c,2020-2024,1401,18.01,0.2,17.63,18.39,20.16,0.17,19.83,20.48,22.31,0.21,21.9,22.71,0.94,0.59
126417,Clupea harengus,Combined,Area,NA,3.c.22,2020-2024,263,19.17,0.27,18.64,19.7,20.37,0.32,19.74,20.99,21.56,0.46,20.66,22.46,0.94,0.47
126986,Mullus surmuletus,Combined,Area,NA,7.d,2020-2024,60,11.5,0.89,9.77,13.24,13.09,0.56,11.99,14.19,14.68,0.57,13.56,15.79,0.85,0.31
126986,Mullus surmuletus,Combined,Area,NA,4.c,2020-2024,122,12.7,0.46,11.8,13.61,14.06,0.32,13.43,14.69,15.41,0.37,14.7,16.13,0.88,0.42
105913,Etmopterus spinax,Combined,Area,NA,4.a,2020-2024,72,31.24,0.63,30.01,32.47,32.53,0.65,31.25,33.8,33.81,0.87,32.11,35.52,0.97,0.71
105865,Amblyraja radiata,Combined,Area,NA,4.a,2020-2024,102,33.8,0.83,32.17,35.42,36.33,0.63,35.09,37.57,38.86,0.79,37.32,40.4,0.9,0.48
126751,Ammodytes marinus,Combined,Area,NA,4.b,2010-2014,8354,11.36,0.04,11.29,11.43,12.05,0.04,11.98,12.13,12.75,0.05,12.65,12.84,0.98,0.77
126751,Ammodytes marinus,Combined,Area,NA,3.a.20,2010-2014,602,12.33,0.23,11.88,12.78,13.12,0.31,12.51,13.74,13.92,0.42,13.1,14.73,0.95,0.48
126751,Ammodytes marinus,Combined,Area,NA,4.a,2010-2014,287,11.09,0.31,10.49,11.7,11.83,0.4,11.03,12.62,12.56,0.53,11.51,13.6,0.96,0.6
126751,Ammodytes marinus,Combined,Area,NA,4.b,2015-2019,16440,10.26,0.03,10.21,10.31,11.19,0.03,11.14,11.24,12.12,0.03,12.05,12.18,0.96,0.69
126751,Ammodytes marinus,Combined,Area,NA,4.a,2015-2019,957,11.92,0.13,11.66,12.17,12.95,0.12,12.71,13.19,13.98,0.15,13.68,14.28,0.97,0.72
126751,Ammodytes marinus,Combined,Area,NA,3.a.20,2015-2019,2045,11.15,0.07,11.01,11.28,11.74,0.07,11.61,11.87,12.33,0.08,12.17,12.49,0.99,0.8
126751,Ammodytes marinus,Combined,Area,NA,4.c,2015-2019,1961,9.3,0.06,9.17,9.42,9.95,0.07,9.81,10.09,10.6,0.1,10.41,10.79,0.97,0.63
126751,Ammodytes marinus,Combined,Area,NA,4.b,2020-2024,17644,10.3,0.02,10.25,10.35,11.07,0.02,11.03,11.12,11.84,0.03,11.79,11.9,0.98,0.75
126751,Ammodytes marinus,Combined,Area,NA,3.a.20,2020-2024,2881,11.46,0.09,11.28,11.64,12.18,0.09,12,12.36,12.9,0.11,12.68,13.11,0.99,0.87
126751,Ammodytes marinus,Combined,Area,NA,4.c,2020-2024,2907,9.64,0.05,9.54,9.73,10.23,0.05,10.13,10.33,10.83,0.07,10.7,10.96,0.98,0.7
126751,Ammodytes marinus,Combined,Area,NA,4.a,2020-2024,1158,9.68,0.09,9.5,9.85,10.38,0.08,10.22,10.54,11.09,0.1,10.89,11.28,0.98,0.77
126822,Trachurus trachurus,Combined,Area,NA,9.a,2000-2004,1037,18.59,0.16,18.28,18.9,19.45,0.12,19.21,19.7,20.32,0.13,20.06,20.58,0.99,0.82
126484,Merluccius merluccius,Combined,Area,NA,9.a,2000-2004,4915,29.88,0.25,29.39,30.36,36.57,0.34,35.91,37.23,43.26,0.53,42.21,44.31,0.83,0.22
126439,Micromesistius poutassou,Combined,Area,NA,9.a,2000-2004,714,17.51,0.11,17.29,17.73,18.15,0.09,17.96,18.33,18.78,0.11,18.56,19,0.98,0.74
126822,Trachurus trachurus,Combined,Area,NA,9.a,2005-2009,3031,18.05,0.12,17.82,18.27,19.77,0.09,19.59,19.94,21.49,0.11,21.28,21.7,0.93,0.58
126484,Merluccius merluccius,Combined,Area,NA,9.a,2005-2009,15776,26.32,0.16,26,26.64,34.79,0.18,34.43,35.15,43.26,0.31,42.65,43.88,0.78,0.2
126439,Micromesistius poutassou,Combined,Area,NA,9.a,2005-2009,2703,19.87,0.11,19.65,20.09,21.73,0.09,21.55,21.92,23.59,0.12,23.36,23.83,0.91,0.52
126822,Trachurus trachurus,Combined,Area,NA,9.a,2010-2014,3020,19.07,0.11,18.86,19.28,20.47,0.08,20.31,20.63,21.87,0.09,21.69,22.05,0.95,0.62
126484,Merluccius merluccius,Combined,Area,NA,9.a,2010-2014,13457,24.04,0.18,23.68,24.39,32.52,0.18,32.16,32.88,41,0.31,40.38,41.61,0.79,0.21
126439,Micromesistius poutassou,Combined,Area,NA,9.a,2010-2014,2873,18.54,0.08,18.38,18.69,19.73,0.07,19.6,19.87,20.93,0.08,20.77,21.09,0.94,0.65
126822,Trachurus trachurus,Combined,Area,NA,9.a,2015-2019,2015,17.35,0.13,17.1,17.6,19.02,0.12,18.79,19.25,20.69,0.16,20.38,21,0.95,0.65
126484,Merluccius merluccius,Combined,Area,NA,9.a,2015-2019,14091,24.57,0.17,24.23,24.9,32.99,0.19,32.62,33.37,41.42,0.34,40.76,42.09,0.77,0.18
126439,Micromesistius poutassou,Combined,Area,NA,9.a,2015-2019,2338,17.5,0.11,17.28,17.72,19.46,0.09,19.28,19.64,21.41,0.14,21.14,21.68,0.83,0.33
126822,Trachurus trachurus,Combined,Area,NA,9.a,2020-2024,1615,16.66,0.16,16.35,16.96,18.2,0.13,17.94,18.46,19.74,0.15,19.45,20.03,0.97,0.75
126484,Merluccius merluccius,Combined,Area,NA,9.a,2020-2024,7372,24.41,0.2,24.02,24.81,31.67,0.25,31.19,32.15,38.92,0.41,38.11,39.74,0.81,0.21
126439,Micromesistius poutassou,Combined,Area,NA,9.a,2020-2024,1161,17.93,0.51,16.93,18.94,21.56,0.26,21.04,22.08,25.19,0.27,24.65,25.73,0.7,0.14
126438,Merlangius merlangus,Combined,Area,NA,6.a,2010-2014,4280,16.96,0.17,16.63,17.29,19.36,0.13,19.11,19.61,21.76,0.14,21.49,22.03,0.95,0.59
126444,Trisopterus esmarkii,Combined,Area,NA,6.a,2010-2014,1518,9.35,0.21,8.94,9.75,11.06,0.13,10.8,11.32,12.77,0.12,12.53,13.02,0.86,0.31
126436,Gadus morhua,Combined,Area,NA,6.a,2010-2014,1051,30.97,1.01,28.99,32.96,39.34,0.67,38.02,40.66,47.71,0.73,46.28,49.13,0.86,0.39
126437,Melanogrammus aeglefinus,Combined,Area,NA,6.a,2010-2014,5032,18.66,0.25,18.18,19.15,21.43,0.18,21.07,21.79,24.2,0.17,23.86,24.53,0.96,0.57
126417,Clupea harengus,Combined,Area,NA,6.a,2010-2014,5433,21.67,0.09,21.49,21.86,23.05,0.07,22.91,23.19,24.42,0.07,24.28,24.56,0.97,0.72
127023,Scomber scombrus,Combined,Area,NA,6.a,2010-2014,1755,25.09,0.16,24.78,25.41,26.94,0.14,26.67,27.22,28.79,0.18,28.45,29.14,0.95,0.67
126441,Pollachius virens,Combined,Area,NA,6.a,2010-2014,906,38.71,0.66,37.41,40.01,44.95,0.51,43.96,45.94,51.18,0.7,49.81,52.55,0.88,0.43
126438,Merlangius merlangus,Combined,Area,NA,6.a,2015-2019,4903,16.86,0.17,16.53,17.19,19.27,0.12,19.03,19.51,21.67,0.13,21.43,21.92,0.95,0.55
126444,Trisopterus esmarkii,Combined,Area,NA,6.a,2015-2019,1607,9.2,0.18,8.84,9.56,10.74,0.12,10.5,10.97,12.27,0.11,12.06,12.48,0.87,0.31
126436,Gadus morhua,Combined,Area,NA,6.a,2015-2019,1477,19.99,2.17,15.73,24.24,35.42,1.3,32.87,37.97,50.86,0.98,48.94,52.78,0.78,0.19
126437,Melanogrammus aeglefinus,Combined,Area,NA,6.a,2015-2019,6985,18.16,0.15,17.86,18.46,20.77,0.12,20.54,21,23.39,0.13,23.14,23.63,0.96,0.61
126484,Merluccius merluccius,Combined,Area,NA,6.a,2015-2019,266,26,3.08,19.96,32.03,40.47,1.98,36.59,44.34,54.94,2.45,50.14,59.74,0.79,0.27
126417,Clupea harengus,Combined,Area,NA,6.a,2015-2019,4675,20.87,0.1,20.69,21.06,21.91,0.07,21.76,22.05,22.94,0.07,22.8,23.08,0.98,0.81
127023,Scomber scombrus,Combined,Area,NA,6.a,2015-2019,1300,25.95,0.16,25.63,26.27,27.5,0.15,27.2,27.79,29.04,0.19,28.67,29.42,0.96,0.69
126441,Pollachius virens,Combined,Area,NA,6.a,2015-2019,973,34.9,1.8,31.37,38.44,50.8,1.01,48.82,52.78,66.7,2.2,62.38,71.02,0.65,0.1
126438,Merlangius merlangus,Combined,Area,NA,6.a,2020-2024,4254,16.81,0.17,16.48,17.14,19.01,0.12,18.76,19.25,21.2,0.13,20.95,21.45,0.95,0.56
126444,Trisopterus esmarkii,Combined,Area,NA,6.a,2020-2024,1522,9.55,0.15,9.25,9.84,10.75,0.1,10.55,10.94,11.95,0.09,11.77,12.13,0.89,0.36
126436,Gadus morhua,Combined,Area,NA,6.a,2020-2024,644,23.48,2.47,18.63,28.33,36.69,1.44,33.86,39.51,49.9,1.3,47.35,52.45,0.78,0.21
126437,Melanogrammus aeglefinus,Combined,Area,NA,6.a,2020-2024,6731,17.85,0.16,17.53,18.18,20.33,0.12,20.09,20.57,22.8,0.12,22.56,23.04,0.96,0.58
126417,Clupea harengus,Combined,Area,NA,6.a,2020-2024,3788,20.2,0.1,20,20.39,21.34,0.08,21.19,21.49,22.49,0.08,22.34,22.64,0.98,0.76
127023,Scomber scombrus,Combined,Area,NA,6.a,2020-2024,1405,26.02,0.16,25.72,26.33,27.48,0.14,27.21,27.75,28.94,0.18,28.6,29.28,0.97,0.72
126441,Pollachius virens,Combined,Area,NA,6.a,2020-2024,299,17.55,7.37,3.11,31.99,41.76,3.43,35.04,48.48,65.98,3.97,58.19,73.77,0.66,0.09
126554,Lophius budegassa,Combined,Area,NA,9.a,2005-2009,159,20.8,4.8,11.39,30.21,44.37,5.31,33.96,54.79,67.94,11.16,46.08,89.81,0.61,0.09
126484,Merluccius merluccius,Combined,Area,NA,8.c,2000-2004,1517,31.23,0.38,30.49,31.98,36.77,0.39,35.99,37.54,42.3,0.58,41.15,43.45,0.88,0.37
126555,Lophius piscatorius,Combined,Area,NA,8.c,2000-2004,602,51.99,1.73,48.6,55.37,63.84,2.26,59.41,68.27,75.69,3.19,69.44,81.95,0.93,0.3
127145,Lepidorhombus boscii,Combined,Area,NA,8.c,2000-2004,631,18.43,0.17,18.1,18.77,19.1,0.15,18.81,19.38,19.76,0.17,19.42,20.09,0.99,0.87
127145,Lepidorhombus boscii,Combined,Area,NA,9.a,2000-2004,173,18.13,0.26,17.62,18.64,18.69,0.22,18.26,19.12,19.25,0.25,18.77,19.74,0.99,0.87
126822,Trachurus trachurus,Combined,Area,NA,8.c,2000-2004,119,21.81,0.63,20.58,23.04,22.9,0.5,21.92,23.88,23.98,0.5,23.01,24.96,0.99,0.8
126822,Trachurus trachurus,Combined,Area,NA,8.c,2005-2009,510,21.48,0.35,20.78,22.17,23.39,0.28,22.84,23.94,25.3,0.3,24.71,25.89,0.95,0.64
126484,Merluccius merluccius,Combined,Area,NA,8.c,2005-2009,2461,33.99,0.35,33.3,34.68,40.26,0.39,39.5,41.02,46.53,0.56,45.43,47.63,0.89,0.39
126555,Lophius piscatorius,Combined,Area,NA,8.c,2005-2009,833,46.89,1.08,44.77,49.01,55.83,1.21,53.46,58.2,64.77,1.62,61.6,67.95,0.96,0.57
126554,Lophius budegassa,Combined,Area,NA,8.c,2005-2009,180,33.49,2.99,27.64,39.34,49.31,2.86,43.72,54.91,65.14,4.97,55.4,74.89,0.77,0.2
126445,Trisopterus luscus,Combined,Area,NA,8.c,2005-2009,226,18.78,1.07,16.68,20.89,21.92,0.69,20.56,23.28,25.06,0.55,23.99,26.13,0.82,0.3
126445,Trisopterus luscus,Combined,Area,NA,9.a,2005-2009,100,17.88,1.6,14.74,21.01,24.88,2.82,19.36,30.41,31.89,5.72,20.69,43.1,0.66,0.05
127145,Lepidorhombus boscii,Combined,Area,NA,8.c,2005-2009,666,17.98,0.19,17.61,18.35,18.72,0.16,18.41,19.03,19.46,0.18,19.1,19.82,0.99,0.85
127145,Lepidorhombus boscii,Combined,Area,NA,9.a,2005-2009,361,18.28,0.19,17.9,18.66,18.87,0.16,18.55,19.19,19.46,0.19,19.09,19.83,0.99,0.87
126822,Trachurus trachurus,Combined,Area,NA,8.c,2010-2014,1082,17.49,0.38,16.75,18.22,19.72,0.29,19.16,20.28,21.94,0.31,21.34,22.54,0.97,0.59
126484,Merluccius merluccius,Combined,Area,NA,8.c,2010-2014,2746,28.85,0.53,27.81,29.89,39.62,0.47,38.69,40.55,50.38,0.8,48.82,51.94,0.79,0.22
126484,Merluccius merluccius,Combined,Area,NA,8.b,2010-2014,75,25.63,4.54,16.74,34.53,39.49,3.62,32.4,46.58,53.35,7.47,38.7,68,0.72,0.11
126555,Lophius piscatorius,Combined,Area,NA,8.c,2010-2014,749,45.09,0.9,43.32,46.87,49.39,0.9,47.62,51.16,53.69,1.18,51.37,56,0.99,0.8
126554,Lophius budegassa,Combined,Area,NA,8.c,2010-2014,366,35.19,0.91,33.4,36.98,40.68,0.87,38.96,42.39,46.16,1.18,43.85,48.48,0.93,0.54
127251,Helicolenus dactylopterus,Combined,Area,NA,8.c,2010-2014,497,37.12,2.91,31.43,42.82,43.7,4.36,35.16,52.25,50.29,5.88,38.75,61.82,0.81,0.03
127145,Lepidorhombus boscii,Combined,Area,NA,8.c,2010-2014,1642,18.29,0.12,18.06,18.52,19.07,0.1,18.87,19.27,19.86,0.12,19.63,20.09,0.99,0.85
127145,Lepidorhombus boscii,Combined,Area,NA,9.a,2010-2014,563,18.32,0.17,17.99,18.64,18.94,0.14,18.66,19.21,19.56,0.16,19.25,19.87,0.99,0.87
126445,Trisopterus luscus,Combined,Area,NA,9.a,2010-2014,121,17.64,1.11,15.47,19.81,22.59,1.18,20.28,24.9,27.54,2.28,23.08,32.01,0.73,0.13
126822,Trachurus trachurus,Combined,Area,NA,8.c,2015-2019,1220,18.51,0.23,18.06,18.96,20.34,0.18,19.98,20.7,22.17,0.2,21.78,22.55,0.96,0.67
126822,Trachurus trachurus,Combined,Area,NA,8.b,2015-2019,39,18.46,1.01,16.47,20.44,19.54,1,17.58,21.5,20.62,1.18,18.3,22.93,0.99,0.88
126555,Lophius piscatorius,Combined,Area,NA,8.c,2015-2019,134,42.81,1.66,39.55,46.07,48.17,1.49,45.25,51.09,53.53,1.86,49.89,57.16,0.96,0.68
127251,Helicolenus dactylopterus,Combined,Area,NA,8.c,2015-2019,309,31.74,1.12,29.55,33.92,37.26,1.79,33.75,40.76,42.77,2.67,37.54,48.01,0.83,0.13
127145,Lepidorhombus boscii,Combined,Area,NA,8.c,2015-2019,1651,17.83,0.12,17.59,18.07,18.62,0.1,18.42,18.82,19.41,0.12,19.17,19.65,0.99,0.86
127145,Lepidorhombus boscii,Combined,Area,NA,9.a,2015-2019,510,17.7,0.22,17.28,18.12,18.58,0.18,18.22,18.93,19.45,0.21,19.04,19.86,0.99,0.84
126822,Trachurus trachurus,Combined,Area,NA,8.c,2020-2024,558,14.03,0.61,12.84,15.22,17.82,0.43,16.98,18.66,21.62,0.55,20.54,22.69,0.87,0.41
127251,Helicolenus dactylopterus,Combined,Area,NA,8.c,2020-2024,180,20.39,2.52,15.45,25.34,31.81,2.07,27.75,35.88,43.23,4.69,34.04,52.43,0.66,0.08
127145,Lepidorhombus boscii,Combined,Area,NA,8.c,2020-2024,1216,18.02,0.4,17.23,18.81,22.24,0.29,21.67,22.82,26.47,0.34,25.79,27.14,0.86,0.42
127145,Lepidorhombus boscii,Combined,Area,NA,9.a,2020-2024,523,18.74,0.33,18.09,19.39,21,0.27,20.48,21.52,23.26,0.32,22.63,23.89,0.92,0.55
126439,Micromesistius poutassou,Combined,Area,NA,8.c,2020-2024,374,13.71,0.7,12.34,15.09,15.49,0.56,14.39,16.59,17.27,0.53,16.23,18.32,0.95,0.65
126554,Lophius budegassa,Combined,Area,NA,7.c.2,2000-2004,82,43.62,3.25,37.25,49.98,55.46,4.07,47.48,63.44,67.31,6.68,54.21,80.4,0.81,0.22
126484,Merluccius merluccius,Combined,Area,NA,7.b,2005-2009,144,50.96,3.09,44.92,57.01,55.11,2.1,50.99,59.23,59.26,2.3,54.75,63.76,0.99,0.73
126484,Merluccius merluccius,Combined,Area,NA,7.c.2,2005-2009,720,49.95,1.03,47.93,51.98,58.57,1.25,56.13,61.01,67.19,1.77,63.71,70.66,0.91,0.36
126554,Lophius budegassa,Combined,Area,NA,7.c.2,2005-2009,127,35.91,2.24,31.52,40.31,43.33,1.66,40.08,46.57,50.74,2.04,46.74,54.74,0.89,0.48
126484,Merluccius merluccius,Combined,Area,NA,7.k.2,2005-2009,221,52.39,1.51,49.43,55.34,59.68,1.03,57.66,61.7,66.97,1.54,63.95,70,0.79,0.25
126438,Merlangius merlangus,Combined,Area,NA,7.b,2005-2009,148,18.05,1.16,15.77,20.32,20.1,0.85,18.43,21.77,22.15,0.7,20.79,23.52,0.93,0.58
127146,Lepidorhombus whiffiagonis,Combined,Area,NA,7.c.2,2005-2009,497,19.61,0.44,18.75,20.48,21.49,0.37,20.76,22.22,23.36,0.41,22.56,24.17,0.99,0.78
126460,Molva macrophthalma,Combined,Area,NA,7.k.2,2005-2009,100,63.29,2.67,58.05,68.53,71.96,1.92,68.2,75.72,80.63,2.63,75.48,85.79,0.82,0.31
127136,Glyptocephalus cynoglossus,Combined,Area,NA,7.c.2,2010-2014,235,27.52,0.8,25.94,29.09,31.5,0.55,30.42,32.59,35.49,0.81,33.91,37.07,0.79,0.26
126554,Lophius budegassa,Combined,Area,NA,7.c.2,2010-2014,96,34.74,3.24,28.4,41.09,42.57,2.1,38.45,46.69,50.39,2.09,46.29,54.5,0.83,0.32
127251,Helicolenus dactylopterus,Combined,Area,NA,7.c.2,2010-2014,449,31.79,1.29,29.26,34.33,41.62,2.77,36.19,47.04,51.44,4.6,42.42,60.46,0.69,0.07
126460,Molva macrophthalma,Combined,Area,NA,7.c.2,2010-2014,109,82.03,3.47,75.23,88.83,94.9,3.85,87.35,102.45,107.77,5.82,96.36,119.18,0.87,0.34
126554,Lophius budegassa,Combined,Area,NA,7.b,2015-2019,61,28.07,2.97,22.25,33.88,34.2,2.15,30,38.41,40.34,2.33,35.77,44.91,0.89,0.51
126554,Lophius budegassa,Combined,Area,NA,7.c.2,2015-2019,135,30.39,1.86,26.74,34.05,34.86,1.38,32.15,37.57,39.33,1.36,36.68,41.99,0.95,0.68
127251,Helicolenus dactylopterus,Combined,Area,NA,7.k.2,2015-2019,487,39.56,2.36,34.94,44.18,48.04,4.16,39.89,56.19,56.51,6.08,44.59,68.43,0.73,0.05
126484,Merluccius merluccius,Combined,Area,NA,7.c.2,2015-2019,127,38.13,2.34,33.55,42.72,46.91,2.56,41.9,51.93,55.69,3.45,48.92,62.46,0.95,0.61
126484,Merluccius merluccius,Combined,Area,NA,7.k.2,2020-2024,69,58.19,7.12,44.23,72.15,69.98,2.66,64.78,75.19,81.77,7.48,67.11,96.44,0.66,0.05
126484,Merluccius merluccius,Combined,Area,NA,7.c.2,2020-2024,138,46.28,3.12,40.16,52.4,57.84,3.78,50.43,65.25,69.4,5.14,59.32,79.48,0.92,0.44
127146,Lepidorhombus whiffiagonis,Combined,Area,NA,7.c.2,2020-2024,363,17.4,0.34,16.72,18.07,19.04,0.41,18.22,19.85,20.68,0.59,19.53,21.83,0.98,0.79
126554,Lophius budegassa,Combined,Area,NA,7.c.2,2020-2024,186,36.32,0.92,34.53,38.12,39.87,0.85,38.19,41.54,43.41,1.12,41.21,45.6,0.96,0.66
127251,Helicolenus dactylopterus,Combined,Area,NA,7.k.2,2020-2024,367,24.49,0.74,23.04,25.94,29.62,0.61,28.43,30.82,34.75,0.91,32.97,36.54,0.82,0.3
127251,Helicolenus dactylopterus,Combined,Area,NA,7.c.2,2020-2024,142,23.61,1.33,21.01,26.22,28.73,1.09,26.58,30.87,33.84,1.36,31.18,36.51,0.88,0.47
126438,Merlangius merlangus,Combined,Area,NA,7.a,2000-2004,2320,16.5,0.14,16.23,16.77,18.25,0.11,18.03,18.48,20.01,0.14,19.74,20.27,0.95,0.64
126438,Merlangius merlangus,Combined,Area,NA,6.a,2000-2004,7471,17.92,0.09,17.74,18.11,19.74,0.07,19.59,19.88,21.55,0.08,21.39,21.71,0.96,0.67
126444,Trisopterus esmarkii,Combined,Area,NA,7.a,2000-2004,416,12.3,0.21,11.89,12.7,13.81,0.19,13.44,14.18,15.32,0.27,14.8,15.84,0.87,0.44
126444,Trisopterus esmarkii,Combined,Area,NA,6.a,2000-2004,2858,11.22,0.11,11.01,11.44,13,0.08,12.85,13.16,14.78,0.1,14.59,14.97,0.85,0.38
126436,Gadus morhua,Combined,Area,NA,7.a,2000-2004,463,34.8,1.04,32.76,36.85,39.75,0.76,38.27,41.24,44.7,0.78,43.17,46.24,0.94,0.62
126436,Gadus morhua,Combined,Area,NA,6.a,2000-2004,541,31.88,1.24,29.44,34.32,37.64,0.87,35.93,39.35,43.4,0.84,41.75,45.06,0.94,0.56
126437,Melanogrammus aeglefinus,Combined,Area,NA,6.a,2000-2004,9746,19.52,0.09,19.35,19.69,21.42,0.07,21.28,21.56,23.32,0.08,23.16,23.47,0.97,0.69
126437,Melanogrammus aeglefinus,Combined,Area,NA,7.a,2000-2004,1188,19.69,0.27,19.15,20.22,22.07,0.24,21.6,22.55,24.46,0.3,23.87,25.05,0.96,0.7
126417,Clupea harengus,Combined,Area,NA,6.a,2000-2004,9209,21.6,0.05,21.51,21.69,22.38,0.04,22.3,22.45,23.15,0.04,23.07,23.23,0.99,0.82
126417,Clupea harengus,Combined,Area,NA,7.a,2000-2004,2187,21.15,0.08,20.99,21.32,21.89,0.08,21.74,22.04,22.62,0.09,22.44,22.81,0.99,0.78
126441,Pollachius virens,Combined,Area,NA,6.a,2000-2004,528,37.87,0.62,36.66,39.09,41.85,0.41,41.04,42.66,45.83,0.58,44.69,46.96,0.85,0.36
126438,Merlangius merlangus,Combined,Area,NA,7.b,2000-2004,454,18.82,0.41,18.01,19.63,20.1,0.31,19.49,20.7,21.37,0.3,20.78,21.96,0.98,0.66
126444,Trisopterus esmarkii,Combined,Area,NA,7.b,2000-2004,139,12.48,0.34,11.81,13.16,13.58,0.3,13,14.17,14.68,0.35,14,15.36,0.95,0.67
126437,Melanogrammus aeglefinus,Combined,Area,NA,7.b,2000-2004,586,20.31,0.35,19.63,21,22.08,0.28,21.53,22.62,23.84,0.3,23.25,24.43,0.97,0.71
126438,Merlangius merlangus,Combined,Area,NA,6.a,2005-2009,4362,16.67,0.15,16.37,16.96,18.72,0.12,18.49,18.95,20.77,0.12,20.53,21.01,0.96,0.63
126444,Trisopterus esmarkii,Combined,Area,NA,6.a,2005-2009,1887,11.51,0.12,11.28,11.74,13.07,0.09,12.89,13.25,14.63,0.11,14.41,14.85,0.88,0.45
126444,Trisopterus esmarkii,Combined,Area,NA,7.a,2005-2009,98,13.78,0.4,13,14.55,14.89,0.4,14.11,15.67,16.01,0.51,15,17.01,0.95,0.67
126436,Gadus morhua,Combined,Area,NA,6.a,2005-2009,421,31.25,1.46,28.39,34.1,38.64,0.96,36.76,40.53,46.04,1.02,44.04,48.04,0.87,0.39
126437,Melanogrammus aeglefinus,Combined,Area,NA,6.a,2005-2009,7089,18.81,0.17,18.47,19.15,21.18,0.13,20.92,21.44,23.54,0.12,23.31,23.78,0.96,0.58
126417,Clupea harengus,Combined,Area,NA,7.a,2005-2009,742,21.65,0.17,21.31,21.99,22.62,0.17,22.29,22.95,23.6,0.22,23.16,24.03,0.98,0.66
126417,Clupea harengus,Combined,Area,NA,6.a,2005-2009,7662,21.95,0.06,21.84,22.07,22.84,0.04,22.75,22.93,23.73,0.04,23.65,23.82,0.98,0.77
127023,Scomber scombrus,Combined,Area,NA,6.a,2005-2009,3584,23.76,0.1,23.56,23.97,25.17,0.09,25,25.34,26.57,0.1,26.37,26.76,0.97,0.74
127023,Scomber scombrus,Combined,Area,NA,7.a,2005-2009,33,22.01,0.59,20.85,23.17,23.11,0.49,22.15,24.08,24.21,0.63,22.98,25.45,0.9,0.49
126441,Pollachius virens,Combined,Area,NA,6.a,2005-2009,454,37.74,0.82,36.14,39.35,42.14,0.57,41.01,43.26,46.53,0.73,45.09,47.97,0.91,0.48
126444,Trisopterus esmarkii,Combined,Area,NA,7.b,2005-2009,62,14.9,0.58,13.76,16.04,15.4,0.42,14.57,16.23,15.9,0.34,15.23,16.57,0.99,0.88
126437,Melanogrammus aeglefinus,Combined,Area,NA,7.b,2005-2009,401,22.99,0.45,22.11,23.88,24.49,0.36,23.79,25.19,25.98,0.37,25.27,26.7,0.98,0.8
126436,Gadus morhua,M,Area,NA,3.d.25,2000-2004,6403,25.52,0.21,25.1,25.94,30.56,0.16,30.24,30.88,35.6,0.19,35.22,35.98,0.9,0.49
126436,Gadus morhua,F,Area,NA,3.d.25,2000-2004,7005,31.96,0.2,31.56,32.36,36.85,0.17,36.52,37.18,41.74,0.2,41.35,42.13,0.94,0.6
126436,Gadus morhua,M,Area,NA,3.d.26,2000-2004,2139,18.65,0.72,17.24,20.06,26.57,0.44,25.7,27.43,34.49,0.44,33.62,35.35,0.81,0.27
126436,Gadus morhua,F,Area,NA,3.d.26,2000-2004,2046,25.8,0.63,24.57,27.03,34.41,0.44,33.55,35.27,43.01,0.55,41.94,44.09,0.84,0.36
126436,Gadus morhua,F,Area,NA,3.b.23,2000-2004,417,40.51,1.17,38.21,42.8,48.58,1.1,46.42,50.74,56.66,1.51,53.7,59.62,0.91,0.49
126436,Gadus morhua,M,Area,NA,3.b.23,2000-2004,490,31.94,1.18,29.63,34.24,40.78,0.92,38.98,42.58,49.62,1.26,47.15,52.09,0.86,0.37
126436,Gadus morhua,F,Area,NA,3.d.24,2000-2004,4757,19.71,0.42,18.9,20.53,26.76,0.28,26.2,27.32,33.8,0.29,33.24,34.36,0.87,0.39
126436,Gadus morhua,M,Area,NA,3.d.24,2000-2004,4230,19.96,0.32,19.33,20.59,25.33,0.23,24.88,25.78,30.7,0.24,30.23,31.18,0.89,0.46
126436,Gadus morhua,M,Area,NA,3.a.20,2000-2004,1541,33.37,0.44,32.51,34.23,38.82,0.43,37.98,39.65,44.26,0.58,43.13,45.4,0.93,0.57
126436,Gadus morhua,F,Area,NA,3.d.28.2,2000-2004,1815,0.15,2.15,-4.06,4.36,15.13,1.19,12.8,17.46,30.12,0.81,28.52,31.71,0.72,0.11
126436,Gadus morhua,M,Area,NA,3.c.22,2000-2004,2787,20.54,0.29,19.97,21.12,24.22,0.23,23.77,24.68,27.9,0.25,27.41,28.39,0.95,0.63
126436,Gadus morhua,F,Area,NA,3.c.22,2000-2004,2090,20.72,0.36,20.01,21.42,24.84,0.28,24.29,25.39,28.97,0.32,28.34,29.6,0.94,0.6
126436,Gadus morhua,F,Area,NA,3.a.20,2000-2004,1570,38.03,0.47,37.1,38.96,43.16,0.48,42.23,44.09,48.29,0.62,47.07,49.51,0.96,0.67
126436,Gadus morhua,M,Area,NA,3.a.21,2000-2004,2027,23.13,0.49,22.17,24.09,30.74,0.4,29.94,31.53,38.34,0.57,37.22,39.46,0.87,0.4
126436,Gadus morhua,F,Area,NA,3.a.21,2000-2004,1914,28.6,0.45,27.72,29.49,35.59,0.45,34.7,36.48,42.57,0.64,41.31,43.83,0.91,0.5
126436,Gadus morhua,M,Area,NA,3.d.27,2000-2004,652,26.38,0.5,25.4,27.36,29.55,0.39,28.78,30.31,32.71,0.44,31.85,33.58,0.95,0.61
126436,Gadus morhua,F,Area,NA,3.d.27,2000-2004,818,33.15,0.4,32.36,33.94,35.31,0.34,34.64,35.99,37.48,0.39,36.72,38.24,0.99,0.83
127141,Platichthys flesus,M,Area,NA,3.d.24,2000-2004,1175,14.74,0.3,14.16,15.32,15.44,0.23,14.99,15.88,16.13,0.19,15.75,16.51,0.99,0.66
127141,Platichthys flesus,F,Area,NA,3.d.24,2000-2004,1234,13.9,0.49,12.93,14.86,15.07,0.34,14.39,15.74,16.24,0.31,15.63,16.84,0.99,0.51
127141,Platichthys flesus,M,Area,NA,3.d.28.2,2000-2004,490,9.58,1.81,6.04,13.13,12.08,1.33,9.46,14.69,14.57,0.91,12.78,16.35,0.87,0.12
127141,Platichthys flesus,F,Area,NA,3.d.28.2,2000-2004,376,15.85,0.71,14.46,17.25,17.45,0.52,16.44,18.47,19.05,0.44,18.19,19.91,0.97,0.5
126417,Clupea harengus,F,Area,NA,3.d.24,2000-2004,512,16.2,0.56,15.11,17.29,19.46,0.35,18.78,20.13,22.71,0.38,21.97,23.44,0.81,0.27
126417,Clupea harengus,M,Area,NA,3.d.24,2000-2004,489,13.06,1.1,10.9,15.22,16.77,0.67,15.46,18.07,20.48,0.42,19.66,21.29,0.76,0.16
127143,Pleuronectes platessa,M,Area,NA,3.d.24,2000-2004,849,12.68,0.69,11.33,14.02,14.14,0.51,13.14,15.15,15.61,0.38,14.86,16.36,0.95,0.37
127143,Pleuronectes platessa,F,Area,NA,3.d.24,2000-2004,987,12.4,0.97,10.51,14.3,14.28,0.72,12.86,15.7,16.16,0.54,15.1,17.22,0.97,0.4
126417,Clupea harengus,F,Area,NA,3.d.26,2000-2004,630,8.96,1.7,5.63,12.29,15.22,0.78,13.68,16.75,21.48,0.65,20.2,22.75,0.66,0.07
126417,Clupea harengus,F,Area,NA,3.d.25,2000-2004,1076,10.48,1.14,8.24,12.72,16.91,0.54,15.86,17.96,23.34,0.52,22.33,24.36,0.68,0.09
126417,Clupea harengus,M,Area,NA,3.c.22,2000-2004,61,18.05,0.41,17.24,18.86,19.09,0.42,18.26,19.92,20.13,0.6,18.96,21.31,0.93,0.53
126417,Clupea harengus,F,Area,NA,3.c.22,2000-2004,96,18.24,0.38,17.5,18.98,19.44,0.4,18.65,20.23,20.65,0.58,19.51,21.79,0.92,0.47
127143,Pleuronectes platessa,F,Area,NA,3.c.22,2000-2004,256,14.74,1.13,12.52,16.96,17.85,0.79,16.31,19.39,20.96,0.65,19.69,22.23,0.89,0.41
126425,Sprattus sprattus,F,Area,NA,3.d.25,2000-2004,135,8.4,0.79,6.85,9.96,9.91,0.52,8.89,10.93,11.42,0.37,10.7,12.14,0.81,0.23
127143,Pleuronectes platessa,F,Area,NA,3.a.21,2000-2004,1477,19.11,0.29,18.54,19.69,22.1,0.21,21.7,22.51,25.09,0.22,24.66,25.53,0.89,0.45
127143,Pleuronectes platessa,M,Area,NA,3.a.21,2000-2004,1194,9,0.89,7.26,10.74,13.52,0.54,12.46,14.59,18.05,0.33,17.39,18.7,0.76,0.16
127139,Limanda limanda,F,Area,NA,3.c.22,2000-2004,136,13.7,0.86,12.02,15.38,15.47,0.66,14.19,16.76,17.24,0.67,15.93,18.55,0.96,0.64
127139,Limanda limanda,M,Area,NA,3.c.22,2000-2004,123,13.92,0.29,13.35,14.49,14.29,0.24,13.83,14.75,14.66,0.26,14.16,15.17,1,0.9
126436,Gadus morhua,M,Area,NA,3.c.22,2005-2009,2537,18.71,0.28,18.17,19.26,21.61,0.22,21.17,22.05,24.51,0.26,23.99,25.02,0.97,0.67
126436,Gadus morhua,F,Area,NA,3.c.22,2005-2009,1649,18.12,0.42,17.3,18.94,22.3,0.32,21.67,22.94,26.49,0.39,25.72,27.26,0.95,0.57
126436,Gadus morhua,M,Area,NA,3.d.24,2005-2009,4367,18,0.31,17.4,18.6,22.14,0.22,21.71,22.58,26.29,0.22,25.86,26.72,0.93,0.52
126436,Gadus morhua,F,Area,NA,3.d.24,2005-2009,4897,15.65,0.49,14.7,16.61,21.93,0.34,21.28,22.59,28.22,0.29,27.64,28.79,0.9,0.41
126436,Gadus morhua,M,Area,NA,3.d.25,2005-2009,7551,21.34,0.23,20.9,21.79,26.4,0.16,26.08,26.72,31.46,0.17,31.11,31.8,0.9,0.45
126436,Gadus morhua,F,Area,NA,3.d.27,2005-2009,526,30.06,0.53,29.02,31.1,32.77,0.43,31.92,33.61,35.47,0.47,34.55,36.4,0.97,0.74
126436,Gadus morhua,F,Area,NA,3.d.25,2005-2009,8633,28.07,0.21,27.66,28.47,33.15,0.16,32.83,33.46,38.23,0.18,37.88,38.58,0.93,0.6
126436,Gadus morhua,F,Area,NA,3.d.28.2,2005-2009,1930,7.48,1.21,5.12,9.85,16.76,0.72,15.34,18.17,26.03,0.52,25,27.06,0.79,0.18
126436,Gadus morhua,M,Area,NA,3.d.27,2005-2009,585,21.06,0.6,19.87,22.24,25.17,0.44,24.31,26.03,29.28,0.52,28.27,30.3,0.89,0.44
126436,Gadus morhua,M,Area,NA,3.a.21,2005-2009,1625,25.38,0.58,24.25,26.51,34,0.52,32.98,35.02,42.62,0.77,41.1,44.14,0.86,0.37
126436,Gadus morhua,F,Area,NA,3.a.21,2005-2009,1445,33.99,0.7,32.61,35.36,44.19,0.85,42.53,45.85,54.39,1.27,51.9,56.88,0.86,0.37
126436,Gadus morhua,M,Area,NA,3.d.26,2005-2009,9200,12.4,0.54,11.35,13.46,19.07,0.35,18.37,19.76,25.73,0.23,25.29,26.17,0.82,0.19
126436,Gadus morhua,F,Area,NA,3.d.26,2005-2009,8269,16.49,0.48,15.55,17.43,24.32,0.31,23.72,24.92,32.15,0.23,31.7,32.6,0.83,0.25
126436,Gadus morhua,M,Area,NA,3.b.23,2005-2009,1016,36.68,0.64,35.41,37.94,42.86,0.5,41.89,43.84,49.05,0.62,47.83,50.27,0.9,0.49
126436,Gadus morhua,F,Area,NA,3.b.23,2005-2009,1039,39.16,0.71,37.77,40.54,44.91,0.58,43.78,46.03,50.66,0.65,49.38,51.93,0.96,0.66
126436,Gadus morhua,M,Area,NA,3.a.20,2005-2009,1884,44.54,0.62,43.33,45.75,53.42,0.63,52.18,54.65,62.3,0.88,60.58,64.01,0.91,0.47
126436,Gadus morhua,F,Area,NA,3.a.20,2005-2009,1937,51.1,0.58,49.97,52.23,58.14,0.57,57.03,59.26,65.19,0.76,63.7,66.68,0.95,0.57
126436,Gadus morhua,M,Area,NA,3.d.28.2,2005-2009,1972,2.74,1.83,-0.85,6.33,10.77,1.17,8.48,13.07,18.8,0.62,17.58,20.02,0.74,0.1
127141,Platichthys flesus,F,Area,NA,3.d.26,2005-2009,1893,17.07,0.69,15.72,18.42,18.92,0.52,17.9,19.93,20.76,0.38,20.01,21.5,0.94,0.4
127141,Platichthys flesus,M,Area,NA,3.d.25,2005-2009,476,14.54,0.75,13.07,16.02,16.28,0.54,15.23,17.34,18.02,0.39,17.25,18.79,0.92,0.37
127141,Platichthys flesus,F,Area,NA,3.d.25,2005-2009,855,18.45,0.57,17.33,19.56,20.26,0.44,19.4,21.12,22.08,0.38,21.34,22.81,0.97,0.63
127141,Platichthys flesus,M,Area,NA,3.d.26,2005-2009,1754,13.05,0.96,11.18,14.93,14.59,0.77,13.09,16.09,16.12,0.6,14.95,17.29,0.9,0.46
126417,Clupea harengus,F,Area,NA,3.d.26,2005-2009,2641,12.01,0.3,11.42,12.61,13.91,0.21,13.49,14.33,15.81,0.15,15.51,16.1,0.85,0.32
126417,Clupea harengus,M,Area,NA,3.d.26,2005-2009,2121,12.45,0.29,11.89,13.01,14.14,0.2,13.74,14.54,15.83,0.15,15.54,16.12,0.87,0.38
126417,Clupea harengus,M,Area,NA,3.d.25,2005-2009,1270,12.19,0.38,11.45,12.93,13.93,0.27,13.4,14.45,15.67,0.2,15.27,16.06,0.9,0.4
126417,Clupea harengus,F,Area,NA,3.d.25,2005-2009,1588,12.46,0.33,11.81,13.12,14.22,0.23,13.77,14.68,15.98,0.18,15.64,16.32,0.9,0.4
127143,Pleuronectes platessa,M,Area,NA,3.d.24,2005-2009,1332,12.56,0.56,11.46,13.66,13.31,0.48,12.37,14.25,14.05,0.44,13.18,14.93,1,0.86
127143,Pleuronectes platessa,F,Area,NA,3.d.24,2005-2009,2125,12.49,0.68,11.15,13.82,13.68,0.55,12.59,14.77,14.87,0.5,13.9,15.84,1,0.69
127143,Pleuronectes platessa,M,Area,NA,3.a.21,2005-2009,1564,13.6,0.63,12.37,14.83,19.92,0.32,19.28,20.55,26.23,0.5,25.26,27.21,0.71,0.14
127143,Pleuronectes platessa,F,Area,NA,3.a.21,2005-2009,1811,22.94,0.28,22.4,23.49,26.85,0.21,26.43,27.27,30.75,0.29,30.18,31.33,0.86,0.38
127143,Pleuronectes platessa,M,Area,NA,3.c.22,2005-2009,520,9.35,1.23,6.94,11.76,13.14,0.83,11.52,14.75,16.92,0.55,15.85,18,0.82,0.23
127143,Pleuronectes platessa,F,Area,NA,3.c.22,2005-2009,581,10.04,1.51,7.08,13,15.14,1,13.19,17.09,20.24,0.65,18.97,21.52,0.81,0.2
127139,Limanda limanda,F,Area,NA,3.c.22,2005-2009,492,11.44,0.4,10.66,12.23,12.32,0.31,11.71,12.92,13.19,0.31,12.58,13.79,0.99,0.73
127139,Limanda limanda,M,Area,NA,3.c.22,2005-2009,295,9.65,0.48,8.71,10.59,10.38,0.38,9.63,11.13,11.11,0.4,10.32,11.9,1,0.81
127143,Pleuronectes platessa,M,Area,NA,3.b.23,2005-2009,155,22.46,1.45,19.62,25.3,27.95,0.88,26.22,29.68,33.44,1.47,30.56,36.31,0.74,0.17
127143,Pleuronectes platessa,F,Area,NA,3.b.23,2005-2009,214,23.34,1.13,21.12,25.57,27.46,0.73,26.03,28.88,31.57,0.72,30.15,32.99,0.83,0.32
127143,Pleuronectes platessa,F,Area,NA,3.a.20,2005-2009,2438,28,0.2,27.61,28.39,31.41,0.2,31.02,31.8,34.82,0.3,34.24,35.4,0.88,0.4
127143,Pleuronectes platessa,M,Area,NA,3.a.20,2005-2009,1642,22.87,0.47,21.94,23.8,31.37,0.73,29.95,32.79,39.87,1.35,37.22,42.52,0.7,0.1
126417,Clupea harengus,F,Area,NA,3.a.21,2005-2009,2443,21.43,0.12,21.19,21.68,23.38,0.14,23.11,23.65,25.32,0.2,24.93,25.72,0.91,0.41
126417,Clupea harengus,M,Area,NA,3.a.21,2005-2009,1840,20.96,0.13,20.72,21.21,22.75,0.13,22.5,23,24.54,0.18,24.18,24.89,0.91,0.47
126436,Gadus morhua,M,Area,NA,3.c.22,2010-2014,1993,18.73,0.29,18.15,19.31,21.61,0.23,21.16,22.07,24.5,0.27,23.97,25.02,0.96,0.66
126436,Gadus morhua,F,Area,NA,3.c.22,2010-2014,1272,20.48,0.42,19.65,21.3,25.07,0.39,24.3,25.84,29.66,0.53,28.62,30.7,0.95,0.64
126436,Gadus morhua,M,Area,NA,3.d.26,2010-2014,7433,17.21,0.35,16.53,17.9,21.82,0.23,21.36,22.28,26.42,0.17,26.09,26.76,0.87,0.29
126436,Gadus morhua,F,Area,NA,3.d.26,2010-2014,7266,26.78,0.19,26.41,27.16,30.36,0.14,30.09,30.63,33.94,0.13,33.68,34.2,0.93,0.52
126436,Gadus morhua,M,Area,NA,3.d.25,2010-2014,3915,18.3,0.31,17.7,18.91,22.24,0.22,21.81,22.66,26.17,0.2,25.77,26.57,0.92,0.5
126436,Gadus morhua,F,Area,NA,3.d.25,2010-2014,4212,24.97,0.31,24.37,25.57,29.37,0.24,28.89,29.84,33.77,0.25,33.27,34.27,0.96,0.69
126436,Gadus morhua,M,Area,NA,3.d.24,2010-2014,2322,22.59,0.32,21.95,23.23,26.11,0.26,25.6,26.62,29.63,0.28,29.07,30.19,0.96,0.69
126436,Gadus morhua,F,Area,NA,3.d.24,2010-2014,2657,23.98,0.38,23.23,24.73,27.19,0.32,26.56,27.82,30.4,0.33,29.76,31.04,0.98,0.83
126436,Gadus morhua,M,Area,NA,3.d.28.2,2010-2014,1070,13.21,0.82,11.6,14.83,16.75,0.55,15.66,17.83,20.28,0.38,19.53,21.03,0.86,0.27
126436,Gadus morhua,F,Area,NA,3.d.28.2,2010-2014,667,20.65,0.47,19.73,21.58,23.16,0.41,22.36,23.96,25.66,0.46,24.75,26.57,0.98,0.74
126436,Gadus morhua,F,Area,NA,3.a.21,2010-2014,1544,25.38,1.01,23.4,27.36,41.89,1.08,39.78,44,58.4,1.91,54.66,62.14,0.76,0.18
126436,Gadus morhua,M,Area,NA,3.a.21,2010-2014,1682,15.97,1.17,13.68,18.27,30.8,0.72,29.38,32.21,45.63,1.3,43.09,48.16,0.74,0.16
126436,Gadus morhua,F,Area,NA,3.b.23,2010-2014,1049,31.11,0.74,29.66,32.57,39.01,0.59,37.85,40.17,46.91,0.79,45.36,48.46,0.88,0.43
126436,Gadus morhua,M,Area,NA,3.b.23,2010-2014,1320,29.4,0.54,28.34,30.47,34.95,0.4,34.16,35.74,40.5,0.47,39.58,41.42,0.9,0.48
126436,Gadus morhua,F,Area,NA,3.d.27,2010-2014,125,26.59,0.89,24.84,28.34,28.19,0.8,26.63,29.75,29.79,0.89,28.05,31.53,0.99,0.89
126436,Gadus morhua,M,Area,NA,3.d.27,2010-2014,291,15.61,1.32,13.03,18.19,18.61,0.88,16.88,20.34,21.61,0.63,20.37,22.84,0.89,0.25
126436,Gadus morhua,M,Area,NA,3.a.20,2010-2014,1725,49.45,0.69,48.1,50.81,59.3,0.78,57.77,60.82,69.14,1.14,66.91,71.37,0.88,0.4
126436,Gadus morhua,F,Area,NA,3.a.20,2010-2014,1842,49.94,0.58,48.81,51.07,57.34,0.58,56.2,58.48,64.74,0.79,63.19,66.29,0.93,0.54
126425,Sprattus sprattus,M,Area,NA,3.d.26,2010-2014,587,7.46,0.26,6.95,7.97,8.26,0.19,7.89,8.63,9.06,0.15,8.78,9.35,0.92,0.38
126425,Sprattus sprattus,F,Area,NA,3.d.26,2010-2014,634,8.09,0.21,7.67,8.51,8.75,0.16,8.44,9.06,9.41,0.13,9.15,9.67,0.97,0.49
127143,Pleuronectes platessa,F,Area,NA,3.d.24,2010-2014,2133,19.77,0.3,19.18,20.35,20.88,0.26,20.36,21.4,22,0.28,21.45,22.54,1,0.89
127143,Pleuronectes platessa,M,Area,NA,3.d.24,2010-2014,1380,13.69,0.37,12.97,14.4,15.72,0.26,15.21,16.22,17.75,0.21,17.34,18.16,0.92,0.43
127143,Pleuronectes platessa,F,Area,NA,3.a.21,2010-2014,2102,19.01,0.36,18.3,19.72,23.49,0.23,23.03,23.94,27.96,0.26,27.46,28.47,0.82,0.29
127143,Pleuronectes platessa,M,Area,NA,3.a.21,2010-2014,1890,7.39,1.38,4.68,10.11,15.98,0.65,14.7,17.26,24.56,0.49,23.59,25.53,0.65,0.06
127143,Pleuronectes platessa,M,Area,NA,3.c.22,2010-2014,2377,3.92,1.37,1.24,6.61,8.84,0.95,6.97,10.71,13.75,0.58,12.62,14.88,0.77,0.09
127143,Pleuronectes platessa,F,Area,NA,3.c.22,2010-2014,2486,14.32,0.49,13.36,15.27,17.37,0.35,16.69,18.06,20.43,0.27,19.9,20.96,0.93,0.39
127139,Limanda limanda,F,Area,NA,3.d.24,2010-2014,893,15.55,0.39,14.79,16.31,16.77,0.3,16.19,17.36,17.99,0.28,17.44,18.54,0.99,0.76
127139,Limanda limanda,M,Area,NA,3.d.24,2010-2014,618,10.38,0.52,9.35,11.41,11.91,0.39,11.15,12.66,13.43,0.34,12.76,14.09,0.97,0.51
127139,Limanda limanda,M,Area,NA,3.c.22,2010-2014,609,10.3,0.4,9.53,11.08,11.17,0.3,10.58,11.76,12.04,0.27,11.51,12.57,0.99,0.65
127139,Limanda limanda,F,Area,NA,3.c.22,2010-2014,1180,12.86,0.38,12.12,13.6,14.45,0.3,13.86,15.04,16.04,0.3,15.44,16.63,0.98,0.71
127141,Platichthys flesus,M,Area,NA,3.d.24,2010-2014,680,15.78,0.25,15.29,16.27,16.61,0.19,16.23,16.98,17.43,0.19,17.06,17.8,0.99,0.76
127141,Platichthys flesus,F,Area,NA,3.d.24,2010-2014,1296,18.87,0.49,17.9,19.83,19.79,0.4,19,20.58,20.71,0.37,19.98,21.44,1,0.93
127141,Platichthys flesus,M,Area,NA,3.d.25,2010-2014,1374,12.61,0.69,11.25,13.97,14.23,0.51,13.22,15.24,15.84,0.37,15.13,16.56,0.92,0.32
127141,Platichthys flesus,F,Area,NA,3.d.25,2010-2014,1921,16.22,0.44,15.36,17.08,17.55,0.34,16.88,18.22,18.88,0.3,18.29,19.48,0.99,0.69
127141,Platichthys flesus,M,Area,NA,3.d.26,2010-2014,3258,13.98,0.64,12.72,15.24,15.33,0.51,14.34,16.32,16.68,0.38,15.92,17.43,0.92,0.33
127141,Platichthys flesus,F,Area,NA,3.d.26,2010-2014,4217,16.59,0.46,15.69,17.49,18.51,0.35,17.83,19.19,20.43,0.26,19.92,20.94,0.93,0.42
127141,Platichthys flesus,M,Area,NA,3.d.28.2,2010-2014,1416,11.95,0.51,10.94,12.96,13.29,0.37,12.56,14.03,14.64,0.26,14.12,15.16,0.95,0.27
127141,Platichthys flesus,F,Area,NA,3.d.28.2,2010-2014,1258,15.46,0.3,14.86,16.06,16.6,0.22,16.16,17.03,17.73,0.21,17.32,18.15,0.98,0.59
127141,Platichthys flesus,M,Area,NA,3.d.27,2010-2014,696,13.66,0.72,12.26,15.07,14.84,0.52,13.81,15.86,16.01,0.37,15.29,16.73,0.95,0.3
127141,Platichthys flesus,F,Area,NA,3.d.27,2010-2014,586,16.64,0.43,15.8,17.48,17.66,0.3,17.06,18.25,18.68,0.27,18.14,19.22,0.98,0.52
126417,Clupea harengus,F,Area,NA,3.d.26,2010-2014,4318,13.82,0.13,13.57,14.06,15.11,0.09,14.92,15.29,16.4,0.08,16.23,16.56,0.95,0.61
126417,Clupea harengus,M,Area,NA,3.d.26,2010-2014,3394,14.04,0.12,13.8,14.28,15.24,0.09,15.06,15.42,16.44,0.09,16.27,16.6,0.96,0.65
126417,Clupea harengus,F,Area,NA,3.d.25,2010-2014,3005,14.52,0.12,14.29,14.75,15.64,0.09,15.46,15.82,16.75,0.09,16.58,16.93,0.97,0.68
126417,Clupea harengus,M,Area,NA,3.d.25,2010-2014,2376,14.19,0.14,13.92,14.46,15.52,0.1,15.31,15.72,16.84,0.11,16.63,17.05,0.96,0.63
127143,Pleuronectes platessa,F,Area,NA,3.a.20,2010-2014,2376,26.93,0.26,26.41,27.44,31.79,0.26,31.29,32.29,36.65,0.4,35.87,37.43,0.83,0.31
127143,Pleuronectes platessa,M,Area,NA,3.a.20,2010-2014,1602,16.72,1.22,14.33,19.1,31.2,1.11,29.02,33.38,45.69,2.82,40.16,51.22,0.61,0.04
127143,Pleuronectes platessa,M,Area,NA,3.b.23,2010-2014,238,10.88,4.27,2.51,19.25,19.45,2.17,15.2,23.7,28.03,1.25,25.58,30.47,0.65,0.07
127143,Pleuronectes platessa,F,Area,NA,3.b.23,2010-2014,406,22.82,0.63,21.58,24.06,25.26,0.44,24.41,26.12,27.7,0.38,26.96,28.44,0.9,0.44
126438,Merlangius merlangus,F,Area,NA,3.a.21,2010-2014,447,21.45,0.55,20.37,22.52,25.75,0.49,24.79,26.71,30.05,0.74,28.59,31.51,0.84,0.31
126438,Merlangius merlangus,M,Area,NA,3.a.21,2010-2014,314,18.79,0.67,17.48,20.11,23.65,0.71,22.25,25.04,28.5,1.22,26.1,30.89,0.78,0.2
126438,Merlangius merlangus,M,Area,NA,3.c.22,2010-2014,85,17.37,0.83,15.75,18.99,19.95,0.64,18.7,21.2,22.52,0.92,20.72,24.32,0.85,0.37
126438,Merlangius merlangus,F,Area,NA,3.c.22,2010-2014,99,19.43,0.57,18.3,20.55,20.89,0.5,19.91,21.86,22.35,0.58,21.21,23.49,0.96,0.71
126437,Melanogrammus aeglefinus,M,Area,NA,3.a.21,2010-2014,274,20.28,0.73,18.85,21.71,24.44,0.68,23.12,25.77,28.6,0.94,26.76,30.45,0.91,0.51
127136,Glyptocephalus cynoglossus,F,Area,NA,3.a.21,2010-2014,145,21.67,0.72,20.27,23.08,24.88,0.63,23.63,26.12,28.08,0.99,26.15,30.01,0.83,0.32
126438,Merlangius merlangus,M,Area,NA,3.d.24,2010-2014,32,23.65,1.85,20.03,27.27,27.01,1.55,23.98,30.05,30.38,1.96,26.53,34.23,0.9,0.5
126417,Clupea harengus,F,Area,NA,3.a.21,2010-2014,2653,22.1,0.12,21.87,22.33,23.92,0.13,23.68,24.17,25.75,0.17,25.41,26.09,0.93,0.5
126417,Clupea harengus,M,Area,NA,3.a.21,2010-2014,1588,21.51,0.15,21.21,21.81,23.67,0.15,23.38,23.96,25.83,0.21,25.41,26.24,0.88,0.41
126438,Merlangius merlangus,M,Area,NA,3.a.20,2010-2014,290,22.4,0.66,21.11,23.69,26.84,0.74,25.39,28.28,31.28,1.18,28.97,33.58,0.83,0.26
126438,Merlangius merlangus,F,Area,NA,3.a.20,2010-2014,470,24.88,0.52,23.87,25.89,28.69,0.45,27.8,29.58,32.5,0.62,31.28,33.72,0.89,0.44
126437,Melanogrammus aeglefinus,F,Area,NA,3.a.21,2010-2014,219,24.61,0.64,23.34,25.87,27.14,0.62,25.93,28.35,29.68,0.78,28.15,31.21,0.97,0.69
126437,Melanogrammus aeglefinus,F,Area,NA,3.a.20,2010-2014,443,34.98,0.71,33.58,36.37,39.64,0.72,38.23,41.05,44.31,1.02,42.31,46.31,0.92,0.48
126437,Melanogrammus aeglefinus,M,Area,NA,3.a.20,2010-2014,433,27.4,0.64,26.15,28.65,31.65,0.58,30.51,32.78,35.89,0.76,34.4,37.38,0.92,0.54
127136,Glyptocephalus cynoglossus,M,Area,NA,3.a.21,2010-2014,98,19.72,0.72,18.3,21.13,22.64,0.77,21.13,24.15,25.56,1.38,22.85,28.26,0.75,0.18
126484,Merluccius merluccius,F,Area,NA,3.a.20,2010-2014,146,36.13,1.96,32.28,39.97,45.53,2.41,40.81,50.25,54.93,3.77,47.55,62.32,0.81,0.38
126438,Merlangius merlangus,M,Area,NA,3.c.22,2015-2019,218,16.59,0.46,15.68,17.49,19.05,0.37,18.33,19.76,21.5,0.58,20.36,22.65,0.81,0.28
126438,Merlangius merlangus,F,Area,NA,3.c.22,2015-2019,225,17.71,0.59,16.56,18.86,20.19,0.41,19.38,21,22.67,0.47,21.76,23.58,0.86,0.42
126436,Gadus morhua,F,Area,NA,3.d.25,2015-2019,3259,21.18,0.26,20.68,21.68,23.89,0.21,23.49,24.3,26.6,0.22,26.17,27.03,0.97,0.73
126436,Gadus morhua,M,Area,NA,3.d.25,2015-2019,3948,14.84,0.34,14.17,15.5,17.9,0.24,17.43,18.37,20.96,0.2,20.57,21.34,0.93,0.48
126436,Gadus morhua,F,Area,NA,3.d.26,2015-2019,4038,23.66,0.24,23.18,24.14,26,0.19,25.64,26.37,28.35,0.18,28,28.69,0.98,0.69
126436,Gadus morhua,M,Area,NA,3.d.24,2015-2019,4395,17.08,0.33,16.44,17.73,20.83,0.24,20.37,21.3,24.58,0.21,24.17,25,0.93,0.53
126436,Gadus morhua,F,Area,NA,3.d.24,2015-2019,4624,16.38,0.37,15.64,17.11,21,0.27,20.47,21.54,25.63,0.26,25.12,26.14,0.93,0.54
126436,Gadus morhua,M,Area,NA,3.d.26,2015-2019,4632,16.65,0.36,15.94,17.35,20.1,0.25,19.6,20.6,23.55,0.2,23.16,23.95,0.92,0.43
126436,Gadus morhua,M,Area,NA,3.c.22,2015-2019,2005,18.88,0.34,18.22,19.55,22.21,0.27,21.69,22.73,25.54,0.3,24.94,26.13,0.96,0.6
126436,Gadus morhua,F,Area,NA,3.c.22,2015-2019,1206,19.2,0.5,18.22,20.17,24.35,0.43,23.51,25.19,29.5,0.59,28.35,30.65,0.95,0.59
126436,Gadus morhua,M,Area,NA,3.a.21,2015-2019,1609,17.67,1.02,15.67,19.67,29.69,0.7,28.31,31.06,41.7,0.87,40.01,43.4,0.86,0.34
126436,Gadus morhua,F,Area,NA,3.a.21,2015-2019,1329,29.9,0.87,28.18,31.61,40.92,0.79,39.38,42.46,51.95,1.04,49.92,53.98,0.9,0.48
126436,Gadus morhua,F,Area,NA,3.a.20,2015-2019,1815,55.78,0.77,54.27,57.3,66.67,0.82,65.06,68.28,77.56,1.18,75.25,79.87,0.91,0.41
126436,Gadus morhua,M,Area,NA,3.a.20,2015-2019,1647,48.72,0.78,47.19,50.26,60.02,0.88,58.29,61.76,71.32,1.3,68.77,73.88,0.87,0.37
126436,Gadus morhua,M,Area,NA,3.b.23,2015-2019,1077,15.25,2.4,10.55,19.94,33.21,1.23,30.79,35.63,51.17,1.5,48.23,54.12,0.73,0.15
126436,Gadus morhua,F,Area,NA,3.b.23,2015-2019,787,25.78,2.6,20.68,30.88,50.03,1.77,46.55,53.5,74.27,3.36,67.69,80.86,0.74,0.14
126437,Melanogrammus aeglefinus,M,Area,NA,3.a.21,2015-2019,195,21.56,0.81,19.98,23.14,25.19,0.72,23.78,26.6,28.83,0.93,27,30.66,0.92,0.55
126437,Melanogrammus aeglefinus,F,Area,NA,3.a.21,2015-2019,223,25.08,0.95,23.22,26.94,28.71,0.79,27.16,30.26,32.34,0.88,30.62,34.06,0.95,0.67
126425,Sprattus sprattus,M,Area,NA,3.d.26,2015-2019,579,6.39,0.39,5.62,7.16,7.16,0.28,6.6,7.71,7.92,0.2,7.53,8.31,0.9,0.28
126425,Sprattus sprattus,F,Area,NA,3.d.26,2015-2019,633,7.47,0.25,6.98,7.96,7.96,0.19,7.6,8.32,8.46,0.15,8.15,8.76,0.98,0.48
127143,Pleuronectes platessa,M,Area,NA,3.c.22,2015-2019,2875,10.06,0.43,9.21,10.91,12.84,0.3,12.26,13.43,15.63,0.21,15.23,16.03,0.87,0.29
127143,Pleuronectes platessa,F,Area,NA,3.c.22,2015-2019,2864,13.44,0.42,12.62,14.25,16.15,0.3,15.56,16.74,18.87,0.24,18.39,19.35,0.95,0.47
127143,Pleuronectes platessa,F,Area,NA,3.a.21,2015-2019,2277,19.57,0.29,19.01,20.14,23.19,0.21,22.79,23.6,26.82,0.22,26.39,27.24,0.89,0.44
127143,Pleuronectes platessa,M,Area,NA,3.a.20,2015-2019,1165,15.56,1.34,12.93,18.19,28.97,1.02,26.97,30.97,42.38,2.6,37.27,47.48,0.62,0.05
127143,Pleuronectes platessa,F,Area,NA,3.a.20,2015-2019,1692,26.4,0.33,25.75,27.05,31.59,0.31,30.98,32.21,36.79,0.49,35.82,37.75,0.82,0.29
127143,Pleuronectes platessa,M,Area,NA,3.d.24,2015-2019,1551,11.67,0.47,10.75,12.59,13.82,0.33,13.18,14.46,15.97,0.23,15.53,16.41,0.88,0.33
127143,Pleuronectes platessa,F,Area,NA,3.d.24,2015-2019,3849,13.11,0.4,12.31,13.9,15.01,0.29,14.43,15.58,16.91,0.23,16.46,17.36,0.97,0.51
127143,Pleuronectes platessa,M,Area,NA,3.a.21,2015-2019,1876,8.61,1.03,6.6,10.62,16.19,0.53,15.14,17.23,23.76,0.41,22.95,24.56,0.7,0.11
127143,Pleuronectes platessa,M,Area,NA,3.b.23,2015-2019,300,12.89,2.45,8.09,17.69,19.98,1.32,17.39,22.56,27.07,0.93,25.24,28.9,0.71,0.11
127143,Pleuronectes platessa,F,Area,NA,3.b.23,2015-2019,426,21.03,1.1,18.88,23.18,25.46,0.69,24.1,26.81,29.88,0.54,28.82,30.94,0.81,0.26
127139,Limanda limanda,F,Area,NA,3.c.22,2015-2019,1285,12.29,0.27,11.77,12.81,13.72,0.2,13.33,14.11,15.15,0.21,14.74,15.56,0.98,0.63
127139,Limanda limanda,M,Area,NA,3.c.22,2015-2019,855,9.45,0.37,8.72,10.19,11.1,0.26,10.58,11.61,12.74,0.23,12.28,13.2,0.95,0.43
127139,Limanda limanda,F,Area,NA,3.d.24,2015-2019,1168,13.16,0.34,12.49,13.83,15.1,0.25,14.6,15.59,17.03,0.24,16.56,17.51,0.96,0.56
127139,Limanda limanda,M,Area,NA,3.d.24,2015-2019,640,9.27,0.69,7.91,10.63,11.14,0.5,10.16,12.12,13.01,0.38,12.27,13.75,0.93,0.42
127139,Limanda limanda,M,Area,NA,3.a.21,2015-2019,140,7.78,1.8,4.26,11.31,11.87,0.98,9.95,13.79,15.96,0.84,14.32,17.6,0.75,0.16
127141,Platichthys flesus,M,Area,NA,3.d.24,2015-2019,925,15.04,0.32,14.42,15.67,16.16,0.23,15.71,16.62,17.28,0.18,16.92,17.64,0.95,0.52
127141,Platichthys flesus,F,Area,NA,3.d.24,2015-2019,1884,13.2,0.51,12.2,14.2,15.07,0.38,14.33,15.82,16.94,0.31,16.33,17.55,0.98,0.45
127141,Platichthys flesus,M,Area,NA,3.d.26,2015-2019,1886,13.84,0.4,13.06,14.62,15.31,0.29,14.73,15.89,16.78,0.22,16.35,17.21,0.95,0.5
127141,Platichthys flesus,F,Area,NA,3.d.26,2015-2019,2444,16.77,0.33,16.12,17.43,18.36,0.25,17.88,18.84,19.94,0.19,19.56,20.32,0.96,0.54
126417,Clupea harengus,F,Area,NA,3.d.25,2015-2019,2531,13.47,0.14,13.18,13.75,14.84,0.1,14.64,15.05,16.22,0.1,16.03,16.42,0.94,0.54
126417,Clupea harengus,M,Area,NA,3.d.25,2015-2019,2337,13.46,0.15,13.17,13.75,14.99,0.11,14.78,15.2,16.51,0.11,16.3,16.73,0.93,0.56
126417,Clupea harengus,F,Area,NA,3.d.26,2015-2019,2859,13.17,0.13,12.9,13.43,14.49,0.1,14.29,14.69,15.81,0.1,15.62,16,0.95,0.63
126417,Clupea harengus,M,Area,NA,3.d.26,2015-2019,2794,12.86,0.15,12.58,13.15,14.41,0.11,14.2,14.62,15.96,0.1,15.76,16.16,0.93,0.59
126417,Clupea harengus,F,Area,NA,3.d.24,2015-2019,477,14.43,0.27,13.9,14.96,15.3,0.21,14.89,15.71,16.17,0.22,15.74,16.6,0.98,0.69
126417,Clupea harengus,M,Area,NA,3.d.24,2015-2019,377,14.75,0.27,14.22,15.29,15.59,0.21,15.17,16.01,16.43,0.21,16.01,16.84,0.98,0.74
126438,Merlangius merlangus,M,Area,NA,3.a.21,2015-2019,1287,16.64,0.39,15.88,17.39,21.59,0.29,21.01,22.17,26.55,0.52,25.53,27.56,0.76,0.19
126438,Merlangius merlangus,F,Area,NA,3.a.21,2015-2019,1474,20.16,0.24,19.69,20.63,23.13,0.2,22.74,23.52,26.1,0.26,25.6,26.6,0.9,0.49
126438,Merlangius merlangus,M,Area,NA,3.b.23,2015-2019,53,17.15,0.82,15.53,18.77,18.64,0.64,17.37,19.9,20.12,0.76,18.64,21.61,0.95,0.59
126438,Merlangius merlangus,F,Area,NA,3.b.23,2015-2019,79,18.88,0.78,17.35,20.42,20.18,0.61,18.99,21.37,21.47,0.64,20.21,22.73,0.98,0.7
126438,Merlangius merlangus,F,Area,NA,3.a.20,2015-2019,1635,21.26,0.27,20.74,21.79,24.76,0.23,24.31,25.2,28.25,0.3,27.66,28.84,0.91,0.51
126438,Merlangius merlangus,M,Area,NA,3.a.20,2015-2019,1253,18.46,0.35,17.77,19.15,23.03,0.3,22.45,23.61,27.61,0.46,26.71,28.51,0.82,0.3
126437,Melanogrammus aeglefinus,M,Area,NA,3.a.20,2015-2019,326,23.35,0.9,21.59,25.11,29.32,0.9,27.55,31.09,35.29,1.26,32.83,37.76,0.87,0.47
126437,Melanogrammus aeglefinus,F,Area,NA,3.a.20,2015-2019,332,31.89,0.85,30.23,33.56,35.94,0.74,34.49,37.39,39.99,0.9,38.22,41.75,0.96,0.65
126484,Merluccius merluccius,M,Area,NA,3.a.20,2015-2019,454,34.91,0.65,33.64,36.18,38.92,0.64,37.66,40.18,42.93,0.87,41.22,44.64,0.96,0.66
126484,Merluccius merluccius,F,Area,NA,3.a.20,2015-2019,482,48.9,1.05,46.84,50.97,53.99,1.03,51.97,56.01,59.08,1.24,56.65,61.5,0.98,0.82
126438,Merlangius merlangus,M,Area,NA,3.d.24,2020-2024,137,17.03,0.51,16.03,18.03,18.34,0.45,17.46,19.23,19.65,0.55,18.57,20.72,0.98,0.77
126438,Merlangius merlangus,F,Area,NA,3.d.24,2020-2024,88,19.19,0.45,18.31,20.07,19.72,0.37,18.99,20.46,20.25,0.45,19.38,21.13,1,0.9
126438,Merlangius merlangus,F,Area,NA,3.c.22,2020-2024,334,15.95,0.48,15.01,16.89,18.18,0.35,17.5,18.86,20.41,0.36,19.7,21.12,0.9,0.45
126438,Merlangius merlangus,M,Area,NA,3.c.22,2020-2024,407,13.93,0.5,12.94,14.91,16.55,0.31,15.94,17.16,19.18,0.34,18.51,19.85,0.81,0.28
126438,Merlangius merlangus,F,Area,NA,3.a.21,2020-2024,1304,18.08,0.22,17.65,18.51,20.45,0.17,20.11,20.79,22.82,0.21,22.41,23.23,0.91,0.53
126438,Merlangius merlangus,M,Area,NA,3.a.21,2020-2024,1136,15.68,0.3,15.08,16.27,18.97,0.21,18.56,19.38,22.27,0.3,21.68,22.85,0.8,0.28
126438,Merlangius merlangus,F,Area,NA,3.a.20,2020-2024,1948,20.32,0.34,19.66,20.99,24.84,0.25,24.35,25.34,29.36,0.3,28.77,29.95,0.88,0.43
126438,Merlangius merlangus,M,Area,NA,3.a.20,2020-2024,1253,17.57,0.44,16.71,18.42,22.64,0.31,22.04,23.24,27.71,0.44,26.83,28.58,0.8,0.27
126438,Merlangius merlangus,M,Area,NA,3.b.23,2020-2024,66,14.13,1.6,11.01,17.26,16.99,1.1,14.82,19.15,19.84,1.04,17.8,21.88,0.9,0.49
126438,Merlangius merlangus,F,Area,NA,3.b.23,2020-2024,91,18.75,0.88,17.02,20.47,20.52,0.71,19.13,21.91,22.29,0.76,20.8,23.79,0.96,0.71
126444,Trisopterus esmarkii,F,Area,NA,3.a.21,2020-2024,152,10.59,0.36,9.88,11.3,11.96,0.24,11.49,12.43,13.33,0.33,12.69,13.97,0.8,0.28
126444,Trisopterus esmarkii,M,Area,NA,3.a.20,2020-2024,238,12.13,0.2,11.73,12.52,13.06,0.17,12.72,13.39,13.99,0.21,13.58,14.39,0.93,0.59
126444,Trisopterus esmarkii,F,Area,NA,3.a.20,2020-2024,471,13.05,0.16,12.74,13.36,14.04,0.15,13.76,14.32,15.03,0.18,14.67,15.38,0.95,0.67
126436,Gadus morhua,F,Area,NA,3.a.20,2020-2024,1259,44.99,0.74,43.53,46.45,52.33,0.89,50.59,54.07,59.67,1.22,57.28,62.06,0.93,0.5
126436,Gadus morhua,M,Area,NA,3.a.20,2020-2024,1187,44.88,0.69,43.53,46.23,51.1,0.81,49.51,52.68,57.31,1.09,55.17,59.46,0.94,0.54
126436,Gadus morhua,M,Area,NA,3.d.24,2020-2024,3948,18.76,0.24,18.29,19.23,21.84,0.18,21.49,22.19,24.92,0.17,24.58,25.26,0.94,0.57
126436,Gadus morhua,F,Area,NA,3.d.24,2020-2024,3733,18.21,0.28,17.67,18.76,21.95,0.21,21.54,22.37,25.69,0.22,25.26,26.13,0.94,0.58
126436,Gadus morhua,M,Area,NA,3.a.21,2020-2024,1068,21.58,0.35,20.89,22.27,25.35,0.34,24.69,26.01,29.12,0.47,28.19,30.04,0.93,0.57
126436,Gadus morhua,F,Area,NA,3.a.21,2020-2024,806,26.44,0.51,25.44,27.45,31.17,0.65,29.9,32.43,35.89,0.94,34.05,37.73,0.94,0.55
126436,Gadus morhua,F,Area,NA,3.b.23,2020-2024,612,23.41,1.19,21.07,25.75,32.4,0.85,30.73,34.07,41.39,1.11,39.22,43.55,0.86,0.38
126436,Gadus morhua,M,Area,NA,3.b.23,2020-2024,844,16.6,1.28,14.1,19.1,25.22,0.78,23.7,26.74,33.84,0.77,32.33,35.35,0.83,0.3
126436,Gadus morhua,M,Area,NA,3.d.25,2020-2024,5319,14.04,0.38,13.3,14.79,18.29,0.25,17.8,18.79,22.54,0.18,22.18,22.9,0.87,0.31
126436,Gadus morhua,F,Area,NA,3.d.25,2020-2024,4586,18.36,0.27,17.84,18.88,22.22,0.19,21.85,22.59,26.08,0.19,25.71,26.44,0.92,0.48
126436,Gadus morhua,M,Area,NA,3.d.26,2020-2024,3846,16.08,0.31,15.47,16.7,18.8,0.22,18.37,19.23,21.52,0.18,21.18,21.87,0.93,0.44
126436,Gadus morhua,F,Area,NA,3.d.26,2020-2024,2746,19.42,0.27,18.88,19.95,22.16,0.2,21.76,22.55,24.9,0.2,24.5,25.29,0.95,0.55
126436,Gadus morhua,M,Area,NA,3.d.27,2020-2024,190,16.3,1.44,13.47,19.12,20,0.89,18.26,21.74,23.71,0.69,22.36,25.05,0.81,0.23
126436,Gadus morhua,F,Area,NA,3.d.27,2020-2024,123,22.36,0.84,20.72,24,24.86,0.69,23.5,26.22,27.36,0.84,25.71,29.02,0.95,0.63
126436,Gadus morhua,M,Area,NA,3.c.22,2020-2024,1420,19.53,0.22,19.1,19.96,21.98,0.2,21.59,22.37,24.43,0.26,23.92,24.94,0.95,0.64
126436,Gadus morhua,F,Area,NA,3.c.22,2020-2024,1295,20.12,0.26,19.62,20.63,23.17,0.27,22.64,23.7,26.21,0.38,25.47,26.96,0.94,0.61
126436,Gadus morhua,F,Area,NA,3.d.28.2,2020-2024,962,11.31,1.24,8.89,13.73,16.06,0.79,14.52,17.6,20.81,0.48,19.88,21.75,0.81,0.16
126436,Gadus morhua,M,Area,NA,3.d.28.2,2020-2024,1423,8.95,1.42,6.17,11.73,13.56,0.97,11.66,15.46,18.17,0.58,17.04,19.3,0.78,0.11
127136,Glyptocephalus cynoglossus,M,Area,NA,3.a.20,2020-2024,342,21.96,0.89,20.21,23.7,27.73,0.66,26.44,29.01,33.5,1.14,31.26,35.73,0.75,0.19
127143,Pleuronectes platessa,F,Area,NA,3.d.25,2020-2024,1536,12.84,0.97,10.94,14.75,14.8,0.73,13.36,16.24,16.75,0.53,15.7,17.8,0.96,0.17
127143,Pleuronectes platessa,F,Area,NA,3.d.24,2020-2024,3482,11.04,0.32,10.42,11.67,13.14,0.24,12.67,13.61,15.23,0.22,14.8,15.67,0.98,0.59
127143,Pleuronectes platessa,M,Area,NA,3.d.24,2020-2024,2115,10.09,0.32,9.47,10.71,11.9,0.23,11.45,12.35,13.71,0.18,13.35,14.07,0.94,0.43
127143,Pleuronectes platessa,M,Area,NA,3.c.22,2020-2024,3796,10.36,0.19,9.99,10.74,12.34,0.13,12.08,12.6,14.31,0.12,14.09,14.54,0.92,0.44
127143,Pleuronectes platessa,F,Area,NA,3.c.22,2020-2024,3403,12.4,0.2,12.01,12.78,14.38,0.15,14.08,14.68,16.36,0.16,16.06,16.67,0.97,0.65
127143,Pleuronectes platessa,M,Area,NA,3.a.20,2020-2024,782,18.07,0.62,16.85,19.29,25.09,0.65,23.81,26.36,32.1,1.25,29.65,34.54,0.72,0.13
127143,Pleuronectes platessa,F,Area,NA,3.a.20,2020-2024,1378,23.37,0.29,22.79,23.94,27.38,0.28,26.83,27.93,31.4,0.42,30.57,32.22,0.85,0.36
127143,Pleuronectes platessa,F,Area,NA,3.a.21,2020-2024,1947,14.91,0.32,14.29,15.53,18.33,0.22,17.9,18.76,21.76,0.22,21.33,22.2,0.88,0.42
127143,Pleuronectes platessa,M,Area,NA,3.a.21,2020-2024,1732,10.87,0.4,10.09,11.65,14.62,0.24,14.14,15.1,18.37,0.23,17.92,18.82,0.81,0.27
127143,Pleuronectes platessa,F,Area,NA,3.b.23,2020-2024,702,15.29,1.52,12.3,18.27,24.49,0.75,23.02,25.96,33.7,1.02,31.7,35.69,0.7,0.12
127139,Limanda limanda,F,Area,NA,3.c.22,2020-2024,1277,10.72,0.29,10.14,11.29,12.25,0.23,11.81,12.69,13.78,0.24,13.31,14.25,0.98,0.63
127139,Limanda limanda,M,Area,NA,3.c.22,2020-2024,1046,9.32,0.34,8.66,9.98,10.85,0.24,10.39,11.32,12.39,0.21,11.99,12.8,0.95,0.46
127139,Limanda limanda,M,Area,NA,3.d.24,2020-2024,709,10.52,0.36,9.82,11.22,11.6,0.26,11.09,12.11,12.68,0.24,12.21,13.15,0.98,0.54
127139,Limanda limanda,F,Area,NA,3.d.24,2020-2024,1142,11.28,0.35,10.59,11.96,13.02,0.27,12.5,13.54,14.76,0.26,14.25,15.27,0.97,0.61
127139,Limanda limanda,F,Area,NA,3.a.21,2020-2024,310,9.54,0.73,8.11,10.96,11.3,0.49,10.33,12.27,13.06,0.44,12.2,13.93,0.94,0.44
127139,Limanda limanda,M,Area,NA,3.a.21,2020-2024,241,9.17,0.6,7.99,10.34,10.64,0.4,9.84,11.43,12.11,0.32,11.47,12.74,0.91,0.31
127139,Limanda limanda,F,Area,NA,3.a.20,2020-2024,146,10.38,1.02,8.37,12.39,12.31,0.71,10.92,13.71,14.25,0.63,13.01,15.49,0.94,0.43
127141,Platichthys flesus,F,Area,NA,3.d.25,2020-2024,1652,15.17,0.69,13.83,16.52,17.43,0.5,16.44,18.42,19.69,0.36,18.97,20.4,0.91,0.3
127141,Platichthys flesus,M,Area,NA,3.d.25,2020-2024,1270,9.78,1.93,6,13.56,12.36,1.47,9.48,15.23,14.93,1.03,12.92,16.94,0.79,0.06
127141,Platichthys flesus,M,Area,NA,3.d.28.2,2020-2024,957,8.53,0.93,6.7,10.36,10.25,0.69,8.89,11.61,11.97,0.5,11,12.95,0.91,0.29
127160,Solea solea,F,Area,NA,3.c.22,2020-2024,97,18.44,1.05,16.38,20.5,20.01,0.79,18.45,21.56,21.58,0.75,20.1,23.05,0.98,0.74
127160,Solea solea,M,Area,NA,3.c.22,2020-2024,127,13.97,1.11,11.79,16.14,16,0.78,14.48,17.52,18.03,0.6,16.86,19.2,0.86,0.4
126417,Clupea harengus,M,Area,NA,3.d.26,2020-2024,2543,13.19,0.14,12.91,13.47,14.68,0.1,14.48,14.88,16.17,0.1,15.98,16.36,0.93,0.56
126417,Clupea harengus,F,Area,NA,3.d.26,2020-2024,2588,13.38,0.13,13.13,13.63,14.63,0.09,14.45,14.81,15.88,0.09,15.71,16.05,0.94,0.59
126417,Clupea harengus,F,Area,NA,3.d.25,2020-2024,2088,13.96,0.13,13.71,14.21,15.06,0.1,14.87,15.25,16.15,0.1,15.96,16.35,0.96,0.64
126417,Clupea harengus,M,Area,NA,3.d.25,2020-2024,1808,14.02,0.14,13.74,14.3,15.34,0.11,15.13,15.55,16.65,0.11,16.44,16.87,0.94,0.6
126444,Trisopterus esmarkii,M,Area,NA,3.a.21,2020-2024,59,8.17,1.7,4.83,11.52,10.74,0.71,9.35,12.13,13.31,1.17,11.02,15.59,0.65,0.08
127136,Glyptocephalus cynoglossus,F,Area,NA,3.a.20,2020-2024,441,28.82,0.51,27.82,29.82,32.6,0.47,31.68,33.52,36.39,0.68,35.05,37.73,0.87,0.38
127139,Limanda limanda,M,Area,NA,3.a.20,2020-2024,92,10.78,1.13,8.57,12.99,13.01,0.77,11.5,14.51,15.23,0.68,13.89,16.57,0.88,0.39
126441,Pollachius virens,M,Area,NA,3.a.20,2020-2024,83,42.89,3.09,36.84,48.94,52.11,2.56,47.1,57.13,61.34,3.47,54.54,68.15,0.88,0.47
127160,Solea solea,M,Area,NA,8.a,2005-2009,471,20.16,0.29,19.6,20.72,21.21,0.23,20.76,21.66,22.26,0.25,21.78,22.74,0.99,0.78
127160,Solea solea,F,Area,NA,8.a,2005-2009,745,21.77,0.3,21.19,22.35,23.46,0.24,22.98,23.93,25.14,0.27,24.61,25.67,0.98,0.76
127160,Solea solea,F,Area,NA,8.b,2005-2009,295,22.63,0.41,21.83,23.44,23.67,0.34,23.01,24.34,24.71,0.39,23.95,25.47,1,0.9
127160,Solea solea,M,Area,NA,8.b,2005-2009,131,18.17,0.66,16.88,19.46,19.29,0.56,18.2,20.38,20.41,0.6,19.24,21.58,0.99,0.82
127160,Solea solea,F,Area,NA,8.b,2015-2019,952,22.44,0.26,21.93,22.95,24.48,0.19,24.1,24.86,26.52,0.21,26.11,26.94,0.93,0.58
127160,Solea solea,M,Area,NA,8.b,2015-2019,773,12.57,1.28,10.06,15.08,18.76,0.68,17.42,20.1,24.95,0.51,23.94,25.95,0.69,0.13
127160,Solea solea,F,Area,NA,8.a,2015-2019,931,21.41,0.36,20.69,22.12,24.4,0.26,23.9,24.91,27.4,0.29,26.83,27.97,0.9,0.48
127160,Solea solea,M,Area,NA,8.a,2015-2019,849,12.13,1.44,9.31,14.96,17.97,0.85,16.3,19.64,23.81,0.48,22.87,24.75,0.71,0.13
126986,Mullus surmuletus,F,Area,NA,8.a,2015-2019,80,7.25,4.77,-2.1,16.61,16.71,2.02,12.75,20.67,26.17,4.3,17.75,34.59,0.69,0.08
126986,Mullus surmuletus,M,Area,NA,8.a,2015-2019,57,16.26,0.9,14.49,18.03,18.55,0.84,16.92,20.19,20.85,1.08,18.74,22.96,0.91,0.54
126986,Mullus surmuletus,M,Area,NA,8.b,2015-2019,57,11.42,1.93,7.64,15.2,14.9,1.01,12.93,16.88,18.39,1.36,15.72,21.06,0.74,0.16
126554,Lophius budegassa,M,Area,NA,8.a,2015-2019,61,24.16,2.29,19.67,28.65,30.41,1.78,26.92,33.89,36.65,2.55,31.66,41.64,0.82,0.32
126554,Lophius budegassa,F,Area,NA,8.a,2015-2019,58,32.88,2.93,27.13,38.62,40.25,2.78,34.8,45.69,47.62,3.66,40.44,54.8,0.93,0.57
126438,Merlangius merlangus,F,Area,NA,8.a,2015-2019,91,21.84,2.07,17.78,25.9,29.51,1.94,25.71,33.32,37.19,2.97,31.37,43.01,0.82,0.32
126484,Merluccius merluccius,F,Area,NA,8.a,2015-2019,145,35.02,1.66,31.77,38.28,41.67,2,37.74,45.6,48.32,2.9,42.63,54.01,0.92,0.61
126484,Merluccius merluccius,M,Area,NA,8.a,2015-2019,133,25.88,0.96,23.99,27.77,29.61,0.82,28,31.21,33.33,1.13,31.11,35.55,0.89,0.46
126484,Merluccius merluccius,M,Area,NA,8.b,2015-2019,262,27.54,0.67,26.23,28.85,30.7,0.53,29.67,31.73,33.86,0.63,32.62,35.09,0.91,0.53
126484,Merluccius merluccius,F,Area,NA,8.b,2015-2019,287,34.96,0.75,33.48,36.43,39.12,0.7,37.75,40.49,43.28,0.96,41.4,45.17,0.92,0.55
126438,Merlangius merlangus,M,Area,NA,8.a,2015-2019,81,18.26,1.36,15.6,20.93,22.75,1.22,20.36,25.14,27.23,1.8,23.7,30.77,0.88,0.43
127160,Solea solea,F,Area,NA,8.a,2020-2024,458,23.57,0.45,22.69,24.45,26.17,0.33,25.52,26.81,28.76,0.37,28.03,29.5,0.91,0.51
127160,Solea solea,M,Area,NA,8.a,2020-2024,466,19.21,0.48,18.26,20.16,21.13,0.35,20.45,21.82,23.06,0.3,22.47,23.65,0.93,0.57
127160,Solea solea,M,Area,NA,8.b,2020-2024,607,18.46,0.5,17.48,19.43,21.46,0.34,20.79,22.12,24.46,0.33,23.81,25.1,0.88,0.45
127160,Solea solea,F,Area,NA,8.b,2020-2024,755,22.38,0.36,21.67,23.09,25.15,0.27,24.62,25.67,27.91,0.31,27.31,28.52,0.91,0.51
126986,Mullus surmuletus,F,Area,NA,8.a,2020-2024,164,15.03,0.67,13.72,16.33,18.42,0.7,17.04,19.8,21.81,1.11,19.63,24,0.84,0.38
126986,Mullus surmuletus,M,Area,NA,8.a,2020-2024,140,14.68,0.46,13.78,15.59,16.61,0.46,15.71,17.5,18.53,0.67,17.23,19.84,0.91,0.52
126986,Mullus surmuletus,F,Area,NA,8.b,2020-2024,229,16.04,0.58,14.9,17.17,19.6,0.62,18.39,20.8,23.16,0.98,21.23,25.09,0.82,0.3
126986,Mullus surmuletus,M,Area,NA,8.b,2020-2024,109,14.09,0.75,12.62,15.56,17.12,0.67,15.8,18.44,20.14,1.13,17.93,22.36,0.79,0.24
126555,Lophius piscatorius,F,Area,NA,8.a,2020-2024,102,29.6,3.41,22.92,36.28,43.65,3.83,36.14,51.16,57.7,6.32,45.3,70.09,0.83,0.32
126555,Lophius piscatorius,M,Area,NA,8.a,2020-2024,135,34.11,1.58,31.02,37.2,39.02,1.58,35.93,42.1,43.92,2,40,47.85,0.97,0.72
126554,Lophius budegassa,M,Area,NA,8.a,2020-2024,240,24.24,0.76,22.75,25.72,27.34,0.59,26.18,28.5,30.44,0.71,29.04,31.84,0.94,0.6
126554,Lophius budegassa,F,Area,NA,8.a,2020-2024,224,36.31,1.7,32.97,39.65,45.91,2.26,41.48,50.33,55.5,3.43,48.78,62.23,0.85,0.34
126554,Lophius budegassa,F,Area,NA,8.b,2020-2024,83,35.41,2.42,30.67,40.15,43.74,2.37,39.1,48.38,52.08,3.63,44.96,59.2,0.86,0.36
126554,Lophius budegassa,M,Area,NA,8.b,2020-2024,74,25.78,1.37,23.08,28.47,28.92,1.05,26.87,30.98,32.07,1.19,29.74,34.39,0.93,0.57
126436,Gadus morhua,F,Area,NA,4.b,2000-2004,2171,36.28,0.5,35.29,37.27,44.64,0.65,43.36,45.92,53,0.97,51.09,54.91,0.89,0.47
126436,Gadus morhua,M,Area,NA,4.b,2000-2004,2205,32.97,0.48,32.03,33.91,41.53,0.58,40.39,42.67,50.1,0.89,48.36,51.83,0.88,0.41
126436,Gadus morhua,F,Area,NA,4.a,2000-2004,1691,42.87,0.77,41.37,44.38,54.86,0.79,53.31,56.42,66.85,1.16,64.57,69.13,0.86,0.41
126436,Gadus morhua,M,Area,NA,4.a,2000-2004,1661,41.73,0.67,40.43,43.03,51.63,0.68,50.3,52.96,61.52,0.97,59.63,63.42,0.88,0.45
126436,Gadus morhua,F,Area,NA,4.b,2005-2009,1462,32.18,0.64,30.93,33.43,41.58,0.72,40.16,43,50.98,1.12,48.78,53.17,0.86,0.4
126436,Gadus morhua,M,Area,NA,4.b,2005-2009,1536,33.18,0.57,32.07,34.29,41.15,0.62,39.94,42.36,49.12,0.91,47.34,50.9,0.9,0.47
126436,Gadus morhua,M,Area,NA,4.c,2005-2009,437,35.09,1.45,32.24,37.94,45.96,1.2,43.6,48.32,56.82,1.79,53.32,60.33,0.83,0.34
126436,Gadus morhua,F,Area,NA,4.c,2005-2009,488,39.08,1.36,36.42,41.75,49.88,1.18,47.56,52.2,60.68,1.71,57.33,64.02,0.86,0.38
126484,Merluccius merluccius,M,Area,NA,4.b,2005-2009,92,23.89,2.14,19.7,28.07,27.59,1.56,24.53,30.66,31.3,1.42,28.52,34.09,0.93,0.63
127140,Microstomus kitt,M,Area,NA,4.b,2005-2009,865,7.43,1.96,3.58,11.28,11.47,1.35,8.83,14.11,15.5,0.78,13.96,17.03,0.77,0.08
126436,Gadus morhua,F,Area,NA,4.a,2005-2009,1166,31.05,1.21,28.69,33.42,45.59,0.96,43.7,47.47,60.12,1.42,57.33,62.91,0.83,0.33
126436,Gadus morhua,M,Area,NA,4.a,2005-2009,1049,36.66,0.86,34.97,38.35,46.81,0.8,45.24,48.37,56.95,1.16,54.68,59.22,0.88,0.44
126484,Merluccius merluccius,F,Area,NA,4.b,2005-2009,51,31.14,2.91,25.45,36.84,37.8,2.51,32.88,42.73,44.47,3.48,37.64,51.3,0.89,0.5
126484,Merluccius merluccius,F,Area,NA,4.a,2005-2009,120,26.55,2.22,22.19,30.91,35.48,1.85,31.87,39.1,44.42,2.86,38.8,50.03,0.82,0.3
126484,Merluccius merluccius,M,Area,NA,4.a,2005-2009,116,24.18,1.44,21.36,27.01,28.69,1.17,26.4,30.99,33.2,1.45,30.36,36.04,0.93,0.56
127143,Pleuronectes platessa,F,Area,NA,4.b,2005-2009,3724,19.85,0.2,19.46,20.24,22.84,0.16,22.53,23.15,25.83,0.17,25.49,26.16,0.95,0.65
127143,Pleuronectes platessa,M,Area,NA,4.b,2005-2009,2693,17.88,0.23,17.44,18.32,21.32,0.17,20.99,21.65,24.75,0.2,24.37,25.14,0.89,0.47
127139,Limanda limanda,F,Area,NA,4.b,2005-2009,165,14.46,0.49,13.49,15.43,15.68,0.38,14.94,16.42,16.9,0.42,16.07,17.73,0.97,0.64
127139,Limanda limanda,M,Area,NA,4.b,2005-2009,38,16.36,0.43,15.51,17.2,16.82,0.36,16.11,17.54,17.29,0.46,16.38,18.2,0.99,0.85
126484,Merluccius merluccius,F,Area,NA,4.b,2010-2014,64,26.43,4.99,16.65,36.22,37.44,3.36,30.87,44.02,48.45,4.38,39.88,57.03,0.84,0.35
126484,Merluccius merluccius,M,Area,NA,4.b,2010-2014,114,25.51,1.3,22.95,28.06,28.24,1.1,26.08,30.39,30.96,1.19,28.63,33.3,0.98,0.81
126484,Merluccius merluccius,M,Area,NA,4.a,2010-2014,741,33.33,0.53,32.29,34.37,37.9,0.52,36.88,38.92,42.47,0.71,41.08,43.86,0.94,0.6
126484,Merluccius merluccius,F,Area,NA,4.a,2010-2014,840,45.18,0.73,43.75,46.61,50.64,0.75,49.17,52.1,56.09,0.95,54.23,57.95,0.97,0.74
127160,Solea solea,F,Area,NA,4.c,2010-2014,205,18.55,0.58,17.42,19.69,20.17,0.46,19.27,21.07,21.78,0.49,20.82,22.74,0.98,0.77
127160,Solea solea,M,Area,NA,4.c,2010-2014,189,14.56,0.56,13.47,15.65,16.37,0.44,15.5,17.24,18.18,0.46,17.27,19.09,0.95,0.69
127140,Microstomus kitt,M,Area,NA,4.b,2010-2014,1037,7.57,1.52,4.6,10.54,10.57,1.1,8.42,12.73,13.57,0.72,12.16,14.99,0.82,0.12
127140,Microstomus kitt,F,Area,NA,4.b,2010-2014,1394,6.15,1.89,2.44,9.85,10.76,1.35,8.12,13.4,15.37,0.84,13.72,17.03,0.78,0.09
127150,Scophthalmus rhombus,F,Area,NA,4.c,2010-2014,45,24.91,1.85,21.28,28.54,28.81,1.46,25.94,31.68,32.71,2.03,28.73,36.68,0.88,0.45
127150,Scophthalmus rhombus,M,Area,NA,4.c,2010-2014,70,19,1.61,15.84,22.16,23.51,1.44,20.69,26.32,28.01,1.85,24.38,31.65,0.9,0.52
126436,Gadus morhua,F,Area,NA,4.b,2010-2014,915,32.97,0.85,31.31,34.64,42.24,0.98,40.32,44.15,51.5,1.43,48.69,54.3,0.9,0.51
126436,Gadus morhua,M,Area,NA,4.b,2010-2014,977,31.82,0.73,30.4,33.24,39.3,0.74,37.85,40.74,46.77,1.03,44.76,48.79,0.93,0.58
126436,Gadus morhua,M,Area,NA,4.c,2010-2014,276,36.65,1.77,33.17,40.13,43.15,1.44,40.33,45.97,49.65,1.53,46.65,52.64,0.97,0.72
126436,Gadus morhua,F,Area,NA,4.c,2010-2014,330,37.55,1.74,34.15,40.95,45.16,1.31,42.59,47.74,52.77,1.39,50.04,55.5,0.94,0.59
126436,Gadus morhua,M,Area,NA,4.b,2015-2019,1025,29.91,0.48,28.97,30.85,34.27,0.48,33.34,35.21,38.64,0.63,37.4,39.88,0.96,0.68
126436,Gadus morhua,F,Area,NA,4.b,2015-2019,947,28.98,0.54,27.93,30.04,34.37,0.57,33.26,35.48,39.75,0.79,38.21,41.3,0.94,0.6
126484,Merluccius merluccius,F,Area,NA,4.b,2015-2019,60,27.06,4.56,18.13,35.99,36.13,3.17,29.92,42.35,45.21,3.56,38.23,52.19,0.89,0.39
126484,Merluccius merluccius,M,Area,NA,4.b,2015-2019,109,24.8,2.76,19.4,30.21,29.66,1.85,26.03,33.28,34.51,1.52,31.53,37.49,0.92,0.47
126484,Merluccius merluccius,M,Area,NA,4.a,2015-2019,306,33.55,0.87,31.85,35.26,38.07,0.85,36.4,39.75,42.6,1.12,40.4,44.79,0.96,0.67
126484,Merluccius merluccius,F,Area,NA,4.a,2015-2019,326,37.89,1.77,34.42,41.36,49.11,1.52,46.13,52.09,60.33,2.08,56.25,64.42,0.87,0.42
127160,Solea solea,F,Area,NA,4.c,2015-2019,547,16.3,0.47,15.38,17.21,18.46,0.35,17.77,19.14,20.62,0.34,19.94,21.29,0.95,0.62
127160,Solea solea,M,Area,NA,4.b,2015-2019,604,14.67,0.51,13.66,15.68,16.86,0.34,16.2,17.52,19.05,0.26,18.55,19.56,0.85,0.27
127160,Solea solea,F,Area,NA,4.b,2015-2019,844,18.4,0.31,17.78,19.02,20.01,0.25,19.53,20.49,21.62,0.26,21.11,22.13,0.97,0.6
127160,Solea solea,M,Area,NA,4.c,2015-2019,444,13.33,0.43,12.48,14.17,15.22,0.33,14.58,15.86,17.12,0.31,16.5,17.73,0.94,0.6
127140,Microstomus kitt,F,Area,NA,4.b,2015-2019,2139,10.48,0.71,9.08,11.88,13.86,0.49,12.89,14.83,17.24,0.32,16.62,17.86,0.82,0.17
127140,Microstomus kitt,M,Area,NA,4.b,2015-2019,1377,9.75,0.74,8.3,11.21,12.17,0.52,11.14,13.19,14.58,0.34,13.92,15.24,0.85,0.19
127140,Microstomus kitt,M,Area,NA,4.a,2015-2019,459,8.95,2.09,4.86,13.05,11.9,1.51,8.94,14.85,14.84,0.99,12.91,16.77,0.83,0.13
127140,Microstomus kitt,M,Area,NA,4.c,2015-2019,92,12.18,0.74,10.73,13.63,14.2,0.61,13,15.4,16.21,0.72,14.81,17.62,0.93,0.62
127140,Microstomus kitt,F,Area,NA,4.c,2015-2019,144,12.87,0.6,11.7,14.03,14.88,0.43,14.03,15.73,16.9,0.52,15.87,17.93,0.89,0.44
127150,Scophthalmus rhombus,F,Area,NA,4.b,2015-2019,126,22.6,1.55,19.57,25.63,25.7,1.02,23.7,27.69,28.79,0.94,26.95,30.63,0.92,0.45
127150,Scophthalmus rhombus,M,Area,NA,4.b,2015-2019,93,17.65,1.78,14.15,21.14,20.19,1.2,17.84,22.54,22.74,0.88,21,24.47,0.9,0.47
127149,Scophthalmus maximus,F,Area,NA,4.b,2015-2019,235,22.32,0.79,20.78,23.87,24.96,0.61,23.76,26.16,27.6,0.62,26.37,28.82,0.95,0.62
127149,Scophthalmus maximus,M,Area,NA,4.b,2015-2019,278,16.34,0.85,14.66,18.01,18.26,0.59,17.09,19.42,20.17,0.47,19.24,21.1,0.94,0.39
126436,Gadus morhua,F,Area,NA,4.c,2015-2019,132,26.09,3.85,18.54,33.63,34,2.58,28.95,39.05,41.91,2.06,37.87,45.96,0.86,0.39
127143,Pleuronectes platessa,M,Area,NA,4.b,2015-2019,3540,14.91,0.2,14.52,15.3,17.51,0.15,17.22,17.8,20.11,0.15,19.83,20.4,0.93,0.61
127139,Limanda limanda,F,Area,NA,4.b,2015-2019,390,9.94,1.26,7.47,12.41,12.56,0.89,10.82,14.29,15.17,0.6,14,16.35,0.85,0.22
126436,Gadus morhua,F,Area,NA,4.a,2015-2019,2348,43.71,0.67,42.4,45.03,55.28,0.58,54.13,56.42,66.84,0.81,65.24,68.43,0.86,0.41
126436,Gadus morhua,M,Area,NA,4.a,2015-2019,2298,40.16,0.64,38.9,41.42,51.02,0.54,49.97,52.07,61.87,0.75,60.41,63.34,0.85,0.38
127143,Pleuronectes platessa,F,Area,NA,4.b,2015-2019,4363,18.53,0.19,18.16,18.91,21.46,0.15,21.16,21.75,24.38,0.16,24.07,24.69,0.96,0.68
127143,Pleuronectes platessa,F,Area,NA,4.c,2015-2019,1187,17.91,0.29,17.34,18.48,20.41,0.23,19.96,20.86,22.91,0.25,22.42,23.4,0.95,0.64
127143,Pleuronectes platessa,M,Area,NA,4.c,2015-2019,761,15.77,0.3,15.17,16.37,18.41,0.26,17.9,18.92,21.05,0.33,20.41,21.7,0.92,0.55
127139,Limanda limanda,M,Area,NA,4.b,2015-2019,272,7.85,1.95,4.03,11.67,11.41,1.22,9.01,13.8,14.96,0.65,13.69,16.23,0.71,0.1
126436,Gadus morhua,F,Area,NA,4.b,2020-2024,957,30.62,0.55,29.54,31.71,37.03,0.63,35.8,38.27,43.45,0.95,41.58,45.32,0.89,0.43
126436,Gadus morhua,M,Area,NA,4.b,2020-2024,974,27.94,0.53,26.91,28.97,33.7,0.46,32.79,34.61,39.46,0.68,38.12,40.79,0.89,0.44
126436,Gadus morhua,F,Area,NA,4.a,2020-2024,1667,49.42,0.72,48.01,50.83,59.64,0.66,58.34,60.93,69.85,0.91,68.07,71.62,0.89,0.47
126436,Gadus morhua,M,Area,NA,4.a,2020-2024,1561,46,0.8,44.44,47.56,58.09,0.77,56.57,59.6,70.17,1.17,67.88,72.46,0.83,0.34
126484,Merluccius merluccius,M,Area,NA,4.b,2020-2024,96,22.96,3.51,16.08,29.84,29.15,2.26,24.71,33.58,35.33,1.82,31.77,38.89,0.89,0.36
126484,Merluccius merluccius,F,Area,NA,4.b,2020-2024,74,31.33,1.62,28.15,34.5,35.16,1.4,32.42,37.9,38.99,1.91,35.25,42.73,0.95,0.61
126484,Merluccius merluccius,F,Area,NA,4.a,2020-2024,199,40.1,1.56,37.05,43.15,47.91,1.55,44.88,50.95,55.73,2.18,51.45,60,0.89,0.48
126484,Merluccius merluccius,M,Area,NA,4.a,2020-2024,177,29.39,1.48,26.49,32.28,35.48,1.13,33.26,37.7,41.57,1.46,38.7,44.43,0.91,0.48
127143,Pleuronectes platessa,F,Area,NA,4.b,2020-2024,9058,17.48,0.12,17.23,17.72,19.97,0.09,19.79,20.15,22.46,0.09,22.29,22.64,0.94,0.58
127143,Pleuronectes platessa,M,Area,NA,4.b,2020-2024,5392,15.18,0.14,14.91,15.45,17.5,0.1,17.31,17.69,19.82,0.09,19.63,20,0.9,0.49
127143,Pleuronectes platessa,F,Area,NA,4.c,2020-2024,1202,16.56,0.21,16.14,16.98,18.34,0.17,18,18.68,20.12,0.2,19.74,20.51,0.96,0.68
127143,Pleuronectes platessa,M,Area,NA,4.c,2020-2024,706,14.04,0.36,13.35,14.74,16.28,0.24,15.8,16.75,18.51,0.23,18.05,18.97,0.88,0.44
127139,Limanda limanda,M,Area,NA,4.c,2020-2024,114,16.97,0.47,16.04,17.9,18.73,0.52,17.72,19.75,20.5,0.75,19.03,21.97,0.9,0.39
127139,Limanda limanda,F,Area,NA,4.c,2020-2024,323,17.34,0.45,16.45,18.23,19.56,0.33,18.91,20.22,21.78,0.36,21.08,22.48,0.89,0.5
127139,Limanda limanda,M,Area,NA,4.b,2020-2024,1437,12.9,0.16,12.58,13.22,14.53,0.12,14.29,14.76,16.15,0.13,15.9,16.4,0.9,0.48
127139,Limanda limanda,F,Area,NA,4.b,2020-2024,2644,12.45,0.21,12.03,12.86,14.74,0.15,14.45,15.03,17.04,0.14,16.76,17.31,0.91,0.47
127160,Solea solea,M,Area,NA,4.c,2020-2024,723,10.43,0.93,8.61,12.24,14.64,0.56,13.53,15.74,18.85,0.38,18.11,19.59,0.75,0.19
127160,Solea solea,F,Area,NA,4.c,2020-2024,909,14.36,0.56,13.27,15.44,17.61,0.39,16.85,18.37,20.86,0.33,20.22,21.5,0.9,0.44
127160,Solea solea,F,Area,NA,4.b,2020-2024,971,16.17,0.78,14.64,17.7,19.35,0.53,18.32,20.39,22.53,0.35,21.84,23.23,0.85,0.22
127160,Solea solea,M,Area,NA,4.b,2020-2024,688,14.04,0.75,12.56,15.51,16.59,0.49,15.62,17.55,19.14,0.3,18.54,19.73,0.79,0.18
127140,Microstomus kitt,F,Area,NA,4.b,2020-2024,1920,12.14,0.41,11.33,12.95,15.29,0.27,14.76,15.82,18.44,0.2,18.04,18.84,0.84,0.29
127140,Microstomus kitt,M,Area,NA,4.b,2020-2024,1439,9.56,0.69,8.22,10.91,12.32,0.46,11.42,13.21,15.07,0.28,14.53,15.61,0.82,0.16
127140,Microstomus kitt,M,Area,NA,4.c,2020-2024,168,16.05,0.36,15.34,16.76,17.65,0.36,16.95,18.36,19.25,0.49,18.29,20.21,0.92,0.51
127140,Microstomus kitt,F,Area,NA,4.c,2020-2024,426,13.68,0.47,12.76,14.6,17.01,0.35,16.33,17.69,20.35,0.53,19.31,21.38,0.8,0.27
127149,Scophthalmus maximus,M,Area,NA,4.b,2020-2024,447,17.41,0.6,16.22,18.59,18.86,0.41,18.05,19.67,20.31,0.32,19.68,20.94,0.95,0.35
127149,Scophthalmus maximus,M,Area,NA,4.c,2020-2024,78,18.71,0.92,16.9,20.52,21.16,0.7,19.79,22.53,23.61,0.85,21.94,25.28,0.89,0.46
127149,Scophthalmus maximus,F,Area,NA,4.c,2020-2024,73,19.76,1.36,17.1,22.42,23.34,1.19,21,25.68,26.92,1.54,23.91,29.93,0.93,0.56
127149,Scophthalmus maximus,F,Area,NA,4.b,2020-2024,316,17.66,1.14,15.44,19.89,20.71,0.78,19.19,22.24,23.77,0.67,22.45,25.08,0.94,0.39
127143,Pleuronectes platessa,M,Area,NA,4.c,2000-2004,173,14.08,1.1,11.94,16.23,18.89,0.78,17.37,20.41,23.7,1.14,21.47,25.94,0.79,0.26
127143,Pleuronectes platessa,F,Area,NA,4.c,2000-2004,197,14.89,1.34,12.27,17.51,21.28,1.01,19.3,23.27,27.68,1.4,24.94,30.42,0.83,0.33
127143,Pleuronectes platessa,M,Area,NA,4.b,2000-2004,1179,15.62,0.58,14.49,16.75,19.97,0.36,19.28,20.67,24.32,0.31,23.71,24.93,0.8,0.26
127143,Pleuronectes platessa,F,Area,NA,4.b,2000-2004,1310,19.99,0.49,19.02,20.96,24.87,0.31,24.27,25.48,29.76,0.36,29.04,30.47,0.81,0.28
127143,Pleuronectes platessa,M,Area,NA,4.c,2005-2009,1316,19.7,0.25,19.2,20.19,22.64,0.26,22.14,23.15,25.59,0.36,24.89,26.29,0.92,0.46
127143,Pleuronectes platessa,F,Area,NA,4.c,2005-2009,1777,22.74,0.23,22.28,23.19,25.13,0.22,24.69,25.56,27.52,0.29,26.96,28.08,0.97,0.65
127160,Solea solea,F,Area,NA,4.c,2005-2009,135,16.97,0.75,15.49,18.44,19.06,0.63,17.83,20.29,21.16,0.69,19.8,22.51,0.97,0.72
127160,Solea solea,M,Area,NA,4.c,2005-2009,108,18.62,0.71,17.23,20.01,20.25,0.64,18.98,21.51,21.87,0.78,20.34,23.4,0.97,0.67
127139,Limanda limanda,F,Area,NA,4.c,2005-2009,402,14.52,0.44,13.65,15.38,16.91,0.32,16.29,17.54,19.31,0.35,18.62,20,0.89,0.47
127139,Limanda limanda,M,Area,NA,4.c,2005-2009,103,14.17,0.67,12.86,15.48,16.56,0.59,15.41,17.7,18.94,0.84,17.3,20.58,0.87,0.39
127143,Pleuronectes platessa,M,Area,NA,4.c,2010-2014,1242,16.75,0.26,16.25,17.26,19.36,0.22,18.92,19.79,21.96,0.27,21.44,22.48,0.94,0.63
127143,Pleuronectes platessa,F,Area,NA,4.c,2010-2014,1463,19.27,0.25,18.77,19.77,21.77,0.21,21.35,22.19,24.27,0.25,23.78,24.76,0.96,0.69
127143,Pleuronectes platessa,F,Area,NA,4.b,2010-2014,3710,18.63,0.26,18.12,19.14,22.48,0.19,22.11,22.85,26.33,0.19,25.96,26.7,0.91,0.51
127143,Pleuronectes platessa,M,Area,NA,4.b,2010-2014,3630,13.93,0.28,13.39,14.47,17.49,0.19,17.12,17.87,21.06,0.17,20.72,21.4,0.88,0.45
127259,Chelidonichthys cuculus,F,Area,NA,8.b,2015-2019,72,13.84,1.91,10.1,17.58,16.98,1.17,14.69,19.26,20.11,0.91,18.33,21.89,0.8,0.2
127259,Chelidonichthys cuculus,M,Area,NA,8.b,2015-2019,51,14.46,3.21,8.16,20.76,19.8,1.45,16.97,22.64,25.14,2.82,19.62,30.67,0.66,0.09
127259,Chelidonichthys cuculus,M,Area,NA,8.a,2015-2019,72,13.73,2.63,8.58,18.88,18.63,1.54,15.61,21.64,23.52,1.4,20.79,26.26,0.75,0.2
127259,Chelidonichthys cuculus,F,Area,NA,8.a,2015-2019,137,15.98,0.95,14.11,17.85,17.84,0.69,16.49,19.18,19.69,0.68,18.36,21.02,0.96,0.6
126438,Merlangius merlangus,M,Area,NA,7.g,2015-2019,258,16.34,0.5,15.36,17.33,18.17,0.35,17.48,18.86,20,0.4,19.21,20.79,0.92,0.48
126438,Merlangius merlangus,F,Area,NA,7.g,2015-2019,253,16.73,0.63,15.49,17.96,19.33,0.5,18.35,20.31,21.94,0.66,20.65,23.23,0.93,0.54
126437,Melanogrammus aeglefinus,M,Area,NA,7.h,2015-2019,160,20.48,0.98,18.56,22.39,23.03,0.91,21.24,24.82,25.58,1.32,22.99,28.16,0.98,0.69
126437,Melanogrammus aeglefinus,F,Area,NA,7.j.2,2015-2019,318,20.36,1.5,17.42,23.31,26.12,1.12,23.93,28.31,31.87,1.13,29.64,34.09,0.93,0.53
126437,Melanogrammus aeglefinus,F,Area,NA,7.h,2015-2019,275,24.52,1.06,22.44,26.59,27.22,0.95,25.35,29.09,29.93,1.08,27.8,32.05,0.99,0.81
126484,Merluccius merluccius,F,Area,NA,8.c,2015-2019,1084,34.9,0.72,33.48,36.32,44.39,0.76,42.91,45.87,53.88,1.21,51.51,56.25,0.83,0.28
126484,Merluccius merluccius,F,Area,NA,7.j.2,2015-2019,94,19.85,2.9,14.18,25.53,24.33,1.68,21.03,27.63,28.8,1.41,26.04,31.56,0.87,0.28
126484,Merluccius merluccius,M,Area,NA,7.j.2,2015-2019,108,25.79,0.92,23.99,27.6,28.49,0.85,26.82,30.15,31.18,1.21,28.82,33.55,0.95,0.63
126484,Merluccius merluccius,M,Area,NA,8.c,2015-2019,1102,23.67,0.3,23.09,24.25,26.05,0.25,25.56,26.53,28.42,0.29,27.85,29,0.96,0.68
126445,Trisopterus luscus,F,Area,NA,8.b,2015-2019,133,17.24,1.38,14.55,19.94,20.15,1.06,18.07,22.23,23.06,0.94,21.21,24.91,0.92,0.57
126554,Lophius budegassa,M,Area,NA,8.c,2015-2019,74,28.2,2.17,23.94,32.46,32.2,1.63,29,35.39,36.2,1.56,33.14,39.26,0.95,0.63
126554,Lophius budegassa,M,Area,NA,7.j.2,2015-2019,47,24.78,1.34,22.16,27.4,27.42,1.17,25.13,29.7,30.06,1.42,27.27,32.85,0.95,0.62
126554,Lophius budegassa,F,Area,NA,7.j.2,2015-2019,47,24.09,2.54,19.11,29.07,29.22,1.97,25.36,33.07,34.34,2.58,29.28,39.41,0.9,0.47
126438,Merlangius merlangus,M,Area,NA,7.g,2020-2024,513,14.3,0.5,13.32,15.28,16.74,0.36,16.04,17.44,19.18,0.38,18.44,19.92,0.93,0.51
126438,Merlangius merlangus,F,Area,NA,7.g,2020-2024,746,19.18,0.58,18.04,20.31,22.89,0.45,22.01,23.78,26.61,0.48,25.66,27.56,0.94,0.6
126438,Merlangius merlangus,F,Area,NA,8.a,2020-2024,205,15.67,1.28,13.15,18.18,20.55,0.88,18.81,22.28,25.43,0.93,23.62,27.24,0.86,0.37
126438,Merlangius merlangus,M,Area,NA,8.a,2020-2024,196,12.68,2.08,8.6,16.76,18.59,1.23,16.18,21,24.5,1,22.53,26.47,0.77,0.2
126438,Merlangius merlangus,M,Area,NA,8.b,2020-2024,112,17.39,1.3,14.84,19.94,22.62,1.12,20.43,24.81,27.85,1.85,24.22,31.47,0.82,0.26
126438,Merlangius merlangus,F,Area,NA,8.b,2020-2024,107,24.35,1.07,22.26,26.44,27.23,1.23,24.82,29.63,30.1,1.59,26.99,33.21,0.96,0.68
126437,Melanogrammus aeglefinus,M,Area,NA,7.g,2020-2024,124,17.96,0.9,16.19,19.73,19.49,0.74,18.04,20.94,21.01,0.73,19.58,22.44,0.98,0.74
126437,Melanogrammus aeglefinus,F,Area,NA,7.g,2020-2024,133,17.91,1.73,14.52,21.3,21.19,1.27,18.71,23.68,24.47,1.19,22.13,26.81,0.96,0.68
126437,Melanogrammus aeglefinus,M,Area,NA,7.h,2020-2024,182,21.23,2.07,17.17,25.29,27.09,1.44,24.26,29.92,32.96,1.38,30.26,35.65,0.91,0.46
126437,Melanogrammus aeglefinus,F,Area,NA,7.h,2020-2024,282,20.09,4.09,12.08,28.1,34.88,2.44,30.1,39.66,49.67,2.11,45.53,53.8,0.76,0.22
126437,Melanogrammus aeglefinus,F,Area,NA,8.a,2020-2024,39,29.44,3.8,21.99,36.88,37.34,2.81,31.83,42.85,45.24,4,37.39,53.09,0.85,0.34
126437,Melanogrammus aeglefinus,M,Area,NA,8.a,2020-2024,47,22.88,5.11,12.88,32.89,31.72,2.94,25.95,37.49,40.56,3.41,33.87,47.25,0.79,0.21
126437,Melanogrammus aeglefinus,F,Area,NA,7.j.2,2020-2024,621,18.06,1.47,15.19,20.94,24.61,1.03,22.59,26.62,31.15,0.86,29.46,32.84,0.89,0.41
126437,Melanogrammus aeglefinus,M,Area,NA,7.j.2,2020-2024,427,18.36,0.97,16.46,20.27,21.86,0.67,20.55,23.16,25.35,0.62,24.14,26.56,0.93,0.49
127259,Chelidonichthys cuculus,M,Area,NA,8.a,2020-2024,129,20.23,0.8,18.66,21.79,23.59,0.72,22.18,24.99,26.95,1.05,24.89,29,0.85,0.35
127259,Chelidonichthys cuculus,F,Area,NA,8.a,2020-2024,248,17.24,0.81,15.65,18.83,20.49,0.56,19.39,21.58,23.73,0.61,22.54,24.93,0.89,0.43
126445,Trisopterus luscus,M,Area,NA,8.b,2020-2024,161,15.45,0.62,14.24,16.66,18.02,0.44,17.15,18.88,20.58,0.63,19.34,21.82,0.81,0.29
126445,Trisopterus luscus,F,Area,NA,8.b,2020-2024,120,17.32,0.72,15.9,18.73,19.43,0.7,18.05,20.8,21.53,0.92,19.74,23.33,0.97,0.74
126484,Merluccius merluccius,M,Area,NA,8.b,2020-2024,234,27.76,0.58,26.62,28.89,30.1,0.47,29.17,31.03,32.44,0.54,31.39,33.49,0.94,0.64
126484,Merluccius merluccius,F,Area,NA,8.b,2020-2024,246,34.23,1.19,31.9,36.56,40.99,1.08,38.89,43.1,47.76,1.6,44.62,50.9,0.87,0.39
126484,Merluccius merluccius,M,Area,NA,8.c,2020-2024,621,24.02,0.45,23.14,24.9,26.52,0.35,25.83,27.2,29.02,0.38,28.27,29.77,0.96,0.65
126484,Merluccius merluccius,F,Area,NA,8.c,2020-2024,736,34.68,0.96,32.8,36.56,43.11,0.73,41.68,44.54,51.54,0.96,49.66,53.42,0.86,0.39
126484,Merluccius merluccius,F,Area,NA,7.g,2020-2024,238,28.76,1.78,25.27,32.25,34.25,1.41,31.49,37.02,39.75,1.54,36.74,42.76,0.97,0.66
126484,Merluccius merluccius,M,Area,NA,7.g,2020-2024,202,26.9,0.9,25.13,28.68,29.21,0.97,27.32,31.11,31.52,1.22,29.13,33.91,0.99,0.87
126484,Merluccius merluccius,F,Area,NA,7.j.2,2020-2024,256,30.21,1.34,27.58,32.85,38.24,1.28,35.73,40.76,46.27,2.13,42.09,50.45,0.86,0.38
126484,Merluccius merluccius,M,Area,NA,7.j.2,2020-2024,314,28.23,0.9,26.48,29.99,33.48,0.74,32.03,34.94,38.74,1.08,36.63,40.85,0.9,0.46
126484,Merluccius merluccius,F,Area,NA,8.a,2020-2024,289,33.66,1.32,31.06,36.25,41.9,1.49,38.98,44.83,50.15,2.27,45.7,54.59,0.91,0.53
126484,Merluccius merluccius,M,Area,NA,8.a,2020-2024,331,32.1,0.61,30.92,33.29,35.44,0.64,34.18,36.7,38.77,0.9,37,40.54,0.95,0.59
126555,Lophius piscatorius,F,Area,NA,7.g,2020-2024,83,27.53,4.11,19.48,35.59,40.41,3.1,34.33,46.5,53.29,4.64,44.19,62.39,0.81,0.3
126555,Lophius piscatorius,M,Area,NA,7.g,2020-2024,62,29.26,2.88,23.62,34.91,35.95,2.27,31.5,40.39,42.63,2.77,37.21,48.05,0.9,0.51
126554,Lophius budegassa,F,Area,NA,8.c,2020-2024,97,43.26,1.44,40.43,46.1,47.45,1.66,44.2,50.7,51.64,2.37,46.98,56.29,0.95,0.63
126554,Lophius budegassa,M,Area,NA,7.j.2,2020-2024,147,23.21,1.03,21.2,25.22,26.04,0.83,24.41,27.68,28.88,0.93,27.05,30.7,0.96,0.68
126554,Lophius budegassa,F,Area,NA,7.j.2,2020-2024,158,38.88,1.9,35.15,42.6,47.25,1.8,43.72,50.78,55.62,2.52,50.68,60.57,0.89,0.43
126554,Lophius budegassa,M,Area,NA,8.c,2020-2024,95,28.58,1.13,26.36,30.8,31.29,0.91,29.5,33.08,34.01,1.04,31.97,36.04,0.95,0.68
126555,Lophius piscatorius,F,Area,NA,8.c,2020-2024,124,50.22,2.39,45.54,54.89,58.87,2.53,53.9,63.83,67.52,3.45,60.76,74.27,0.93,0.64
126438,Merlangius merlangus,M,Area,NA,7.d,2005-2009,269,12.4,2.34,7.81,16.99,18.53,1.32,15.95,21.1,24.65,0.85,22.98,26.33,0.72,0.12
126438,Merlangius merlangus,F,Area,NA,7.d,2005-2009,442,13.29,1.7,9.96,16.61,18.09,1.14,15.86,20.32,22.89,0.76,21.4,24.38,0.83,0.21
126438,Merlangius merlangus,M,Area,NA,4.c,2005-2009,759,14.82,0.79,13.27,16.38,21.11,0.47,20.19,22.02,27.39,0.69,26.04,28.74,0.74,0.18
126438,Merlangius merlangus,F,Area,NA,4.c,2005-2009,1164,16.64,0.42,15.81,17.46,20.23,0.29,19.65,20.8,23.82,0.3,23.24,24.4,0.88,0.42
126436,Gadus morhua,F,Area,NA,7.d,2005-2009,347,33.31,1.88,29.63,36.99,43.24,1.22,40.84,45.64,53.17,1.48,50.26,56.08,0.81,0.3
126436,Gadus morhua,M,Area,NA,7.d,2005-2009,249,33.37,1.86,29.72,37.03,41.99,1.22,39.59,44.38,50.6,1.55,47.57,53.63,0.8,0.29
127143,Pleuronectes platessa,F,Area,NA,7.d,2005-2009,370,17.32,1.56,14.27,20.38,21.17,1.03,19.16,23.18,25.02,0.65,23.74,26.29,0.83,0.19
127143,Pleuronectes platessa,M,Area,NA,7.d,2005-2009,199,12.75,2.73,7.4,18.09,18.16,1.59,15.04,21.27,23.57,0.91,21.79,25.35,0.73,0.1
126436,Gadus morhua,F,Area,NA,7.d,2010-2014,384,40.71,1.22,38.32,43.09,48.93,1.19,46.6,51.27,57.16,1.65,53.93,60.38,0.92,0.52
126436,Gadus morhua,M,Area,NA,7.d,2010-2014,281,44.36,1.32,41.77,46.95,51.59,1.36,48.92,54.27,58.83,1.84,55.22,62.43,0.94,0.57
127143,Pleuronectes platessa,M,Area,NA,7.d,2010-2014,643,11.3,1.35,8.66,13.94,15.47,0.88,13.75,17.18,19.63,0.53,18.59,20.67,0.8,0.17
127143,Pleuronectes platessa,F,Area,NA,7.d,2010-2014,1233,15.3,0.82,13.7,16.91,19.22,0.56,18.12,20.32,23.14,0.4,22.36,23.92,0.89,0.25
126438,Merlangius merlangus,F,Area,NA,7.d,2010-2014,1323,14.86,0.84,13.22,16.51,19.5,0.57,18.4,20.61,24.14,0.4,23.36,24.93,0.82,0.27
126438,Merlangius merlangus,M,Area,NA,7.d,2010-2014,838,10.01,1.77,6.54,13.47,16.34,1.05,14.27,18.4,22.67,0.55,21.59,23.75,0.72,0.1
126438,Merlangius merlangus,F,Area,NA,4.c,2010-2014,1338,17.51,0.29,16.93,18.08,19.63,0.22,19.19,20.07,21.76,0.23,21.31,22.21,0.96,0.61
126438,Merlangius merlangus,M,Area,NA,4.c,2010-2014,990,12.84,0.46,11.93,13.75,15.79,0.31,15.18,16.4,18.74,0.27,18.2,19.28,0.88,0.36
127259,Chelidonichthys cuculus,F,Area,NA,7.d,2010-2014,109,16.9,1.39,14.17,19.62,19.4,0.98,17.47,21.33,21.9,0.82,20.29,23.51,0.91,0.46
127259,Chelidonichthys cuculus,M,Area,NA,7.d,2010-2014,92,16,1.82,12.43,19.57,19.35,1.11,17.18,21.53,22.71,0.86,21.03,24.38,0.81,0.24
126438,Merlangius merlangus,F,Area,NA,7.d,2015-2019,1204,14.88,0.61,13.68,16.07,17.75,0.44,16.88,18.61,20.62,0.35,19.94,21.29,0.93,0.41
126438,Merlangius merlangus,M,Area,NA,7.d,2015-2019,616,13.1,1.15,10.85,15.35,18.09,0.67,16.77,19.41,23.08,0.47,22.15,24,0.75,0.17
126438,Merlangius merlangus,F,Area,NA,7.e,2015-2019,461,25.08,0.81,23.5,26.66,29.39,0.53,28.35,30.42,33.7,0.55,32.62,34.77,0.86,0.39
126436,Gadus morhua,M,Area,NA,4.c,2015-2019,142,25.73,4.03,17.83,33.62,33.89,2.53,28.93,38.86,42.06,1.78,38.57,45.54,0.79,0.24
127143,Pleuronectes platessa,F,Area,NA,7.d,2015-2019,1569,14.73,0.7,13.36,16.09,18.15,0.48,17.2,19.1,21.57,0.36,20.87,22.26,0.92,0.29
127143,Pleuronectes platessa,M,Area,NA,7.d,2015-2019,771,12.44,0.98,10.51,14.37,16.41,0.61,15.21,17.62,20.38,0.39,19.63,21.14,0.78,0.18
127259,Chelidonichthys cuculus,M,Area,NA,7.d,2015-2019,108,18.83,1.03,16.81,20.85,20.89,0.69,19.55,22.24,22.95,0.61,21.76,24.15,0.9,0.39
127259,Chelidonichthys cuculus,F,Area,NA,7.d,2015-2019,257,16.97,1.06,14.89,19.04,19.98,0.74,18.53,21.42,22.98,0.61,21.78,24.19,0.92,0.39
126445,Trisopterus luscus,M,Area,NA,7.d,2015-2019,126,14.79,1.03,12.77,16.82,18.01,0.74,16.56,19.47,21.23,0.81,19.64,22.82,0.87,0.42
126445,Trisopterus luscus,F,Area,NA,7.d,2015-2019,186,11.87,1.92,8.12,15.63,18.02,1.18,15.71,20.32,24.16,1.12,21.96,26.35,0.79,0.24
126445,Trisopterus luscus,M,Area,NA,4.c,2015-2019,88,12.31,1.59,9.18,15.43,15.85,0.97,13.94,17.75,19.39,0.96,17.5,21.27,0.8,0.25
126445,Trisopterus luscus,F,Area,NA,4.c,2015-2019,122,14.78,1.25,12.33,17.24,17.91,0.81,16.32,19.5,21.04,0.79,19.48,22.59,0.86,0.31
126438,Merlangius merlangus,M,Area,NA,7.e,2015-2019,227,25.59,0.82,23.99,27.2,29.28,0.6,28.1,30.47,32.97,0.76,31.49,34.46,0.88,0.45
126438,Merlangius merlangus,M,Area,NA,4.c,2015-2019,880,10.21,0.97,8.32,12.11,15.7,0.53,14.66,16.73,21.18,0.44,20.31,22.05,0.73,0.15
126438,Merlangius merlangus,M,Area,NA,7.d,2020-2024,496,16.62,0.79,15.07,18.17,20.99,0.46,20.09,21.89,25.36,0.51,24.36,26.35,0.77,0.22
126438,Merlangius merlangus,F,Area,NA,7.d,2020-2024,894,18.15,0.48,17.21,19.09,21.22,0.33,20.58,21.87,24.3,0.29,23.72,24.87,0.88,0.41
126438,Merlangius merlangus,M,Area,NA,7.e,2020-2024,395,22.53,0.79,20.98,24.07,27.82,0.6,26.65,29,33.12,0.83,31.48,34.75,0.83,0.34
126438,Merlangius merlangus,F,Area,NA,7.e,2020-2024,773,21.25,0.62,20.03,22.47,25.22,0.44,24.35,26.09,29.19,0.42,28.36,30.02,0.9,0.51
127143,Pleuronectes platessa,F,Area,NA,7.d,2020-2024,1222,16.75,0.48,15.8,17.7,20.02,0.32,19.39,20.65,23.29,0.27,22.75,23.83,0.88,0.35
127259,Chelidonichthys cuculus,M,Area,NA,7.d,2020-2024,145,22.34,0.7,20.97,23.71,25,0.48,24.05,25.95,27.66,0.68,26.33,28.98,0.82,0.31
127259,Chelidonichthys cuculus,F,Area,NA,7.d,2020-2024,339,21.26,0.75,19.79,22.72,24.67,0.49,23.71,25.63,28.08,0.49,27.12,29.05,0.84,0.36
126445,Trisopterus luscus,F,Area,NA,7.d,2020-2024,241,14.31,0.7,12.94,15.69,17.07,0.52,16.04,18.09,19.82,0.6,18.64,20.99,0.92,0.51
126445,Trisopterus luscus,M,Area,NA,7.d,2020-2024,193,13.28,1.22,10.89,15.67,17.67,0.74,16.22,19.12,22.05,0.83,20.43,23.67,0.79,0.25
126975,Dicentrarchus labrax,F,Area,NA,7.d,2020-2024,450,26.68,0.97,24.78,28.57,29.08,0.66,27.79,30.37,31.49,0.51,30.49,32.49,0.94,0.33
126975,Dicentrarchus labrax,M,Area,NA,7.d,2020-2024,491,27.16,0.92,25.36,28.96,30.79,0.61,29.58,31.99,34.41,0.5,33.43,35.39,0.88,0.34
126438,Merlangius merlangus,F,Area,NA,4.c,2020-2024,1245,16.54,0.27,16.02,17.06,18.34,0.2,17.95,18.73,20.14,0.2,19.73,20.54,0.96,0.6
126438,Merlangius merlangus,M,Area,NA,4.c,2020-2024,682,11.43,0.72,10.03,12.83,14.26,0.46,13.36,15.17,17.09,0.32,16.46,17.73,0.85,0.23
126438,Merlangius merlangus,M,Area,NA,7.a,2005-2009,1672,11.21,0.64,9.95,12.48,17.81,0.33,17.18,18.45,24.42,0.51,23.41,25.42,0.71,0.13
126438,Merlangius merlangus,F,Area,NA,7.a,2005-2009,2522,17.57,0.34,16.9,18.24,22.96,0.23,22.51,23.41,28.35,0.32,27.73,28.97,0.79,0.27
126436,Gadus morhua,M,Area,NA,7.a,2005-2009,188,28.55,1.37,25.86,31.24,31.27,1.2,28.92,33.62,33.99,1.24,31.56,36.43,0.99,0.88
126436,Gadus morhua,F,Area,NA,7.a,2005-2009,145,31.5,1.95,27.68,35.32,36.5,1.46,33.63,39.37,41.51,1.46,38.65,44.36,0.95,0.69
126437,Melanogrammus aeglefinus,M,Area,NA,7.a,2005-2009,704,15.67,0.4,14.88,16.45,18.3,0.3,17.72,18.89,20.93,0.35,20.25,21.61,0.93,0.51
126437,Melanogrammus aeglefinus,F,Area,NA,7.a,2005-2009,872,21.44,0.29,20.87,22.02,22.97,0.24,22.5,23.43,24.49,0.25,23.99,24.98,0.98,0.78
126438,Merlangius merlangus,F,Area,NA,7.a,2010-2014,6813,20.61,0.21,20.2,21.02,26.95,0.17,26.61,27.29,33.29,0.28,32.74,33.85,0.78,0.23
126438,Merlangius merlangus,M,Area,NA,7.a,2010-2014,5165,16.21,0.29,15.65,16.77,24.14,0.28,23.6,24.68,32.07,0.56,30.98,33.16,0.71,0.11
126436,Gadus morhua,F,Area,NA,7.a,2010-2014,536,35.79,0.98,33.86,37.72,42.84,0.94,40.99,44.68,49.88,1.23,47.47,52.29,0.94,0.59
126436,Gadus morhua,M,Area,NA,7.a,2010-2014,1015,31.55,0.59,30.39,32.72,34.76,0.49,33.8,35.72,37.97,0.49,37.02,38.93,0.98,0.83
126437,Melanogrammus aeglefinus,F,Area,NA,7.a,2010-2014,2085,22.22,0.24,21.76,22.69,25.09,0.19,24.71,25.46,27.95,0.22,27.52,28.38,0.95,0.65
126437,Melanogrammus aeglefinus,M,Area,NA,7.a,2010-2014,1662,16.61,0.3,16.02,17.21,20.59,0.23,20.14,21.05,24.58,0.32,23.96,25.2,0.88,0.41
127143,Pleuronectes platessa,F,Area,NA,7.a,2010-2014,1579,18.93,0.24,18.46,19.4,21.18,0.18,20.83,21.54,23.43,0.2,23.05,23.82,0.94,0.6
127143,Pleuronectes platessa,M,Area,NA,7.a,2010-2014,1056,14.4,0.4,13.61,15.19,17.73,0.27,17.2,18.25,21.05,0.27,20.52,21.59,0.85,0.35
126417,Clupea harengus,M,Area,NA,7.a,2010-2014,94,21.52,0.28,20.96,22.07,21.98,0.22,21.55,22.41,22.44,0.22,22,22.88,0.98,0.73
126417,Clupea harengus,F,Area,NA,7.a,2010-2014,54,20.84,0.34,20.17,21.52,21.36,0.29,20.8,21.93,21.88,0.33,21.23,22.52,0.98,0.78
126438,Merlangius merlangus,F,Area,NA,7.a,2015-2019,6164,22.41,0.22,21.99,22.84,28.97,0.2,28.59,29.35,35.53,0.32,34.9,36.16,0.79,0.23
126438,Merlangius merlangus,M,Area,NA,7.a,2015-2019,4837,18.31,0.25,17.82,18.8,25.62,0.29,25.05,26.18,32.93,0.54,31.87,33.98,0.74,0.14
126436,Gadus morhua,M,Area,NA,7.a,2015-2019,916,27.4,0.71,26.01,28.79,31.39,0.56,30.3,32.48,35.38,0.53,34.34,36.42,0.96,0.73
126436,Gadus morhua,F,Area,NA,7.a,2015-2019,568,25.31,1.32,22.73,27.89,35.46,1.04,33.42,37.5,45.6,1.33,42.99,48.21,0.88,0.43
126437,Melanogrammus aeglefinus,M,Area,NA,7.a,2015-2019,2145,18.86,0.19,18.48,19.24,20.95,0.16,20.63,21.27,23.04,0.2,22.65,23.43,0.97,0.7
126437,Melanogrammus aeglefinus,F,Area,NA,7.a,2015-2019,2611,20.78,0.25,20.28,21.27,23.21,0.2,22.83,23.6,25.65,0.21,25.25,26.06,0.97,0.7
127143,Pleuronectes platessa,M,Area,NA,7.a,2015-2019,679,12.09,1.01,10.1,14.07,18.08,0.55,17.01,19.15,24.07,0.59,22.92,25.23,0.73,0.16
127143,Pleuronectes platessa,F,Area,NA,7.a,2015-2019,924,19.48,0.37,18.75,20.2,22.26,0.27,21.73,22.79,25.05,0.29,24.49,25.61,0.92,0.53
126438,Merlangius merlangus,M,Area,NA,7.a,2020-2024,3673,15.34,0.33,14.69,15.99,22.31,0.25,21.83,22.8,29.29,0.48,28.35,30.22,0.73,0.14
126438,Merlangius merlangus,F,Area,NA,7.a,2020-2024,5167,19.09,0.24,18.63,19.55,24.64,0.17,24.32,24.97,30.2,0.23,29.74,30.66,0.8,0.28
126436,Gadus morhua,F,Area,NA,7.a,2020-2024,235,35.06,1.13,32.85,37.28,39.58,1.03,37.55,41.6,44.09,1.24,41.67,46.51,0.96,0.69
126436,Gadus morhua,M,Area,NA,7.a,2020-2024,368,26.08,0.79,24.53,27.63,30.09,0.7,28.71,31.47,34.1,0.84,32.45,35.75,0.96,0.69
126437,Melanogrammus aeglefinus,F,Area,NA,7.a,2020-2024,2250,19.22,0.3,18.62,19.81,22.12,0.23,21.67,22.56,25.01,0.23,24.57,25.45,0.94,0.6
126437,Melanogrammus aeglefinus,M,Area,NA,7.a,2020-2024,1862,16.91,0.24,16.44,17.39,19.19,0.19,18.82,19.56,21.47,0.21,21.05,21.89,0.96,0.6
126438,Merlangius merlangus,F,Area,NA,4.a,2000-2004,5703,19.67,0.22,19.24,20.11,23.53,0.15,23.23,23.84,27.39,0.15,27.1,27.68,0.88,0.45
126438,Merlangius merlangus,M,Area,NA,4.a,2000-2004,4907,16.92,0.26,16.42,17.42,21.34,0.17,21.01,21.66,25.76,0.16,25.44,26.08,0.82,0.34
126438,Merlangius merlangus,M,Area,NA,4.b,2000-2004,8258,16.31,0.15,16.01,16.61,20.38,0.1,20.19,20.58,24.46,0.12,24.21,24.7,0.81,0.3
126438,Merlangius merlangus,F,Area,NA,4.b,2000-2004,8917,18.76,0.13,18.5,19.02,22.35,0.1,22.16,22.53,25.93,0.11,25.72,26.15,0.88,0.42
126438,Merlangius merlangus,M,Area,NA,4.c,2000-2004,1343,16.1,0.49,15.14,17.06,21.55,0.3,20.95,22.15,27,0.45,26.11,27.88,0.76,0.21
126438,Merlangius merlangus,F,Area,NA,4.c,2000-2004,1754,19.73,0.32,19.1,20.37,23.67,0.23,23.23,24.12,27.62,0.26,27.1,28.13,0.86,0.4
126444,Trisopterus esmarkii,F,Area,NA,3.a.20,2000-2004,308,12.67,0.2,12.27,13.07,13.6,0.17,13.27,13.92,14.52,0.2,14.14,14.91,0.95,0.64
126444,Trisopterus esmarkii,M,Area,NA,4.a,2000-2004,609,9.96,0.21,9.55,10.36,11.22,0.14,10.94,11.5,12.49,0.15,12.2,12.78,0.88,0.37
126444,Trisopterus esmarkii,F,Area,NA,4.a,2000-2004,754,11.88,0.14,11.61,12.15,12.79,0.11,12.57,13.01,13.71,0.13,13.45,13.96,0.96,0.65
126444,Trisopterus esmarkii,F,Area,NA,4.b,2000-2004,683,11.69,0.18,11.33,12.04,13.1,0.13,12.84,13.37,14.52,0.17,14.18,14.86,0.88,0.43
126444,Trisopterus esmarkii,M,Area,NA,4.b,2000-2004,530,8.51,0.48,7.57,9.45,10.66,0.26,10.15,11.18,12.81,0.23,12.35,13.27,0.75,0.16
126444,Trisopterus esmarkii,M,Area,NA,3.a.21,2000-2004,56,11.65,0.47,10.72,12.57,12.94,0.42,12.11,13.77,14.23,0.63,13.01,15.46,0.84,0.4
126444,Trisopterus esmarkii,F,Area,NA,3.a.21,2000-2004,154,13.47,0.25,12.99,13.95,14.32,0.25,13.83,14.81,15.17,0.33,14.53,15.82,0.96,0.69
126444,Trisopterus esmarkii,M,Area,NA,3.a.20,2000-2004,90,10.58,0.51,9.59,11.58,11.9,0.39,11.12,12.67,13.21,0.44,12.34,14.08,0.91,0.53
126436,Gadus morhua,F,Area,NA,4.c,2000-2004,425,37.98,1.76,34.53,41.43,51.24,1.56,48.17,54.3,64.49,2.23,60.13,68.85,0.86,0.38
126436,Gadus morhua,M,Area,NA,4.c,2000-2004,398,39.12,1.45,36.27,41.97,49.47,1.38,46.76,52.17,59.81,1.94,56.01,63.62,0.89,0.46
126437,Melanogrammus aeglefinus,M,Area,NA,4.a,2000-2004,3389,19.35,0.18,19.01,19.7,21.84,0.14,21.57,22.1,24.32,0.15,24.03,24.61,0.94,0.61
126437,Melanogrammus aeglefinus,F,Area,NA,4.a,2000-2004,3630,22.46,0.18,22.12,22.81,24.98,0.14,24.7,25.25,27.5,0.16,27.19,27.8,0.96,0.66
126437,Melanogrammus aeglefinus,F,Area,NA,3.a.20,2000-2004,469,25.82,0.58,24.67,26.96,29.6,0.51,28.59,30.6,33.38,0.63,32.14,34.61,0.93,0.6
126437,Melanogrammus aeglefinus,M,Area,NA,3.a.20,2000-2004,377,22.85,0.54,21.79,23.91,26.6,0.56,25.51,27.69,30.35,0.79,28.79,31.9,0.89,0.5
126437,Melanogrammus aeglefinus,M,Area,NA,4.b,2000-2004,3703,18.97,0.19,18.6,19.33,21.77,0.14,21.49,22.05,24.58,0.15,24.28,24.87,0.93,0.56
126437,Melanogrammus aeglefinus,F,Area,NA,4.b,2000-2004,3939,22.32,0.18,21.96,22.69,24.92,0.14,24.64,25.2,27.52,0.15,27.23,27.8,0.95,0.62
126437,Melanogrammus aeglefinus,F,Area,NA,3.a.21,2000-2004,183,23.7,0.57,22.57,24.82,25.39,0.62,24.16,26.61,27.07,0.79,25.52,28.63,0.99,0.85
126437,Melanogrammus aeglefinus,M,Area,NA,3.a.21,2000-2004,210,18.13,0.59,16.98,19.28,20.91,0.47,19.98,21.83,23.68,0.71,22.29,25.08,0.88,0.43
126425,Sprattus sprattus,M,Area,NA,4.b,2000-2004,1330,6.29,0.28,5.73,6.84,7.76,0.18,7.4,8.12,9.23,0.12,9,9.46,0.8,0.19
126425,Sprattus sprattus,F,Area,NA,4.b,2000-2004,1562,6.37,0.28,5.82,6.92,7.97,0.18,7.61,8.34,9.58,0.12,9.34,9.81,0.8,0.2
126425,Sprattus sprattus,M,Area,NA,4.c,2000-2004,361,5.38,0.61,4.19,6.58,6.76,0.4,5.97,7.55,8.14,0.25,7.65,8.63,0.81,0.16
126425,Sprattus sprattus,F,Area,NA,4.c,2000-2004,386,6.8,0.41,6,7.61,7.85,0.28,7.3,8.41,8.9,0.2,8.5,9.3,0.89,0.27
126425,Sprattus sprattus,M,Area,NA,4.a,2000-2004,176,7.79,0.27,7.26,8.32,8.52,0.18,8.17,8.88,9.26,0.17,8.93,9.59,0.9,0.38
126425,Sprattus sprattus,F,Area,NA,4.a,2000-2004,187,8.32,0.22,7.89,8.75,8.86,0.16,8.55,9.17,9.41,0.16,9.1,9.72,0.95,0.52
127143,Pleuronectes platessa,F,Area,NA,3.a.20,2000-2004,1561,19.43,0.33,18.79,20.08,23.15,0.23,22.71,23.59,26.86,0.26,26.35,27.37,0.84,0.36
127143,Pleuronectes platessa,M,Area,NA,3.a.20,2000-2004,1052,14.22,0.7,12.84,15.59,19.72,0.39,18.95,20.49,25.22,0.44,24.35,26.09,0.75,0.19
126417,Clupea harengus,F,Area,NA,4.a,2000-2004,5245,20.24,0.11,20.04,20.45,21.9,0.08,21.75,22.06,23.56,0.07,23.42,23.71,0.94,0.56
126417,Clupea harengus,M,Area,NA,4.a,2000-2004,4937,20.23,0.1,20.03,20.43,21.8,0.07,21.65,21.94,23.36,0.07,23.22,23.5,0.94,0.57
126417,Clupea harengus,M,Area,NA,4.b,2000-2004,5731,19.75,0.09,19.58,19.91,21.83,0.07,21.69,21.98,23.92,0.1,23.73,24.11,0.91,0.51
126417,Clupea harengus,F,Area,NA,4.b,2000-2004,6068,19.61,0.09,19.44,19.78,21.94,0.08,21.79,22.09,24.27,0.1,24.06,24.47,0.89,0.47
126417,Clupea harengus,F,Area,NA,3.a.21,2000-2004,1577,21.59,0.14,21.32,21.86,23.17,0.14,22.89,23.45,24.75,0.2,24.36,25.14,0.94,0.51
126417,Clupea harengus,M,Area,NA,3.a.21,2000-2004,1116,21.24,0.17,20.9,21.58,23.1,0.18,22.75,23.45,24.96,0.25,24.46,25.45,0.91,0.45
126417,Clupea harengus,F,Area,NA,3.a.20,2000-2004,2025,23.34,0.12,23.1,23.58,24.74,0.13,24.5,24.99,26.15,0.17,25.81,26.49,0.96,0.57
126417,Clupea harengus,M,Area,NA,3.a.20,2000-2004,1630,22.6,0.14,22.32,22.88,24.34,0.14,24.06,24.61,26.07,0.2,25.69,26.46,0.93,0.51
126417,Clupea harengus,F,Area,NA,4.c,2000-2004,732,21.4,0.21,20.99,21.8,22.96,0.16,22.65,23.28,24.53,0.2,24.14,24.92,0.93,0.55
126417,Clupea harengus,M,Area,NA,4.c,2000-2004,680,20.2,0.25,19.71,20.7,22.04,0.19,21.66,22.42,23.87,0.23,23.41,24.32,0.92,0.54
127023,Scomber scombrus,F,Area,NA,4.a,2000-2004,215,21.33,0.8,19.77,22.9,23.5,0.6,22.32,24.68,25.67,0.57,24.56,26.79,0.95,0.54
127023,Scomber scombrus,M,Area,NA,4.a,2000-2004,232,20.6,0.99,18.65,22.54,23.17,0.71,21.79,24.56,25.75,0.59,24.6,26.9,0.91,0.39
126441,Pollachius virens,M,Area,NA,4.a,2000-2004,1075,39.85,0.52,38.83,40.86,44.4,0.37,43.68,45.12,48.95,0.44,48.09,49.81,0.9,0.44
126441,Pollachius virens,F,Area,NA,4.a,2000-2004,937,40.94,0.58,39.79,42.08,45.89,0.42,45.07,46.7,50.83,0.5,49.84,51.82,0.89,0.44
127023,Scomber scombrus,M,Area,NA,4.b,2000-2004,535,23.72,0.46,22.82,24.61,25.84,0.31,25.23,26.44,27.95,0.26,27.45,28.46,0.87,0.38
127023,Scomber scombrus,F,Area,NA,4.b,2000-2004,561,24.45,0.31,23.84,25.06,25.92,0.22,25.48,26.35,27.38,0.2,26.98,27.78,0.93,0.51
127023,Scomber scombrus,M,Area,NA,4.c,2000-2004,77,28.36,0.59,27.21,29.5,30.14,0.53,29.1,31.18,31.92,0.75,30.46,33.38,0.89,0.46
127023,Scomber scombrus,F,Area,NA,4.c,2000-2004,90,22.88,1.64,19.67,26.09,25.78,1.01,23.81,27.75,28.68,0.78,27.15,30.21,0.81,0.24
126425,Sprattus sprattus,F,Area,NA,3.a.20,2000-2004,143,10.99,0.16,10.67,11.31,11.43,0.15,11.15,11.72,11.88,0.17,11.54,12.21,0.98,0.78
126425,Sprattus sprattus,M,Area,NA,3.a.20,2000-2004,121,10.21,0.18,9.85,10.57,10.81,0.16,10.49,11.13,11.42,0.2,11.02,11.82,0.94,0.61
126425,Sprattus sprattus,M,Area,NA,3.a.21,2000-2004,175,10.53,0.23,10.08,10.98,11.47,0.19,11.1,11.84,12.4,0.23,11.96,12.84,0.91,0.53
126425,Sprattus sprattus,F,Area,NA,3.a.21,2000-2004,199,11.04,0.22,10.62,11.46,11.67,0.18,11.31,12.02,12.29,0.19,11.92,12.67,0.97,0.79
126441,Pollachius virens,F,Area,NA,3.a.20,2000-2004,107,43.16,0.64,41.9,44.42,45.15,0.53,44.11,46.19,47.14,0.67,45.83,48.44,0.92,0.56
126441,Pollachius virens,M,Area,NA,3.a.20,2000-2004,90,41.79,1.26,39.31,44.26,45.1,0.89,43.36,46.84,48.41,0.99,46.47,50.35,0.88,0.43
126438,Merlangius merlangus,M,Area,NA,4.a,2005-2009,4001,16.58,0.21,16.17,17,19.36,0.16,19.05,19.66,22.13,0.15,21.84,22.42,0.94,0.59
126438,Merlangius merlangus,F,Area,NA,4.a,2005-2009,4102,19.69,0.19,19.33,20.06,21.84,0.15,21.55,22.12,23.98,0.15,23.7,24.27,0.97,0.73
126438,Merlangius merlangus,F,Area,NA,4.b,2005-2009,5402,16.64,0.17,16.3,16.97,19.99,0.13,19.75,20.24,23.34,0.14,23.07,23.61,0.9,0.47
126438,Merlangius merlangus,M,Area,NA,4.b,2005-2009,5468,13.56,0.23,13.1,14.01,18.17,0.15,17.88,18.47,22.79,0.17,22.46,23.11,0.82,0.31
126444,Trisopterus esmarkii,M,Area,NA,4.a,2005-2009,1026,8.4,0.27,7.88,8.92,10.03,0.17,9.7,10.35,11.65,0.14,11.38,11.92,0.84,0.25
126444,Trisopterus esmarkii,F,Area,NA,4.a,2005-2009,1311,11.12,0.12,10.89,11.34,12.02,0.09,11.84,12.2,12.93,0.11,12.72,13.14,0.96,0.61
126444,Trisopterus esmarkii,M,Area,NA,4.b,2005-2009,514,7.61,0.62,6.38,8.83,9.57,0.37,8.84,10.3,11.53,0.23,11.09,11.98,0.79,0.16
126444,Trisopterus esmarkii,F,Area,NA,4.b,2005-2009,604,10.62,0.23,10.17,11.07,11.97,0.15,11.67,12.27,13.32,0.16,13,13.64,0.88,0.38
126444,Trisopterus esmarkii,F,Area,NA,3.a.20,2005-2009,301,14,0.21,13.6,14.4,14.98,0.19,14.6,15.36,15.96,0.24,15.48,16.44,0.96,0.7
126444,Trisopterus esmarkii,M,Area,NA,3.a.20,2005-2009,100,12.96,0.38,12.22,13.7,13.87,0.31,13.27,14.47,14.77,0.33,14.13,15.41,0.95,0.7
126437,Melanogrammus aeglefinus,F,Area,NA,4.a,2005-2009,4223,22.14,0.18,21.78,22.5,24.58,0.14,24.3,24.86,27.02,0.15,26.73,27.3,0.96,0.69
126437,Melanogrammus aeglefinus,M,Area,NA,4.a,2005-2009,3889,18.63,0.18,18.28,18.98,21.1,0.14,20.83,21.38,23.58,0.15,23.28,23.87,0.96,0.65
126437,Melanogrammus aeglefinus,M,Area,NA,4.b,2005-2009,2886,18.43,0.2,18.04,18.82,20.86,0.15,20.56,21.16,23.29,0.17,22.96,23.62,0.94,0.58
126437,Melanogrammus aeglefinus,F,Area,NA,4.b,2005-2009,2585,21.25,0.18,20.89,21.61,23.26,0.15,22.96,23.56,25.27,0.17,24.93,25.6,0.97,0.73
126437,Melanogrammus aeglefinus,F,Area,NA,3.a.20,2005-2009,446,31.45,0.67,30.13,32.77,36.09,0.66,34.79,37.39,40.73,0.94,38.88,42.57,0.9,0.44
126437,Melanogrammus aeglefinus,M,Area,NA,3.a.20,2005-2009,412,24.16,0.64,22.9,25.43,28.73,0.62,27.51,29.94,33.29,0.85,31.63,34.94,0.9,0.5
126437,Melanogrammus aeglefinus,F,Area,NA,3.a.21,2005-2009,253,25.44,0.66,24.15,26.74,27.59,0.63,26.35,28.84,29.74,0.74,28.28,31.2,0.99,0.83
126437,Melanogrammus aeglefinus,M,Area,NA,3.a.21,2005-2009,224,18.36,0.82,16.76,19.96,22.58,0.67,21.26,23.89,26.79,0.99,24.85,28.74,0.85,0.39
127136,Glyptocephalus cynoglossus,F,Area,NA,3.a.20,2005-2009,52,28.69,2.02,24.73,32.65,33.87,1.78,30.37,37.37,39.05,2.57,34,44.09,0.85,0.35
127136,Glyptocephalus cynoglossus,M,Area,NA,3.a.20,2005-2009,58,21.62,3.27,15.22,28.03,28,1.81,24.46,31.54,34.37,2.31,29.85,38.9,0.71,0.18
126425,Sprattus sprattus,F,Area,NA,3.a.21,2005-2009,868,9.34,0.13,9.09,9.59,10.46,0.1,10.25,10.66,11.57,0.12,11.33,11.81,0.92,0.55
126425,Sprattus sprattus,F,Area,NA,3.a.20,2005-2009,464,9.49,0.16,9.17,9.81,10.67,0.14,10.39,10.94,11.84,0.18,11.48,12.2,0.9,0.49
126425,Sprattus sprattus,M,Area,NA,3.a.20,2005-2009,356,8.52,0.15,8.23,8.82,9.37,0.12,9.14,9.61,10.22,0.15,9.93,10.51,0.91,0.52
126425,Sprattus sprattus,M,Area,NA,3.a.21,2005-2009,621,8.54,0.13,8.28,8.79,9.41,0.1,9.22,9.6,10.28,0.11,10.07,10.49,0.91,0.5
126425,Sprattus sprattus,M,Area,NA,4.b,2005-2009,1339,6.08,0.27,5.55,6.61,7.46,0.18,7.11,7.81,8.84,0.12,8.61,9.07,0.83,0.18
126425,Sprattus sprattus,F,Area,NA,4.b,2005-2009,1642,6.83,0.2,6.43,7.22,8.02,0.14,7.75,8.28,9.21,0.1,9.02,9.4,0.86,0.24
126425,Sprattus sprattus,F,Area,NA,4.c,2005-2009,368,5.59,0.65,4.31,6.86,7.14,0.43,6.3,7.98,8.69,0.27,8.17,9.22,0.78,0.19
126425,Sprattus sprattus,M,Area,NA,3.c.22,2005-2009,82,8.73,0.47,7.81,9.66,9.71,0.33,9.07,10.35,10.69,0.31,10.09,11.3,0.88,0.45
126425,Sprattus sprattus,F,Area,NA,3.c.22,2005-2009,94,9.37,0.57,8.25,10.49,10.74,0.39,9.99,11.5,12.12,0.37,11.39,12.85,0.84,0.37
126417,Clupea harengus,F,Area,NA,4.a,2005-2009,4461,21.67,0.1,21.48,21.86,22.71,0.07,22.56,22.85,23.74,0.07,23.61,23.88,0.97,0.67
126417,Clupea harengus,M,Area,NA,4.a,2005-2009,4290,21.71,0.1,21.52,21.91,22.75,0.07,22.61,22.9,23.79,0.07,23.66,23.92,0.96,0.66
126417,Clupea harengus,F,Area,NA,3.a.20,2005-2009,2240,23.12,0.13,22.86,23.38,24.85,0.13,24.6,25.11,26.58,0.18,26.24,26.93,0.94,0.55
126417,Clupea harengus,M,Area,NA,3.a.20,2005-2009,1795,22.74,0.13,22.48,23.01,24.43,0.13,24.18,24.68,26.12,0.18,25.77,26.47,0.93,0.53
126417,Clupea harengus,M,Area,NA,4.b,2005-2009,3806,19.95,0.11,19.74,20.15,21.81,0.09,21.64,21.99,23.68,0.11,23.47,23.89,0.94,0.62
126417,Clupea harengus,F,Area,NA,4.b,2005-2009,4054,19.77,0.1,19.57,19.97,21.65,0.09,21.48,21.82,23.52,0.11,23.32,23.73,0.94,0.62
126417,Clupea harengus,M,Area,NA,4.c,2005-2009,451,20.3,0.3,19.71,20.9,22.12,0.26,21.61,22.62,23.93,0.32,23.3,24.56,0.94,0.61
126417,Clupea harengus,F,Area,NA,4.c,2005-2009,450,20.33,0.3,19.75,20.92,22.02,0.26,21.51,22.53,23.71,0.32,23.09,24.33,0.96,0.66
126417,Clupea harengus,M,Area,NA,3.c.22,2005-2009,132,20.09,0.47,19.16,21.01,21.81,0.58,20.68,22.95,23.54,0.84,21.89,25.19,0.9,0.37
126417,Clupea harengus,F,Area,NA,3.c.22,2005-2009,164,19.91,0.36,19.2,20.62,21.02,0.45,20.14,21.9,22.13,0.63,20.89,23.36,0.95,0.53
127023,Scomber scombrus,M,Area,NA,4.a,2005-2009,1379,25.13,0.17,24.79,25.47,26.69,0.13,26.43,26.94,28.24,0.14,27.97,28.52,0.94,0.6
127023,Scomber scombrus,F,Area,NA,4.a,2005-2009,1396,24.45,0.17,24.12,24.77,25.88,0.13,25.62,26.13,27.31,0.14,27.04,27.58,0.96,0.66
126441,Pollachius virens,F,Area,NA,4.a,2005-2009,1007,38.1,0.77,36.58,39.62,43.78,0.49,42.82,44.74,49.45,0.49,48.49,50.42,0.85,0.32
126441,Pollachius virens,M,Area,NA,4.a,2005-2009,1266,39.39,0.57,38.26,40.51,44.04,0.38,43.29,44.79,48.7,0.38,47.96,49.45,0.89,0.39
126441,Pollachius virens,M,Area,NA,3.a.20,2005-2009,98,43.96,1.91,40.23,47.7,49.58,1.44,46.75,52.41,55.2,1.87,51.54,58.86,0.91,0.49
126441,Pollachius virens,F,Area,NA,3.a.20,2005-2009,77,46.68,1.44,43.87,49.49,50.01,1.03,47.99,52.03,53.34,1.22,50.94,55.74,0.91,0.54
127023,Scomber scombrus,M,Area,NA,4.b,2005-2009,1191,24.41,0.26,23.9,24.93,27.02,0.17,26.68,27.36,29.63,0.21,29.22,30.05,0.82,0.31
127023,Scomber scombrus,F,Area,NA,4.b,2005-2009,1305,23.72,0.24,23.26,24.18,25.93,0.16,25.62,26.23,28.13,0.17,27.8,28.47,0.85,0.34
126438,Merlangius merlangus,F,Area,NA,4.b,2010-2014,4808,16.98,0.13,16.72,17.23,19.04,0.11,18.83,19.26,21.11,0.13,20.86,21.36,0.97,0.67
126438,Merlangius merlangus,M,Area,NA,4.b,2010-2014,4078,13.82,0.16,13.51,14.13,16.09,0.11,15.87,16.31,18.36,0.12,18.13,18.59,0.92,0.49
126438,Merlangius merlangus,M,Area,NA,4.a,2010-2014,3513,16.2,0.19,15.84,16.57,18.23,0.14,17.95,18.52,20.26,0.15,19.98,20.55,0.97,0.67
126438,Merlangius merlangus,F,Area,NA,4.a,2010-2014,3909,19.93,0.18,19.57,20.29,21.72,0.15,21.42,22.01,23.5,0.16,23.2,23.81,0.99,0.81
126444,Trisopterus esmarkii,M,Area,NA,4.b,2010-2014,577,6.12,0.94,4.28,7.97,9.22,0.54,8.15,10.28,12.31,0.31,11.71,12.91,0.73,0.11
126444,Trisopterus esmarkii,F,Area,NA,4.b,2010-2014,700,9.85,0.33,9.2,10.49,11.81,0.2,11.41,12.2,13.77,0.21,13.36,14.18,0.84,0.29
126444,Trisopterus esmarkii,F,Area,NA,4.a,2010-2014,1781,10.53,0.16,10.22,10.84,12.01,0.12,11.78,12.24,13.5,0.12,13.27,13.73,0.92,0.49
126444,Trisopterus esmarkii,M,Area,NA,4.a,2010-2014,1343,8.63,0.23,8.18,9.07,10.28,0.14,10,10.57,11.94,0.12,11.7,12.18,0.85,0.29
126444,Trisopterus esmarkii,M,Area,NA,3.a.20,2010-2014,112,12.1,0.53,11.05,13.15,13.86,0.37,13.15,14.58,15.63,0.49,14.67,16.58,0.81,0.31
126444,Trisopterus esmarkii,F,Area,NA,3.a.20,2010-2014,278,13.93,0.22,13.49,14.36,14.82,0.19,14.44,15.2,15.71,0.22,15.28,16.14,0.97,0.75
126436,Gadus morhua,M,Area,NA,4.a,2010-2014,1757,39.57,0.67,38.26,40.87,49.43,0.56,48.34,50.52,59.29,0.79,57.74,60.84,0.86,0.38
126436,Gadus morhua,F,Area,NA,4.a,2010-2014,1766,45.38,0.65,44.1,46.66,55,0.59,53.85,56.15,64.62,0.81,63.04,66.21,0.88,0.45
126437,Melanogrammus aeglefinus,F,Area,NA,4.a,2010-2014,4791,25.03,0.18,24.67,25.39,27.67,0.14,27.4,27.95,30.32,0.14,30.04,30.6,0.96,0.66
126437,Melanogrammus aeglefinus,F,Area,NA,4.b,2010-2014,2543,23.37,0.23,22.91,23.83,25.62,0.19,25.25,25.99,27.87,0.19,27.5,28.25,0.97,0.72
126437,Melanogrammus aeglefinus,M,Area,NA,4.b,2010-2014,2634,19.4,0.22,18.97,19.82,21.92,0.17,21.58,22.26,24.45,0.19,24.08,24.83,0.95,0.6
126437,Melanogrammus aeglefinus,M,Area,NA,4.a,2010-2014,4323,19.84,0.18,19.49,20.19,22.58,0.14,22.3,22.85,25.31,0.15,25.01,25.61,0.95,0.62
127136,Glyptocephalus cynoglossus,F,Area,NA,3.a.20,2010-2014,696,33.01,0.6,31.83,34.18,39.64,0.93,37.83,41.46,46.28,1.57,43.19,49.36,0.76,0.14
127136,Glyptocephalus cynoglossus,M,Area,NA,3.a.20,2010-2014,480,23.73,0.64,22.48,24.98,28.47,0.46,27.57,29.36,33.21,0.71,31.81,34.61,0.78,0.24
126425,Sprattus sprattus,F,Area,NA,4.b,2010-2014,3067,7.11,0.12,6.88,7.35,8.12,0.08,7.96,8.29,9.13,0.07,9,9.26,0.9,0.37
126425,Sprattus sprattus,M,Area,NA,4.b,2010-2014,2261,6,0.22,5.57,6.42,7.39,0.14,7.11,7.67,8.78,0.1,8.6,8.97,0.83,0.22
126425,Sprattus sprattus,M,Area,NA,3.a.21,2010-2014,669,9.4,0.23,8.95,9.84,10.95,0.15,10.67,11.24,12.51,0.15,12.21,12.81,0.81,0.31
126425,Sprattus sprattus,F,Area,NA,3.a.21,2010-2014,881,11.74,0.2,11.35,12.14,13.76,0.15,13.47,14.05,15.78,0.24,15.3,16.26,0.77,0.22
126425,Sprattus sprattus,M,Area,NA,3.c.22,2010-2014,96,8.43,2.34,3.85,13.01,12.52,0.78,11,14.05,16.62,2.46,11.79,21.44,0.57,0.03
126425,Sprattus sprattus,F,Area,NA,4.c,2010-2014,590,5.68,0.47,4.75,6.61,6.93,0.33,6.28,7.57,8.18,0.22,7.75,8.61,0.86,0.2
126425,Sprattus sprattus,M,Area,NA,3.a.20,2010-2014,318,9.85,0.17,9.51,10.18,10.94,0.16,10.63,11.26,12.04,0.23,11.59,12.5,0.87,0.38
126425,Sprattus sprattus,F,Area,NA,3.a.20,2010-2014,385,12.46,0.24,12,12.93,13.69,0.32,13.07,14.32,14.93,0.46,14.02,15.83,0.89,0.33
126425,Sprattus sprattus,M,Area,NA,4.a,2010-2014,318,7.51,0.25,7.02,8,8.1,0.17,7.76,8.43,8.69,0.14,8.41,8.96,0.94,0.38
126425,Sprattus sprattus,F,Area,NA,4.a,2010-2014,318,7.38,0.31,6.77,7.98,7.98,0.21,7.56,8.4,8.58,0.18,8.23,8.92,0.97,0.38
126425,Sprattus sprattus,F,Area,NA,3.c.22,2010-2014,121,13.99,0.42,13.16,14.82,16.03,0.83,14.4,17.66,18.08,1.5,15.13,21.02,0.68,0.08
127143,Pleuronectes platessa,F,Area,NA,4.a,2010-2014,548,12.09,1.85,8.47,15.71,18.74,1.19,16.42,21.07,25.4,0.78,23.88,26.92,0.73,0.24
126417,Clupea harengus,F,Area,NA,4.b,2010-2014,5030,19.8,0.08,19.63,19.96,21.64,0.07,21.5,21.79,23.49,0.09,23.3,23.67,0.93,0.58
126417,Clupea harengus,M,Area,NA,4.b,2010-2014,4712,20.56,0.08,20.4,20.72,22.19,0.07,22.05,22.33,23.82,0.09,23.65,23.99,0.94,0.63
126417,Clupea harengus,M,Area,NA,4.a,2010-2014,5547,21.68,0.09,21.51,21.85,22.87,0.07,22.74,22.99,24.05,0.06,23.93,24.17,0.96,0.67
126417,Clupea harengus,F,Area,NA,4.a,2010-2014,5352,21.33,0.1,21.14,21.52,22.66,0.07,22.53,22.8,24,0.07,23.86,24.13,0.96,0.63
126417,Clupea harengus,M,Area,NA,7.d,2010-2014,224,16.98,0.41,16.18,17.78,17.57,0.31,16.96,18.17,18.15,0.33,17.51,18.79,1,0.8
126417,Clupea harengus,F,Area,NA,7.d,2010-2014,262,15.56,0.71,14.16,16.96,16.96,0.57,15.83,18.08,18.35,0.59,17.19,19.51,0.99,0.66
126417,Clupea harengus,F,Area,NA,3.a.20,2010-2014,2665,23.91,0.1,23.71,24.11,25.21,0.1,25.02,25.41,26.51,0.14,26.25,26.78,0.96,0.64
126417,Clupea harengus,M,Area,NA,3.a.20,2010-2014,1676,23.6,0.12,23.37,23.84,25.08,0.11,24.86,25.29,26.55,0.15,26.26,26.83,0.94,0.57
126417,Clupea harengus,F,Area,NA,4.c,2010-2014,463,18.47,0.32,17.84,19.1,20.09,0.27,19.56,20.62,21.72,0.3,21.13,22.3,0.97,0.74
126417,Clupea harengus,M,Area,NA,4.c,2010-2014,417,17.65,0.39,16.89,18.4,19.77,0.32,19.15,20.39,21.89,0.36,21.19,22.6,0.95,0.64
150637,Eutrigla gurnardus,M,Area,NA,4.b,2010-2014,403,13.78,0.79,12.23,15.33,15.99,0.54,14.94,17.05,18.21,0.39,17.44,18.98,0.88,0.35
150637,Eutrigla gurnardus,F,Area,NA,4.b,2010-2014,502,15.8,0.74,14.36,17.25,17.35,0.51,16.35,18.35,18.89,0.38,18.15,19.63,0.95,0.36
127023,Scomber scombrus,M,Area,NA,4.a,2010-2014,1369,24.09,0.22,23.67,24.51,26.35,0.17,26.03,26.68,28.61,0.19,28.24,28.99,0.91,0.52
127023,Scomber scombrus,F,Area,NA,4.a,2010-2014,1340,23.55,0.2,23.15,23.94,25.6,0.16,25.28,25.91,27.65,0.19,27.28,28.02,0.93,0.59
127023,Scomber scombrus,M,Area,NA,4.b,2010-2014,911,23.17,0.29,22.6,23.74,25.33,0.21,24.92,25.75,27.5,0.22,27.07,27.93,0.91,0.47
127023,Scomber scombrus,F,Area,NA,4.b,2010-2014,908,21.46,0.38,20.71,22.21,23.99,0.25,23.49,24.48,26.51,0.23,26.06,26.97,0.86,0.35
126441,Pollachius virens,M,Area,NA,4.a,2010-2014,1684,44.72,0.51,43.72,45.73,52.14,0.47,51.22,53.05,59.55,0.67,58.23,60.87,0.88,0.45
126441,Pollachius virens,F,Area,NA,4.a,2010-2014,1523,46.8,0.5,45.83,47.77,53.23,0.45,52.34,54.11,59.65,0.62,58.43,60.88,0.91,0.53
126441,Pollachius virens,M,Area,NA,3.a.20,2010-2014,162,52,1.54,48.98,55.03,57.98,1.89,54.28,61.69,63.97,2.79,58.5,69.44,0.92,0.5
126441,Pollachius virens,F,Area,NA,3.a.20,2010-2014,85,50.87,1.27,48.38,53.35,54.27,1.67,51,57.54,57.67,2.47,52.83,62.51,0.94,0.61
126484,Merluccius merluccius,M,Area,NA,3.a.20,2010-2014,160,32.17,1.11,30,34.34,37.22,1.24,34.78,39.65,42.26,1.87,38.6,45.92,0.88,0.41
126438,Merlangius merlangus,F,Area,NA,4.b,2015-2019,4469,16.46,0.14,16.18,16.73,18.67,0.11,18.46,18.89,20.89,0.13,20.65,21.14,0.95,0.63
126438,Merlangius merlangus,F,Area,NA,4.a,2015-2019,4848,20.35,0.21,19.95,20.75,22.8,0.16,22.48,23.12,25.24,0.16,24.93,25.56,0.97,0.71
126438,Merlangius merlangus,M,Area,NA,4.a,2015-2019,3797,18.31,0.19,17.93,18.7,20.8,0.15,20.51,21.09,23.29,0.15,23,23.58,0.95,0.61
126438,Merlangius merlangus,M,Area,NA,4.b,2015-2019,3830,13.43,0.19,13.06,13.79,16.22,0.13,15.97,16.46,19,0.13,18.75,19.26,0.89,0.41
126438,Merlangius merlangus,F,Area,NA,4.c,2015-2019,1393,14.15,0.4,13.37,14.93,17.07,0.28,16.52,17.62,19.99,0.26,19.48,20.5,0.92,0.46
126444,Trisopterus esmarkii,M,Area,NA,4.b,2015-2019,488,8.92,0.35,8.24,9.61,10.83,0.21,10.42,11.23,12.73,0.24,12.27,13.19,0.79,0.24
126444,Trisopterus esmarkii,F,Area,NA,4.b,2015-2019,658,10.9,0.18,10.53,11.26,12.18,0.13,11.92,12.44,13.47,0.16,13.15,13.78,0.9,0.45
126444,Trisopterus esmarkii,F,Area,NA,4.a,2015-2019,2369,11.55,0.09,11.38,11.71,12.47,0.07,12.32,12.61,13.39,0.08,13.22,13.55,0.97,0.72
126444,Trisopterus esmarkii,M,Area,NA,4.a,2015-2019,1564,9.6,0.14,9.33,9.87,11.05,0.1,10.86,11.25,12.51,0.11,12.3,12.72,0.88,0.41
126444,Trisopterus esmarkii,M,Area,NA,3.a.20,2015-2019,205,11.3,0.29,10.73,11.87,12.67,0.24,12.19,13.14,14.03,0.31,13.43,14.63,0.89,0.48
126444,Trisopterus esmarkii,F,Area,NA,3.a.20,2015-2019,422,12.78,0.17,12.46,13.1,13.75,0.15,13.45,14.05,14.73,0.2,14.34,15.11,0.95,0.68
126437,Melanogrammus aeglefinus,M,Area,NA,4.a,2015-2019,5034,20.53,0.19,20.17,20.9,23.57,0.15,23.27,23.88,26.61,0.16,26.29,26.94,0.96,0.68
126437,Melanogrammus aeglefinus,F,Area,NA,4.a,2015-2019,5463,24.98,0.22,24.55,25.41,28.48,0.16,28.17,28.79,31.98,0.15,31.68,32.27,0.94,0.58
126437,Melanogrammus aeglefinus,F,Area,NA,4.b,2015-2019,1579,22.28,0.23,21.82,22.74,24.29,0.21,23.87,24.7,26.3,0.24,25.82,26.77,0.98,0.78
126437,Melanogrammus aeglefinus,M,Area,NA,4.b,2015-2019,1774,18.27,0.24,17.8,18.74,20.76,0.19,20.39,21.12,23.25,0.22,22.82,23.68,0.94,0.55
127136,Glyptocephalus cynoglossus,M,Area,NA,3.a.20,2015-2019,237,27.61,1.25,25.17,30.06,34.6,1.04,32.56,36.63,41.58,2.04,37.59,45.57,0.72,0.14
127136,Glyptocephalus cynoglossus,F,Area,NA,3.a.20,2015-2019,377,36.08,0.79,34.53,37.62,42.67,1.24,40.24,45.11,49.27,2.27,44.83,53.71,0.73,0.11
126425,Sprattus sprattus,M,Area,NA,4.b,2015-2019,2477,6.31,0.2,5.92,6.7,7.99,0.12,7.76,8.22,9.66,0.08,9.5,9.82,0.76,0.17
126425,Sprattus sprattus,F,Area,NA,4.b,2015-2019,3517,7.6,0.1,7.41,7.79,8.74,0.06,8.61,8.87,9.88,0.05,9.78,9.99,0.86,0.33
126425,Sprattus sprattus,F,Area,NA,4.c,2015-2019,758,6.36,0.37,5.62,7.09,7.7,0.25,7.22,8.19,9.05,0.16,8.74,9.36,0.82,0.19
126425,Sprattus sprattus,F,Area,NA,3.a.20,2015-2019,908,12.99,0.3,12.4,13.58,15.33,0.54,14.27,16.4,17.68,0.83,16.06,19.3,0.76,0.08
126425,Sprattus sprattus,M,Area,NA,3.a.20,2015-2019,744,9.9,0.12,9.66,10.14,11.12,0.11,10.9,11.34,12.34,0.17,12,12.67,0.85,0.33
126425,Sprattus sprattus,F,Area,NA,3.a.21,2015-2019,976,13.55,0.24,13.08,14.03,16.03,0.43,15.19,16.87,18.51,0.67,17.19,19.83,0.77,0.1
126425,Sprattus sprattus,M,Area,NA,3.a.21,2015-2019,783,9.83,0.14,9.56,10.1,11.16,0.11,10.94,11.37,12.49,0.16,12.18,12.79,0.85,0.35
126425,Sprattus sprattus,M,Area,NA,4.a,2015-2019,172,8.08,0.21,7.67,8.49,8.49,0.15,8.2,8.78,8.9,0.13,8.63,9.16,0.97,0.57
126425,Sprattus sprattus,F,Area,NA,4.a,2015-2019,205,8.89,0.16,8.58,9.2,9.3,0.12,9.07,9.54,9.72,0.14,9.45,9.98,0.97,0.69
126425,Sprattus sprattus,M,Area,NA,3.c.22,2015-2019,101,10.56,0.87,8.86,12.27,13.42,0.73,11.98,14.86,16.27,1.73,12.89,19.66,0.64,0.06
127143,Pleuronectes platessa,F,Area,NA,4.a,2015-2019,296,13.72,2.34,9.14,18.3,19.5,1.52,16.52,22.48,25.27,0.98,23.35,27.19,0.77,0.22
126417,Clupea harengus,F,Area,NA,4.c,2015-2019,621,18.24,0.27,17.72,18.76,19.97,0.21,19.56,20.37,21.69,0.23,21.24,22.14,0.94,0.61
126417,Clupea harengus,M,Area,NA,4.c,2015-2019,614,17.88,0.3,17.3,18.46,19.86,0.23,19.4,20.31,21.83,0.25,21.33,22.33,0.94,0.59
126417,Clupea harengus,M,Area,NA,4.b,2015-2019,4085,20.45,0.08,20.3,20.61,21.86,0.07,21.72,21.99,23.26,0.08,23.1,23.42,0.95,0.67
126417,Clupea harengus,F,Area,NA,4.b,2015-2019,4732,19.86,0.08,19.69,20.02,21.59,0.07,21.45,21.74,23.33,0.09,23.15,23.51,0.93,0.58
126417,Clupea harengus,F,Area,NA,4.a,2015-2019,5231,21.36,0.09,21.18,21.55,22.66,0.07,22.52,22.8,23.96,0.07,23.83,24.09,0.96,0.64
126417,Clupea harengus,M,Area,NA,4.a,2015-2019,5122,21.55,0.09,21.37,21.73,22.82,0.07,22.69,22.95,24.08,0.06,23.96,24.21,0.95,0.62
126417,Clupea harengus,F,Area,NA,3.a.21,2015-2019,2651,21.42,0.14,21.15,21.68,23.42,0.15,23.12,23.72,25.42,0.21,25,25.83,0.93,0.5
126417,Clupea harengus,M,Area,NA,3.a.21,2015-2019,1530,21.19,0.15,20.9,21.47,23.14,0.15,22.86,23.43,25.1,0.21,24.69,25.51,0.9,0.46
126417,Clupea harengus,M,Area,NA,3.a.20,2015-2019,2098,22.6,0.1,22.4,22.8,23.96,0.09,23.78,24.15,25.33,0.13,25.08,25.57,0.94,0.6
126417,Clupea harengus,F,Area,NA,3.a.20,2015-2019,3155,22.82,0.1,22.63,23.02,24.28,0.1,24.09,24.47,25.74,0.13,25.48,25.99,0.96,0.63
126417,Clupea harengus,M,Area,NA,3.c.22,2015-2019,89,19.59,0.59,18.43,20.74,21.76,0.77,20.25,23.27,23.93,1.24,21.49,26.36,0.8,0.22
126417,Clupea harengus,F,Area,NA,3.c.22,2015-2019,161,20.09,0.42,19.27,20.9,21.59,0.52,20.57,22.62,23.1,0.75,21.63,24.57,0.92,0.36
127023,Scomber scombrus,M,Area,NA,4.a,2015-2019,1938,26.56,0.17,26.22,26.89,28.37,0.14,28.1,28.63,30.18,0.15,29.88,30.47,0.96,0.69
127023,Scomber scombrus,F,Area,NA,4.a,2015-2019,1761,25.03,0.19,24.67,25.39,27.03,0.15,26.74,27.32,29.04,0.17,28.7,29.37,0.95,0.64
127023,Scomber scombrus,F,Area,NA,4.b,2015-2019,763,23.39,0.31,22.78,23.99,26.1,0.27,25.58,26.62,28.81,0.34,28.16,29.47,0.91,0.54
127023,Scomber scombrus,M,Area,NA,4.b,2015-2019,826,24.34,0.29,23.77,24.91,26.73,0.23,26.27,27.19,29.12,0.27,28.59,29.66,0.93,0.58
126441,Pollachius virens,F,Area,NA,4.a,2015-2019,1529,49.61,0.42,48.79,50.43,55.23,0.38,54.49,55.97,60.85,0.53,59.82,61.88,0.9,0.49
126441,Pollachius virens,M,Area,NA,4.a,2015-2019,1611,49.37,0.37,48.65,50.08,54.41,0.34,53.74,55.07,59.44,0.48,58.51,60.37,0.9,0.51
127023,Scomber scombrus,M,Area,NA,4.c,2015-2019,36,26.21,1.14,23.96,28.45,28.62,0.89,26.87,30.37,31.03,1.3,28.49,33.57,0.82,0.31
150637,Eutrigla gurnardus,F,Area,NA,4.b,2015-2019,914,13.58,0.46,12.67,14.49,15.34,0.32,14.71,15.96,17.09,0.26,16.59,17.6,0.95,0.4
150637,Eutrigla gurnardus,M,Area,NA,4.b,2015-2019,695,12.04,0.73,10.61,13.48,14.69,0.49,13.73,15.64,17.33,0.33,16.68,17.98,0.85,0.23
150637,Eutrigla gurnardus,M,Area,NA,4.a,2015-2019,217,13,1.14,10.77,15.23,15.25,0.79,13.71,16.8,17.51,0.6,16.34,18.68,0.92,0.33
150637,Eutrigla gurnardus,F,Area,NA,4.a,2015-2019,314,12.61,1.51,9.64,15.57,15.99,1.04,13.95,18.03,19.37,0.73,17.95,20.8,0.87,0.28
127023,Scomber scombrus,F,Area,NA,4.c,2015-2019,35,24.57,0.78,23.04,26.11,26.09,0.63,24.86,27.33,27.61,0.85,25.94,29.28,0.89,0.45
126438,Merlangius merlangus,M,Area,NA,4.a,2020-2024,3114,18.34,0.27,17.82,18.87,20.75,0.2,20.35,21.15,23.16,0.19,22.78,23.53,0.95,0.65
126438,Merlangius merlangus,F,Area,NA,4.a,2020-2024,4687,18.11,0.49,17.15,19.07,23,0.34,22.32,23.67,27.88,0.25,27.4,28.37,0.83,0.36
126438,Merlangius merlangus,F,Area,NA,4.b,2020-2024,4563,15.71,0.18,15.34,16.07,18.51,0.14,18.24,18.78,21.32,0.15,21.03,21.6,0.94,0.57
126438,Merlangius merlangus,M,Area,NA,4.b,2020-2024,3209,12.49,0.26,11.99,13,15.59,0.17,15.25,15.92,18.68,0.15,18.38,18.98,0.87,0.36
126444,Trisopterus esmarkii,F,Area,NA,4.a,2020-2024,2236,11.4,0.11,11.19,11.61,12.25,0.09,12.07,12.44,13.1,0.1,12.9,13.3,0.98,0.81
126444,Trisopterus esmarkii,M,Area,NA,4.a,2020-2024,1346,10.04,0.14,9.76,10.31,11.39,0.11,11.17,11.61,12.75,0.12,12.51,12.98,0.92,0.54
126444,Trisopterus esmarkii,M,Area,NA,4.b,2020-2024,481,8.41,0.43,7.56,9.26,10.45,0.25,9.95,10.94,12.49,0.24,12.02,12.96,0.8,0.22
126444,Trisopterus esmarkii,F,Area,NA,4.b,2020-2024,709,11.2,0.18,10.84,11.56,12.62,0.14,12.35,12.89,14.03,0.18,13.69,14.38,0.89,0.45
126436,Gadus morhua,M,Area,NA,4.c,2020-2024,54,24.1,3.53,17.18,31.03,32.65,3,26.78,38.53,41.21,3.76,33.84,48.57,0.86,0.51
126436,Gadus morhua,F,Area,NA,4.c,2020-2024,92,28.12,2.01,24.18,32.06,34.69,2.14,30.49,38.89,41.26,2.87,35.63,46.9,0.93,0.59
126437,Melanogrammus aeglefinus,F,Area,NA,4.a,2020-2024,5620,24.31,0.21,23.9,24.73,27.21,0.15,26.91,27.51,30.1,0.13,29.84,30.36,0.93,0.57
126437,Melanogrammus aeglefinus,M,Area,NA,4.a,2020-2024,4392,20.7,0.21,20.27,21.12,23.37,0.17,23.04,23.7,26.04,0.16,25.73,26.36,0.96,0.67
126437,Melanogrammus aeglefinus,M,Area,NA,4.b,2020-2024,2885,18.39,0.2,18,18.79,21.14,0.15,20.84,21.43,23.88,0.17,23.55,24.21,0.92,0.51
126437,Melanogrammus aeglefinus,F,Area,NA,4.b,2020-2024,3619,21.53,0.18,21.17,21.88,23.85,0.14,23.57,24.13,26.17,0.15,25.88,26.47,0.96,0.68
126437,Melanogrammus aeglefinus,M,Area,NA,3.a.20,2020-2024,553,23.73,0.64,22.47,24.99,28.88,0.52,27.86,29.91,34.04,0.69,32.69,35.38,0.86,0.42
126437,Melanogrammus aeglefinus,F,Area,NA,3.a.20,2020-2024,798,28.08,0.47,27.15,29.01,31.97,0.38,31.23,32.71,35.86,0.46,34.96,36.76,0.92,0.53
126437,Melanogrammus aeglefinus,F,Area,NA,3.a.21,2020-2024,132,23.18,0.54,22.12,24.25,24.36,0.54,23.3,25.41,25.53,0.64,24.27,26.79,0.98,0.83
126437,Melanogrammus aeglefinus,M,Area,NA,3.a.21,2020-2024,159,17.15,0.85,15.48,18.82,20.98,0.66,19.69,22.27,24.8,1.13,22.59,27.02,0.79,0.23
150637,Eutrigla gurnardus,M,Area,NA,4.b,2020-2024,464,11.38,0.88,9.66,13.09,14.7,0.54,13.63,15.76,18.02,0.39,17.25,18.79,0.8,0.24
150637,Eutrigla gurnardus,F,Area,NA,4.b,2020-2024,550,13.73,0.53,12.69,14.77,15.62,0.37,14.89,16.35,17.52,0.3,16.92,18.11,0.92,0.47
127023,Scomber scombrus,M,Area,NA,4.a,2020-2024,2269,27.97,0.16,27.65,28.29,29.49,0.12,29.26,29.73,31.02,0.12,30.78,31.26,0.97,0.72
127023,Scomber scombrus,F,Area,NA,4.a,2020-2024,2161,26.48,0.18,26.12,26.84,28.33,0.14,28.05,28.61,30.18,0.15,29.89,30.47,0.97,0.7
127023,Scomber scombrus,F,Area,NA,4.b,2020-2024,820,26.86,0.24,26.4,27.33,29.09,0.2,28.69,29.49,31.31,0.27,30.78,31.84,0.91,0.51
127023,Scomber scombrus,M,Area,NA,4.b,2020-2024,750,28.04,0.22,27.6,28.48,29.87,0.18,29.51,30.24,31.7,0.23,31.25,32.16,0.93,0.57
126441,Pollachius virens,M,Area,NA,4.a,2020-2024,825,47.93,0.66,46.64,49.23,54.26,0.55,53.18,55.35,60.59,0.77,59.08,62.11,0.88,0.46
126441,Pollachius virens,F,Area,NA,4.a,2020-2024,797,47.04,0.62,45.82,48.26,52.27,0.49,51.3,53.23,57.49,0.65,56.22,58.75,0.91,0.51
126441,Pollachius virens,F,Area,NA,3.a.20,2020-2024,91,47.74,2.53,42.78,52.7,56.55,2.56,51.53,61.57,65.36,3.8,57.9,72.82,0.87,0.39
126439,Micromesistius poutassou,F,Area,NA,4.a,2020-2024,61,23.68,0.86,21.99,25.36,25.02,0.69,23.67,26.37,26.36,0.72,24.96,27.77,0.97,0.78
126425,Sprattus sprattus,F,Area,NA,3.a.20,2020-2024,1023,10.8,0.12,10.58,11.03,12.21,0.14,11.94,12.48,13.62,0.22,13.2,14.04,0.84,0.27
126425,Sprattus sprattus,F,Area,NA,4.b,2020-2024,3198,6.94,0.13,6.68,7.21,8.26,0.09,8.09,8.43,9.57,0.06,9.45,9.7,0.83,0.25
126425,Sprattus sprattus,M,Area,NA,4.b,2020-2024,2439,5.71,0.25,5.23,6.2,7.54,0.15,7.25,7.83,9.36,0.09,9.19,9.54,0.75,0.13
126425,Sprattus sprattus,M,Area,NA,3.a.20,2020-2024,644,9.69,0.11,9.47,9.91,10.73,0.11,10.52,10.94,11.77,0.15,11.47,12.07,0.86,0.36
126425,Sprattus sprattus,F,Area,NA,3.a.21,2020-2024,1330,10.77,0.12,10.53,11.01,12.38,0.11,12.16,12.59,13.98,0.16,13.66,14.31,0.85,0.34
126425,Sprattus sprattus,M,Area,NA,3.a.21,2020-2024,1017,9.36,0.1,9.17,9.56,10.39,0.08,10.23,10.55,11.41,0.1,11.22,11.61,0.89,0.48
126425,Sprattus sprattus,F,Area,NA,4.c,2020-2024,789,6.56,0.32,5.93,7.19,7.7,0.22,7.27,8.13,8.85,0.15,8.56,9.14,0.84,0.25
126484,Merluccius merluccius,F,Area,NA,3.a.20,2020-2024,136,40.96,1.98,37.08,44.84,47.26,2.05,43.24,51.28,53.56,2.64,48.38,58.74,0.96,0.73
126484,Merluccius merluccius,M,Area,NA,3.a.20,2020-2024,132,29.58,1.43,26.77,32.38,33.7,1.07,31.6,35.79,37.82,1.24,35.38,40.25,0.94,0.56
127143,Pleuronectes platessa,F,Area,NA,4.a,2020-2024,276,10.54,4.42,1.88,19.21,22.54,2,18.63,26.46,34.55,2,30.63,38.46,0.65,0.07
126417,Clupea harengus,F,Area,NA,4.a,2020-2024,4744,21.61,0.09,21.43,21.79,22.82,0.07,22.68,22.95,24.03,0.07,23.89,24.16,0.96,0.64
126417,Clupea harengus,M,Area,NA,4.a,2020-2024,4635,21.61,0.1,21.41,21.8,22.97,0.07,22.82,23.11,24.32,0.07,24.19,24.46,0.95,0.62
126417,Clupea harengus,M,Area,NA,4.b,2020-2024,4983,19.08,0.09,18.89,19.26,21.22,0.08,21.07,21.37,23.36,0.1,23.16,23.56,0.9,0.5
126417,Clupea harengus,F,Area,NA,4.b,2020-2024,4919,19.09,0.09,18.9,19.27,21.26,0.08,21.1,21.41,23.43,0.1,23.22,23.63,0.9,0.5
126417,Clupea harengus,F,Area,NA,3.a.21,2020-2024,2546,20.33,0.12,20.09,20.58,21.92,0.13,21.66,22.18,23.51,0.17,23.17,23.86,0.97,0.66
126417,Clupea harengus,M,Area,NA,3.a.20,2020-2024,2581,22.29,0.09,22.13,22.46,23.48,0.08,23.32,23.64,24.66,0.11,24.45,24.88,0.95,0.63
126417,Clupea harengus,M,Area,NA,3.a.21,2020-2024,1691,19.78,0.12,19.55,20.02,21.19,0.13,20.95,21.44,22.6,0.17,22.27,22.94,0.96,0.63
126417,Clupea harengus,F,Area,NA,3.a.20,2020-2024,3168,22.38,0.09,22.21,22.56,23.79,0.09,23.61,23.97,25.2,0.13,24.96,25.45,0.95,0.59
126417,Clupea harengus,M,Area,NA,4.c,2020-2024,598,17.69,0.32,17.05,18.32,20,0.25,19.52,20.48,22.31,0.29,21.75,22.87,0.9,0.5
126417,Clupea harengus,F,Area,NA,4.c,2020-2024,485,17.66,0.33,17.02,18.3,19.96,0.26,19.44,20.47,22.25,0.34,21.59,22.92,0.9,0.48
126417,Clupea harengus,F,Area,NA,3.c.22,2020-2024,120,18.98,0.35,18.3,19.67,20.06,0.39,19.29,20.82,21.13,0.55,20.04,22.21,0.95,0.55
126417,Clupea harengus,M,Area,NA,3.c.22,2020-2024,71,19.31,0.47,18.39,20.24,20.79,0.6,19.61,21.97,22.27,0.94,20.42,24.11,0.85,0.29
126439,Micromesistius poutassou,M,Area,NA,4.a,2020-2024,57,20.67,0.76,19.17,22.16,22.53,0.82,20.92,24.15,24.4,1.12,22.2,26.6,0.88,0.56
126986,Mullus surmuletus,F,Area,NA,4.c,2020-2024,64,12.19,0.8,10.63,13.75,13.81,0.51,12.81,14.8,15.42,0.56,14.32,16.52,0.84,0.32
126986,Mullus surmuletus,M,Area,NA,4.c,2020-2024,55,13,0.61,11.79,14.2,14.17,0.46,13.28,15.06,15.34,0.51,14.34,16.33,0.91,0.5
126751,Ammodytes marinus,M,Area,NA,4.b,2010-2014,1005,9.54,0.17,9.21,9.88,10.42,0.12,10.19,10.65,11.3,0.1,11.11,11.5,0.93,0.39
126751,Ammodytes marinus,F,Area,NA,4.b,2010-2014,1531,10.94,0.07,10.8,11.07,11.67,0.06,11.55,11.79,12.4,0.08,12.25,12.56,0.96,0.68
126751,Ammodytes marinus,F,Area,NA,4.b,2015-2019,3748,9.29,0.1,9.1,9.48,10.62,0.06,10.5,10.75,11.95,0.06,11.84,12.07,0.86,0.32
126751,Ammodytes marinus,M,Area,NA,4.b,2015-2019,3341,8.13,0.16,7.83,8.44,9.48,0.1,9.28,9.67,10.82,0.07,10.68,10.96,0.86,0.22
126751,Ammodytes marinus,M,Area,NA,4.a,2015-2019,238,11,0.25,10.5,11.49,11.93,0.2,11.54,12.32,12.87,0.23,12.42,13.32,0.95,0.59
126751,Ammodytes marinus,F,Area,NA,4.a,2015-2019,287,12.1,0.22,11.66,12.54,13.25,0.2,12.87,13.64,14.4,0.25,13.91,14.9,0.93,0.59
126751,Ammodytes marinus,M,Area,NA,3.a.20,2015-2019,380,10.71,0.12,10.48,10.94,11.34,0.1,11.14,11.54,11.97,0.12,11.73,12.22,0.95,0.68
126751,Ammodytes marinus,F,Area,NA,3.a.20,2015-2019,443,11.38,0.11,11.17,11.59,11.97,0.1,11.78,12.16,12.55,0.12,12.33,12.78,0.97,0.72
126751,Ammodytes marinus,F,Area,NA,4.b,2020-2024,3597,9.16,0.08,8.99,9.32,10.22,0.06,10.11,10.33,11.28,0.05,11.18,11.39,0.9,0.38
126751,Ammodytes marinus,M,Area,NA,4.b,2020-2024,2923,7.56,0.25,7.06,8.06,8.67,0.18,8.31,9.02,9.78,0.12,9.54,10.01,0.89,0.18
126751,Ammodytes marinus,M,Area,NA,3.a.20,2020-2024,308,10.87,0.16,10.55,11.2,11.37,0.15,11.08,11.66,11.86,0.17,11.53,12.2,0.99,0.85
126751,Ammodytes marinus,F,Area,NA,3.a.20,2020-2024,585,11.55,0.14,11.28,11.82,12.37,0.13,12.12,12.62,13.19,0.15,12.89,13.48,0.97,0.77
126822,Trachurus trachurus,M,Area,NA,9.a,2000-2004,434,18.4,0.23,17.96,18.85,19.21,0.18,18.86,19.56,20.02,0.19,19.65,20.38,0.98,0.73
126822,Trachurus trachurus,F,Area,NA,9.a,2000-2004,433,18.77,0.22,18.33,19.2,19.67,0.17,19.33,20.01,20.57,0.19,20.21,20.94,0.97,0.66
126484,Merluccius merluccius,M,Area,NA,9.a,2000-2004,2006,25.66,0.27,25.14,26.18,30.18,0.24,29.71,30.64,34.7,0.37,33.97,35.42,0.82,0.28
126484,Merluccius merluccius,F,Area,NA,9.a,2000-2004,1942,37.23,0.42,36.41,38.06,42.94,0.59,41.78,44.1,48.65,0.86,46.95,50.34,0.85,0.29
126439,Micromesistius poutassou,M,Area,NA,9.a,2000-2004,330,17.41,0.17,17.08,17.75,18.16,0.14,17.88,18.43,18.9,0.17,18.57,19.23,0.96,0.69
126439,Micromesistius poutassou,F,Area,NA,9.a,2000-2004,384,17.63,0.15,17.35,17.92,18.14,0.12,17.9,18.38,18.65,0.14,18.37,18.93,0.99,0.79
126822,Trachurus trachurus,M,Area,NA,9.a,2005-2009,1265,18.09,0.16,17.77,18.41,19.63,0.12,19.39,19.87,21.18,0.15,20.89,21.46,0.92,0.5
126822,Trachurus trachurus,F,Area,NA,9.a,2005-2009,1329,17.79,0.2,17.39,18.18,19.78,0.14,19.51,20.06,21.78,0.16,21.46,22.1,0.88,0.42
126484,Merluccius merluccius,M,Area,NA,9.a,2005-2009,6800,21.16,0.18,20.82,21.51,25.67,0.12,25.44,25.9,30.17,0.16,29.86,30.49,0.81,0.28
126484,Merluccius merluccius,F,Area,NA,9.a,2005-2009,6799,38.72,0.15,38.42,39.01,41.98,0.17,41.65,42.31,45.25,0.23,44.8,45.7,0.95,0.57
126439,Micromesistius poutassou,M,Area,NA,9.a,2005-2009,1299,19.82,0.13,19.56,20.07,21.14,0.11,20.92,21.35,22.46,0.13,22.2,22.72,0.95,0.64
126439,Micromesistius poutassou,F,Area,NA,9.a,2005-2009,1399,20.08,0.18,19.72,20.43,22.33,0.15,22.04,22.62,24.58,0.2,24.2,24.97,0.89,0.45
126822,Trachurus trachurus,F,Area,NA,9.a,2010-2014,1459,19.11,0.15,18.82,19.4,20.4,0.11,20.18,20.61,21.68,0.12,21.44,21.92,0.95,0.61
126822,Trachurus trachurus,M,Area,NA,9.a,2010-2014,1432,19,0.15,18.7,19.3,20.51,0.12,20.28,20.74,22.01,0.14,21.75,22.28,0.94,0.57
126484,Merluccius merluccius,M,Area,NA,9.a,2010-2014,5677,20.51,0.15,20.21,20.8,23.64,0.1,23.45,23.84,26.78,0.12,26.54,27.02,0.85,0.35
126484,Merluccius merluccius,F,Area,NA,9.a,2010-2014,5646,37.52,0.18,37.17,37.87,41.43,0.2,41.05,41.82,45.35,0.27,44.81,45.88,0.94,0.52
126439,Micromesistius poutassou,M,Area,NA,9.a,2010-2014,1296,18.49,0.11,18.27,18.71,19.64,0.1,19.45,19.83,20.8,0.12,20.57,21.03,0.94,0.64
126439,Micromesistius poutassou,F,Area,NA,9.a,2010-2014,1515,18.53,0.12,18.3,18.76,19.79,0.1,19.59,19.99,21.05,0.12,20.81,21.28,0.94,0.64
126822,Trachurus trachurus,M,Area,NA,9.a,2015-2019,777,17.67,0.19,17.3,18.03,19.22,0.17,18.88,19.56,20.77,0.22,20.33,21.21,0.94,0.64
126822,Trachurus trachurus,F,Area,NA,9.a,2015-2019,938,16.9,0.2,16.52,17.28,18.75,0.17,18.42,19.09,20.61,0.23,20.16,21.05,0.92,0.55
126484,Merluccius merluccius,M,Area,NA,9.a,2015-2019,6430,21.43,0.11,21.21,21.65,24.38,0.08,24.22,24.55,27.33,0.11,27.11,27.56,0.86,0.37
126484,Merluccius merluccius,F,Area,NA,9.a,2015-2019,6402,36.15,0.17,35.82,36.48,40.17,0.19,39.79,40.55,44.2,0.27,43.66,44.74,0.92,0.47
126439,Micromesistius poutassou,M,Area,NA,9.a,2015-2019,1103,17.84,0.16,17.54,18.15,19.84,0.14,19.56,20.12,21.84,0.22,21.4,22.27,0.83,0.31
126439,Micromesistius poutassou,F,Area,NA,9.a,2015-2019,1216,17.17,0.16,16.85,17.49,19.08,0.12,18.84,19.32,20.98,0.17,20.64,21.32,0.84,0.34
126822,Trachurus trachurus,M,Area,NA,9.a,2020-2024,735,16.58,0.19,16.21,16.95,17.61,0.16,17.3,17.93,18.65,0.18,18.29,19.01,0.99,0.84
126822,Trachurus trachurus,F,Area,NA,9.a,2020-2024,701,17.19,0.18,16.84,17.53,18.09,0.15,17.8,18.38,18.99,0.17,18.66,19.32,0.99,0.82
126484,Merluccius merluccius,M,Area,NA,9.a,2020-2024,2776,20.54,0.19,20.18,20.9,23.51,0.13,23.27,23.76,26.49,0.17,26.15,26.82,0.83,0.32
126484,Merluccius merluccius,F,Area,NA,9.a,2020-2024,3111,34.22,0.28,33.67,34.77,39.21,0.36,38.51,39.9,44.2,0.51,43.2,45.2,0.9,0.38
126439,Micromesistius poutassou,F,Area,NA,9.a,2020-2024,685,22.21,0.28,21.66,22.76,24.5,0.19,24.14,24.86,26.79,0.27,26.26,27.33,0.79,0.26
126439,Micromesistius poutassou,M,Area,NA,9.a,2020-2024,476,18.49,0.34,17.82,19.17,19.69,0.24,19.22,20.15,20.88,0.18,20.53,21.24,0.89,0.44
126438,Merlangius merlangus,M,Area,NA,6.a,2010-2014,2026,15.19,0.23,14.74,15.65,17.29,0.17,16.95,17.63,19.39,0.18,19.04,19.74,0.95,0.56
126438,Merlangius merlangus,F,Area,NA,6.a,2010-2014,2254,20.13,0.19,19.76,20.5,21.93,0.15,21.62,22.23,23.72,0.18,23.37,24.08,0.98,0.74
126444,Trisopterus esmarkii,M,Area,NA,6.a,2010-2014,753,8.88,0.3,8.29,9.46,10.61,0.19,10.25,10.97,12.34,0.17,12.01,12.67,0.84,0.27
126444,Trisopterus esmarkii,F,Area,NA,6.a,2010-2014,764,10.2,0.26,9.69,10.7,11.71,0.17,11.38,12.05,13.23,0.17,12.9,13.56,0.89,0.37
126436,Gadus morhua,M,Area,NA,6.a,2010-2014,560,28.17,1.4,25.43,30.91,35.07,0.93,33.25,36.89,41.96,0.83,40.34,43.59,0.88,0.43
126436,Gadus morhua,F,Area,NA,6.a,2010-2014,491,37.16,1.24,34.74,39.59,45.39,0.92,43.59,47.19,53.62,1.16,51.34,55.9,0.88,0.44
126437,Melanogrammus aeglefinus,M,Area,NA,6.a,2010-2014,1884,16.63,0.37,15.91,17.36,19.41,0.27,18.88,19.95,22.19,0.26,21.69,22.69,0.95,0.5
126437,Melanogrammus aeglefinus,F,Area,NA,6.a,2010-2014,3148,21.84,0.27,21.31,22.38,23.93,0.21,23.51,24.34,26.01,0.2,25.61,26.4,0.98,0.69
126417,Clupea harengus,F,Area,NA,6.a,2010-2014,2701,22.02,0.13,21.78,22.27,23.34,0.1,23.15,23.53,24.66,0.1,24.47,24.85,0.97,0.73
126417,Clupea harengus,M,Area,NA,6.a,2010-2014,2724,21.34,0.14,21.06,21.61,22.76,0.1,22.55,22.96,24.18,0.1,23.98,24.37,0.97,0.72
127023,Scomber scombrus,M,Area,NA,6.a,2010-2014,881,25.46,0.22,25.03,25.9,27.16,0.19,26.78,27.54,28.86,0.24,28.39,29.33,0.96,0.7
127023,Scomber scombrus,F,Area,NA,6.a,2010-2014,866,24.76,0.23,24.3,25.22,26.75,0.2,26.35,27.15,28.74,0.26,28.23,29.25,0.94,0.63
126441,Pollachius virens,M,Area,NA,6.a,2010-2014,483,36.57,1.04,34.52,38.62,43.39,0.72,41.97,44.81,50.22,0.98,48.3,52.13,0.86,0.37
126441,Pollachius virens,F,Area,NA,6.a,2010-2014,423,41.32,0.83,39.69,42.95,46.72,0.7,45.34,48.09,52.11,0.97,50.21,54.02,0.91,0.52
126438,Merlangius merlangus,M,Area,NA,6.a,2015-2019,2357,15.21,0.23,14.76,15.66,17.18,0.17,16.85,17.5,19.14,0.16,18.83,19.45,0.95,0.53
126438,Merlangius merlangus,F,Area,NA,6.a,2015-2019,2546,20.24,0.18,19.89,20.6,22.09,0.15,21.8,22.37,23.93,0.17,23.61,24.25,0.98,0.72
126444,Trisopterus esmarkii,F,Area,NA,6.a,2015-2019,847,10.45,0.18,10.1,10.8,11.65,0.12,11.4,11.89,12.85,0.13,12.59,13.11,0.91,0.44
126444,Trisopterus esmarkii,M,Area,NA,6.a,2015-2019,754,8.05,0.36,7.34,8.77,9.77,0.23,9.32,10.21,11.48,0.17,11.15,11.81,0.83,0.23
126436,Gadus morhua,F,Area,NA,6.a,2015-2019,751,27.39,2.39,22.71,32.07,43.03,1.45,40.18,45.88,58.66,1.45,55.83,61.5,0.8,0.24
126436,Gadus morhua,M,Area,NA,6.a,2015-2019,726,15.96,3.6,8.92,23.01,29.13,2.28,24.66,33.59,42.29,1.4,39.55,45.03,0.77,0.18
126437,Melanogrammus aeglefinus,F,Area,NA,6.a,2015-2019,3964,20.74,0.19,20.37,21.12,22.91,0.16,22.61,23.22,25.08,0.17,24.75,25.41,0.98,0.74
126437,Melanogrammus aeglefinus,M,Area,NA,6.a,2015-2019,3020,16.55,0.22,16.12,16.99,19.09,0.16,18.77,19.42,21.63,0.17,21.29,21.97,0.94,0.54
126484,Merluccius merluccius,M,Area,NA,6.a,2015-2019,134,20.46,3.48,13.64,27.27,27.69,2.39,23.01,32.37,34.92,1.95,31.1,38.74,0.87,0.44
126484,Merluccius merluccius,F,Area,NA,6.a,2015-2019,114,52.15,2.36,47.53,56.78,60.17,2.03,56.19,64.16,68.19,2.69,62.93,73.46,0.91,0.54
126417,Clupea harengus,F,Area,NA,6.a,2015-2019,2286,21.24,0.12,21,21.48,22.11,0.1,21.92,22.3,22.98,0.1,22.79,23.18,0.99,0.85
126417,Clupea harengus,M,Area,NA,6.a,2015-2019,2386,20.55,0.14,20.27,20.83,21.71,0.11,21.5,21.93,22.88,0.11,22.67,23.09,0.98,0.79
127023,Scomber scombrus,F,Area,NA,6.a,2015-2019,663,25.86,0.23,25.42,26.3,27.42,0.21,27,27.84,28.98,0.27,28.44,29.52,0.96,0.69
127023,Scomber scombrus,M,Area,NA,6.a,2015-2019,637,26.05,0.23,25.59,26.51,27.58,0.21,27.16,27.99,29.1,0.27,28.58,29.63,0.96,0.7
126441,Pollachius virens,M,Area,NA,6.a,2015-2019,464,27.38,4.58,18.4,36.37,49.27,1.93,45.48,53.06,71.16,5.16,61.05,81.28,0.59,0.06
126441,Pollachius virens,F,Area,NA,6.a,2015-2019,509,39.92,1.63,36.73,43.11,51.96,1.11,49.78,54.13,63.99,2.11,59.85,68.13,0.71,0.17
126438,Merlangius merlangus,F,Area,NA,6.a,2020-2024,2221,19.03,0.2,18.64,19.42,20.76,0.15,20.46,21.06,22.49,0.17,22.16,22.81,0.98,0.69
126438,Merlangius merlangus,M,Area,NA,6.a,2020-2024,2032,15.52,0.24,15.04,16,17.72,0.18,17.38,18.07,19.93,0.17,19.59,20.27,0.94,0.5
126444,Trisopterus esmarkii,M,Area,NA,6.a,2020-2024,743,9.35,0.21,8.94,9.76,10.56,0.14,10.29,10.82,11.76,0.13,11.51,12.02,0.87,0.33
126444,Trisopterus esmarkii,F,Area,NA,6.a,2020-2024,777,9.85,0.21,9.43,10.26,11,0.14,10.72,11.28,12.16,0.13,11.9,12.42,0.91,0.39
126436,Gadus morhua,F,Area,NA,6.a,2020-2024,327,30.75,2.64,25.57,35.93,43.63,1.64,40.41,46.85,56.5,1.96,52.67,60.34,0.8,0.26
126436,Gadus morhua,M,Area,NA,6.a,2020-2024,317,19.43,3.92,11.74,27.12,30.8,2.39,26.11,35.49,42.17,1.64,38.96,45.37,0.78,0.21
126437,Melanogrammus aeglefinus,F,Area,NA,6.a,2020-2024,4065,19.72,0.21,19.31,20.13,21.75,0.16,21.43,22.06,23.77,0.15,23.47,24.08,0.97,0.67
126437,Melanogrammus aeglefinus,M,Area,NA,6.a,2020-2024,2666,16.67,0.24,16.21,17.14,19.28,0.18,18.94,19.62,21.89,0.18,21.54,22.24,0.94,0.52
126417,Clupea harengus,M,Area,NA,6.a,2020-2024,1960,20.14,0.13,19.88,20.4,21.24,0.1,21.03,21.44,22.33,0.11,22.12,22.54,0.98,0.78
126417,Clupea harengus,F,Area,NA,6.a,2020-2024,1788,20.28,0.15,19.98,20.57,21.46,0.11,21.24,21.68,22.65,0.11,22.43,22.87,0.97,0.72
127023,Scomber scombrus,M,Area,NA,6.a,2020-2024,698,25.86,0.23,25.41,26.3,27.27,0.2,26.88,27.65,28.67,0.24,28.21,29.14,0.97,0.74
127023,Scomber scombrus,F,Area,NA,6.a,2020-2024,695,26.17,0.22,25.75,26.6,27.69,0.2,27.3,28.08,29.2,0.26,28.69,29.71,0.96,0.7
126441,Pollachius virens,F,Area,NA,6.a,2020-2024,160,35.52,4.23,27.24,43.81,51.38,2.58,46.31,56.44,67.23,3.97,59.46,75.01,0.75,0.2
126484,Merluccius merluccius,F,Area,NA,8.c,2000-2004,758,37.99,0.74,36.55,39.44,44.33,0.99,42.38,46.28,50.67,1.44,47.84,53.49,0.89,0.32
126484,Merluccius merluccius,M,Area,NA,8.c,2000-2004,759,28.17,0.45,27.28,29.05,32.22,0.38,31.47,32.97,36.27,0.49,35.31,37.24,0.91,0.5
127145,Lepidorhombus boscii,F,Area,NA,8.c,2000-2004,423,19.53,0.28,18.99,20.08,20.14,0.21,19.71,20.56,20.74,0.22,20.31,21.17,1,0.91
127145,Lepidorhombus boscii,F,Area,NA,9.a,2000-2004,117,18.69,0.52,17.66,19.71,19.4,0.43,18.55,20.25,20.11,0.42,19.3,20.93,1,0.9
126822,Trachurus trachurus,F,Area,NA,8.c,2005-2009,227,22.05,0.53,21,23.09,24.02,0.42,23.19,24.84,25.99,0.45,25.1,26.87,0.94,0.64
126822,Trachurus trachurus,M,Area,NA,8.c,2005-2009,283,21.1,0.46,20.19,22,22.9,0.37,22.18,23.62,24.7,0.4,23.92,25.48,0.95,0.64
126484,Merluccius merluccius,M,Area,NA,8.c,2005-2009,1354,29.5,0.31,28.9,30.1,32.78,0.3,32.2,33.36,36.06,0.37,35.33,36.79,0.95,0.66
126484,Merluccius merluccius,F,Area,NA,8.c,2005-2009,1107,47.83,0.74,46.38,49.29,52.96,0.92,51.15,54.76,58.09,1.26,55.62,60.55,0.94,0.47
126555,Lophius piscatorius,M,Area,NA,8.c,2005-2009,431,42.88,0.86,41.19,44.56,46.53,0.82,44.93,48.14,50.19,1.01,48.21,52.18,0.99,0.79
126555,Lophius piscatorius,F,Area,NA,8.c,2005-2009,377,61.79,2.44,57.01,66.58,73.23,2.72,67.9,78.56,84.67,3.54,77.73,91.61,0.96,0.52
126554,Lophius budegassa,F,Area,NA,8.c,2005-2009,97,52.09,2.56,47.06,57.11,61.01,2.88,55.37,66.65,69.93,4.22,61.66,78.21,0.87,0.37
126554,Lophius budegassa,M,Area,NA,8.c,2005-2009,67,30.72,0.94,28.88,32.55,32.34,0.79,30.8,33.89,33.97,0.92,32.18,35.77,0.98,0.78
126445,Trisopterus luscus,M,Area,NA,8.c,2005-2009,139,19.17,1.13,16.96,21.39,21.64,0.74,20.2,23.08,24.1,0.57,23,25.21,0.84,0.33
126445,Trisopterus luscus,F,Area,NA,8.c,2005-2009,87,20.45,1.75,17.02,23.88,23.74,1.16,21.46,26.02,27.04,0.93,25.2,28.87,0.86,0.35
127145,Lepidorhombus boscii,F,Area,NA,8.c,2005-2009,498,17.94,0.33,17.29,18.59,18.91,0.26,18.39,19.42,19.87,0.28,19.32,20.43,0.99,0.8
127145,Lepidorhombus boscii,M,Area,NA,8.c,2005-2009,167,18.05,0.17,17.71,18.38,18.4,0.16,18.09,18.72,18.76,0.2,18.38,19.14,0.99,0.92
127145,Lepidorhombus boscii,F,Area,NA,9.a,2005-2009,264,18.45,0.28,17.9,19.01,19.14,0.23,18.7,19.59,19.83,0.24,19.36,20.31,0.99,0.85
126822,Trachurus trachurus,F,Area,NA,8.c,2010-2014,543,17.76,0.47,16.83,18.68,20.05,0.36,19.34,20.76,22.34,0.4,21.55,23.13,0.96,0.57
126822,Trachurus trachurus,M,Area,NA,8.c,2010-2014,530,17.12,0.64,15.86,18.39,19.24,0.48,18.31,20.17,21.36,0.48,20.42,22.3,0.97,0.54
126484,Merluccius merluccius,F,Area,NA,8.c,2010-2014,1256,49.22,0.8,47.66,50.79,57.34,1.13,55.12,59.55,65.45,1.65,62.21,68.68,0.88,0.28
126484,Merluccius merluccius,M,Area,NA,8.c,2010-2014,1488,25.59,0.29,25.03,26.15,28.69,0.25,28.2,29.18,31.79,0.31,31.19,32.39,0.95,0.64
126555,Lophius piscatorius,F,Area,NA,8.c,2010-2014,163,50.92,1.46,48.05,53.79,54.39,1.51,51.44,57.34,57.86,1.91,54.12,61.6,0.99,0.87
126555,Lophius piscatorius,M,Area,NA,8.c,2010-2014,125,41.77,1.25,39.33,44.22,45.79,1.07,43.7,47.89,49.81,1.37,47.12,52.51,0.95,0.62
126554,Lophius budegassa,F,Area,NA,8.c,2010-2014,153,45.95,0.95,44.1,47.81,48.44,0.86,46.75,50.12,50.92,1.14,48.69,53.15,0.98,0.76
126554,Lophius budegassa,M,Area,NA,8.c,2010-2014,136,31.08,0.67,29.76,32.4,33.07,0.64,31.82,34.31,35.05,0.79,33.5,36.61,0.97,0.75
127145,Lepidorhombus boscii,F,Area,NA,8.c,2010-2014,1099,18.85,0.21,18.44,19.25,19.71,0.16,19.39,20.04,20.58,0.18,20.23,20.93,0.99,0.84
127145,Lepidorhombus boscii,M,Area,NA,8.c,2010-2014,536,18.2,0.09,18.03,18.38,18.53,0.09,18.36,18.7,18.86,0.11,18.66,19.07,1,0.94
127145,Lepidorhombus boscii,F,Area,NA,9.a,2010-2014,385,18.34,0.3,17.75,18.94,19.16,0.23,18.7,19.61,19.97,0.23,19.52,20.42,0.99,0.84
126822,Trachurus trachurus,F,Area,NA,8.c,2015-2019,604,18.19,0.34,17.53,18.86,20.18,0.27,19.65,20.7,22.16,0.29,21.59,22.73,0.95,0.64
126822,Trachurus trachurus,M,Area,NA,8.c,2015-2019,610,18.84,0.31,18.24,19.45,20.5,0.25,20.01,20.99,22.16,0.27,21.63,22.69,0.97,0.68
126555,Lophius piscatorius,F,Area,NA,8.c,2015-2019,55,50.64,3.3,44.16,57.11,56.93,3.05,50.96,62.91,63.23,3.72,55.95,70.51,0.97,0.73
126555,Lophius piscatorius,M,Area,NA,8.c,2015-2019,72,41.73,1.33,39.12,44.34,44.11,1.07,42.02,46.2,46.49,1.33,43.87,49.1,0.97,0.74
126554,Lophius budegassa,F,Area,NA,8.c,2015-2019,94,45.72,1.3,43.17,48.26,48.42,1.23,46,50.84,51.12,1.53,48.12,54.12,0.99,0.81
127145,Lepidorhombus boscii,M,Area,NA,8.c,2015-2019,511,18.04,0.09,17.87,18.21,18.31,0.08,18.15,18.47,18.58,0.1,18.38,18.77,1,0.94
127145,Lepidorhombus boscii,F,Area,NA,8.c,2015-2019,1132,18.11,0.21,17.7,18.53,19.04,0.17,18.7,19.39,19.97,0.19,19.61,20.34,0.99,0.84
127145,Lepidorhombus boscii,F,Area,NA,9.a,2015-2019,360,17.67,0.32,17.04,18.3,18.76,0.26,18.25,19.27,19.85,0.28,19.29,20.4,0.99,0.77
126822,Trachurus trachurus,M,Area,NA,8.c,2020-2024,271,15.39,0.74,13.94,16.83,18.91,0.58,17.77,20.06,22.44,0.77,20.93,23.95,0.89,0.47
126822,Trachurus trachurus,F,Area,NA,8.c,2020-2024,280,13.58,0.89,11.85,15.32,16.97,0.56,15.87,18.07,20.36,0.72,18.96,21.77,0.86,0.36
126555,Lophius piscatorius,M,Area,NA,8.c,2020-2024,91,42.74,1.37,40.05,45.42,46.96,1.46,44.1,49.82,51.18,2.06,47.15,55.22,0.95,0.57
127251,Helicolenus dactylopterus,M,Area,NA,8.c,2020-2024,108,14.9,5.6,3.93,25.87,29.11,2.67,23.87,34.35,43.33,6.89,29.82,56.84,0.64,0.06
127251,Helicolenus dactylopterus,F,Area,NA,8.c,2020-2024,72,25.88,2.25,21.48,30.29,34.37,3.69,27.15,41.6,42.86,6.91,29.32,56.41,0.69,0.09
127145,Lepidorhombus boscii,F,Area,NA,8.c,2020-2024,842,14.36,0.94,12.53,16.2,20.01,0.58,18.87,21.15,25.66,0.47,24.74,26.58,0.77,0.25
127145,Lepidorhombus boscii,M,Area,NA,8.c,2020-2024,374,20.59,0.46,19.69,21.49,23.74,0.55,22.67,24.81,26.89,0.8,25.32,28.47,0.9,0.36
127145,Lepidorhombus boscii,F,Area,NA,9.a,2020-2024,352,16.81,0.6,15.63,17.99,19.49,0.43,18.64,20.34,22.17,0.41,21.36,22.97,0.89,0.52
127145,Lepidorhombus boscii,M,Area,NA,9.a,2020-2024,171,21.39,0.68,20.05,22.73,23.96,1.07,21.86,26.06,26.53,1.6,23.4,29.66,0.83,0.17
126484,Merluccius merluccius,M,Area,NA,7.c.2,2005-2009,313,40.5,0.96,38.61,42.38,45.18,1.01,43.2,47.16,49.86,1.35,47.22,52.51,0.96,0.59
126484,Merluccius merluccius,F,Area,NA,7.c.2,2005-2009,407,59.04,1.13,56.82,61.25,64.34,1.21,61.97,66.7,69.64,1.69,66.33,72.95,0.96,0.5
126554,Lophius budegassa,M,Area,NA,7.c.2,2005-2009,58,36.67,1.16,34.4,38.94,38.7,0.88,36.97,40.42,40.72,1.05,38.67,42.77,0.95,0.63
126554,Lophius budegassa,F,Area,NA,7.c.2,2005-2009,52,48.76,2.78,43.32,54.2,54.29,2.18,50.03,58.56,59.83,2.52,54.89,64.76,0.93,0.57
127146,Lepidorhombus whiffiagonis,F,Area,NA,7.c.2,2005-2009,376,22.34,0.41,21.54,23.13,23.29,0.31,22.69,23.9,24.25,0.3,23.66,24.84,0.99,0.81
127146,Lepidorhombus whiffiagonis,M,Area,NA,7.c.2,2005-2009,120,17.95,0.35,17.26,18.64,18.9,0.36,18.18,19.61,19.84,0.49,18.89,20.8,0.97,0.77
126460,Molva macrophthalma,F,Area,NA,7.k.2,2005-2009,54,70.22,2.76,64.81,75.64,76.73,2.14,72.54,80.91,83.24,2.88,77.6,88.88,0.87,0.42
126460,Molva macrophthalma,M,Area,NA,7.k.2,2005-2009,46,59.87,3.22,53.57,66.18,66.96,2.31,62.43,71.49,74.04,3.17,67.82,80.26,0.82,0.32
127251,Helicolenus dactylopterus,F,Area,NA,7.c.2,2010-2014,216,29.51,1.25,27.06,31.97,35.03,2.1,30.91,39.15,40.55,3.19,34.29,46.8,0.76,0.16
127251,Helicolenus dactylopterus,F,Area,NA,7.k.2,2015-2019,219,32.01,0.96,30.13,33.9,35.65,1.43,32.86,38.45,39.29,2.07,35.23,43.36,0.88,0.23
126484,Merluccius merluccius,M,Area,NA,7.c.2,2015-2019,58,33.04,1.78,29.56,36.52,36.96,1.52,33.97,39.95,40.88,2.08,36.8,44.96,0.94,0.6
126484,Merluccius merluccius,F,Area,NA,7.c.2,2015-2019,67,56.77,5.39,46.2,67.33,61.88,3.91,54.22,69.54,67,2.97,61.18,72.82,0.98,0.83
127146,Lepidorhombus whiffiagonis,F,Area,NA,7.c.2,2020-2024,268,17.39,0.49,16.44,18.34,19.38,0.58,18.25,20.51,21.36,0.82,19.76,22.96,0.98,0.79
127146,Lepidorhombus whiffiagonis,M,Area,NA,7.c.2,2020-2024,95,17.34,0.42,16.51,18.17,18.28,0.47,17.35,19.2,19.21,0.63,17.99,20.44,0.98,0.78
126554,Lophius budegassa,F,Area,NA,7.c.2,2020-2024,88,43.54,1.33,40.94,46.14,45.83,1.14,43.6,48.06,48.12,1.38,45.42,50.81,0.99,0.83
126554,Lophius budegassa,M,Area,NA,7.c.2,2020-2024,97,34.27,0.89,32.52,36.02,36.22,0.76,34.73,37.72,38.17,0.88,36.44,39.91,0.98,0.78
127251,Helicolenus dactylopterus,M,Area,NA,7.k.2,2020-2024,245,22.16,1.07,20.06,24.25,27.64,0.77,26.14,29.15,33.13,1.03,31.11,35.15,0.81,0.3
127251,Helicolenus dactylopterus,F,Area,NA,7.k.2,2020-2024,122,28.98,1.03,26.97,30.99,33.21,1.39,30.49,35.93,37.45,2.2,33.12,41.77,0.83,0.22
126438,Merlangius merlangus,F,Area,NA,7.a,2000-2004,1239,18.51,0.18,18.17,18.86,19.84,0.15,19.54,20.13,21.16,0.18,20.81,21.5,0.98,0.79
126438,Merlangius merlangus,M,Area,NA,7.a,2000-2004,1081,15.3,0.2,14.92,15.69,17.04,0.15,16.74,17.34,18.78,0.18,18.43,19.13,0.93,0.57
126438,Merlangius merlangus,F,Area,NA,6.a,2000-2004,3895,19.94,0.12,19.71,20.18,21.44,0.1,21.25,21.64,22.94,0.11,22.73,23.16,0.98,0.76
126438,Merlangius merlangus,M,Area,NA,6.a,2000-2004,3576,16.74,0.13,16.49,16.99,18.39,0.1,18.2,18.59,20.04,0.11,19.83,20.25,0.96,0.65
126444,Trisopterus esmarkii,F,Area,NA,7.a,2000-2004,255,12.45,0.23,12,12.89,13.69,0.21,13.28,14.1,14.94,0.29,14.37,15.5,0.9,0.5
126444,Trisopterus esmarkii,M,Area,NA,7.a,2000-2004,161,12.11,0.39,11.34,12.88,14.06,0.38,13.32,14.79,16.01,0.58,14.87,17.14,0.81,0.31
126444,Trisopterus esmarkii,F,Area,NA,6.a,2000-2004,1498,12.09,0.12,11.87,12.32,13.42,0.09,13.23,13.6,14.74,0.11,14.52,14.96,0.91,0.53
126444,Trisopterus esmarkii,M,Area,NA,6.a,2000-2004,1360,10.3,0.21,9.89,10.71,12.59,0.13,12.33,12.85,14.88,0.18,14.54,15.23,0.79,0.25
126436,Gadus morhua,F,Area,NA,7.a,2000-2004,191,38.59,1.38,35.88,41.29,43.4,1.11,41.22,45.57,48.2,1.33,45.59,50.81,0.96,0.67
126436,Gadus morhua,M,Area,NA,7.a,2000-2004,272,32.27,1.6,29.14,35.4,37.18,1.13,34.96,39.4,42.09,1.02,40.1,44.08,0.93,0.6
126436,Gadus morhua,M,Area,NA,6.a,2000-2004,272,28.14,2.09,24.04,32.23,33.94,1.47,31.07,36.82,39.75,1.25,37.31,42.19,0.93,0.55
126436,Gadus morhua,F,Area,NA,6.a,2000-2004,269,35.99,1.42,33.2,38.77,41.25,1.07,39.16,43.34,46.51,1.18,44.2,48.82,0.95,0.62
126437,Melanogrammus aeglefinus,M,Area,NA,6.a,2000-2004,4215,18.32,0.12,18.09,18.55,20.09,0.1,19.9,20.28,21.86,0.11,21.65,22.07,0.96,0.67
126437,Melanogrammus aeglefinus,F,Area,NA,6.a,2000-2004,5531,21.44,0.11,21.22,21.66,22.98,0.09,22.8,23.16,24.52,0.1,24.33,24.72,0.98,0.77
126437,Melanogrammus aeglefinus,M,Area,NA,7.a,2000-2004,678,18.62,0.33,17.97,19.27,20.91,0.28,20.36,21.47,23.21,0.36,22.51,23.92,0.95,0.64
126437,Melanogrammus aeglefinus,F,Area,NA,7.a,2000-2004,510,22.71,0.44,21.85,23.57,24.52,0.38,23.76,25.27,26.33,0.43,25.48,27.17,0.99,0.85
126417,Clupea harengus,F,Area,NA,6.a,2000-2004,4530,21.73,0.06,21.61,21.85,22.44,0.05,22.34,22.53,23.14,0.05,23.04,23.25,0.99,0.83
126417,Clupea harengus,M,Area,NA,6.a,2000-2004,4679,21.47,0.07,21.33,21.61,22.31,0.05,22.2,22.41,23.15,0.06,23.04,23.26,0.98,0.8
126417,Clupea harengus,M,Area,NA,7.a,2000-2004,1149,20.8,0.13,20.56,21.05,21.62,0.11,21.4,21.84,22.44,0.14,22.17,22.72,0.98,0.76
126417,Clupea harengus,F,Area,NA,7.a,2000-2004,1038,21.53,0.11,21.33,21.74,22.13,0.1,21.94,22.32,22.72,0.12,22.49,22.96,0.99,0.81
126441,Pollachius virens,F,Area,NA,6.a,2000-2004,242,39.96,0.74,38.51,41.4,43.48,0.55,42.41,44.56,47.01,0.8,45.43,48.58,0.88,0.42
126441,Pollachius virens,M,Area,NA,6.a,2000-2004,286,36.65,0.87,34.93,38.36,40.42,0.55,39.35,41.5,44.2,0.72,42.79,45.62,0.86,0.35
126438,Merlangius merlangus,M,Area,NA,7.b,2000-2004,235,18.02,0.6,16.84,19.2,19.35,0.45,18.47,20.24,20.69,0.41,19.88,21.49,0.97,0.63
126438,Merlangius merlangus,F,Area,NA,7.b,2000-2004,219,20.05,0.52,19.03,21.08,21.17,0.43,20.33,22.01,22.29,0.5,21.31,23.27,0.99,0.76
126444,Trisopterus esmarkii,M,Area,NA,7.b,2000-2004,55,12.39,0.55,11.3,13.47,13.59,0.44,12.72,14.45,14.79,0.5,13.8,15.77,0.91,0.55
126444,Trisopterus esmarkii,F,Area,NA,7.b,2000-2004,84,12.52,0.44,11.66,13.38,13.54,0.42,12.72,14.36,14.56,0.5,13.58,15.55,0.96,0.74
126437,Melanogrammus aeglefinus,M,Area,NA,7.b,2000-2004,287,19.1,0.53,18.06,20.14,21.2,0.42,20.38,22.01,23.29,0.45,22.4,24.18,0.95,0.64
126437,Melanogrammus aeglefinus,F,Area,NA,7.b,2000-2004,299,22.09,0.36,21.39,22.8,23.12,0.3,22.52,23.71,24.14,0.35,23.45,24.84,0.99,0.83
126438,Merlangius merlangus,F,Area,NA,6.a,2005-2009,2191,18.98,0.18,18.62,19.34,20.63,0.15,20.33,20.93,22.28,0.17,21.95,22.61,0.98,0.76
126438,Merlangius merlangus,M,Area,NA,6.a,2005-2009,2171,15.2,0.22,14.77,15.63,17.21,0.17,16.89,17.54,19.23,0.17,18.9,19.55,0.95,0.58
126444,Trisopterus esmarkii,M,Area,NA,6.a,2005-2009,932,11.11,0.18,10.76,11.45,12.85,0.14,12.59,13.12,14.6,0.17,14.26,14.94,0.85,0.39
126444,Trisopterus esmarkii,F,Area,NA,6.a,2005-2009,955,12.01,0.15,11.72,12.29,13.32,0.12,13.09,13.55,14.63,0.15,14.35,14.92,0.91,0.51
126436,Gadus morhua,M,Area,NA,6.a,2005-2009,182,31.89,1.86,28.24,35.53,37.8,1.22,35.42,40.19,43.72,1.25,41.28,46.16,0.87,0.4
126436,Gadus morhua,F,Area,NA,6.a,2005-2009,239,31.51,2.07,27.46,35.56,39.77,1.4,37.02,42.51,48.02,1.53,45.03,51.01,0.87,0.39
126437,Melanogrammus aeglefinus,M,Area,NA,6.a,2005-2009,2992,17.2,0.25,16.71,17.69,19.6,0.19,19.24,19.97,22.01,0.18,21.66,22.35,0.95,0.54
126437,Melanogrammus aeglefinus,F,Area,NA,6.a,2005-2009,4097,21.57,0.2,21.19,21.96,23.3,0.15,23.01,23.59,25.04,0.14,24.77,25.31,0.98,0.69
126417,Clupea harengus,M,Area,NA,7.a,2005-2009,393,21.66,0.26,21.15,22.18,22.8,0.26,22.29,23.31,23.94,0.35,23.25,24.62,0.97,0.6
126417,Clupea harengus,F,Area,NA,7.a,2005-2009,349,21.64,0.22,21.2,22.08,22.44,0.21,22.02,22.86,23.23,0.27,22.7,23.76,0.98,0.73
126417,Clupea harengus,M,Area,NA,6.a,2005-2009,3894,21.76,0.09,21.59,21.93,22.71,0.07,22.59,22.84,23.67,0.06,23.54,23.79,0.98,0.76
126417,Clupea harengus,F,Area,NA,6.a,2005-2009,3768,22.16,0.08,22.01,22.32,22.98,0.06,22.86,23.1,23.8,0.06,23.67,23.92,0.98,0.8
127023,Scomber scombrus,F,Area,NA,6.a,2005-2009,1741,23.57,0.15,23.27,23.87,25.07,0.13,24.82,25.33,26.57,0.15,26.27,26.87,0.97,0.73
127023,Scomber scombrus,M,Area,NA,6.a,2005-2009,1843,23.96,0.14,23.68,24.23,25.26,0.11,25.03,25.48,26.56,0.13,26.3,26.82,0.98,0.76
126441,Pollachius virens,F,Area,NA,6.a,2005-2009,218,39.7,0.83,38.06,41.33,42.95,0.65,41.67,44.22,46.2,0.85,44.52,47.87,0.93,0.55
126441,Pollachius virens,M,Area,NA,6.a,2005-2009,236,35.64,1.49,32.71,38.56,41.13,0.98,39.2,43.05,46.62,1.21,44.25,48.99,0.9,0.44
126437,Melanogrammus aeglefinus,M,Area,NA,7.b,2005-2009,194,22.09,0.69,20.75,23.44,23.81,0.56,22.72,24.89,25.52,0.56,24.41,26.62,0.98,0.78
126437,Melanogrammus aeglefinus,F,Area,NA,7.b,2005-2009,207,24,0.54,22.94,25.05,25.15,0.43,24.31,25.99,26.3,0.46,25.41,27.2,0.99,0.84
